[SingleMachinePeriodEnv v1.1-SM] Loading single-machine period-aware environment...
inst_seed=3055531 eps=220 min_eps=173 loads=[0;1;15;38;173] u=[6;5;4;4;2] guided(E=977.00,mk=220,t=1.63s)
inst_seed=3055531 eps=219 min_eps=173 loads=[0;1;15;38;173] u=[6;5;4;4;2] guided(E=981.00,mk=219,t=1.60s)
inst_seed=3055531 eps=218 min_eps=173 loads=[0;1;15;38;173] u=[6;5;4;4;2] guided(E=981.00,mk=218,t=1.54s)
inst_seed=3055531 eps=217 min_eps=173 loads=[0;1;15;38;173] u=[6;5;4;4;2] guided(E=985.00,mk=217,t=1.55s)
inst_seed=3055531 eps=216 min_eps=173 loads=[0;1;15;38;173] u=[6;5;4;4;2] guided(E=985.00,mk=216,t=1.52s)
inst_seed=3055531 eps=215 min_eps=173 loads=[0;1;15;38;173] u=[6;5;4;4;2] guided(E=993.00,mk=215,t=1.59s)
inst_seed=3055531 eps=214 min_eps=173 loads=[0;1;15;38;173] u=[6;5;4;4;2] guided(E=1013.00,mk=214,t=1.47s)
inst_seed=3055531 eps=213 min_eps=173 loads=[0;1;15;38;173] u=[6;5;4;4;2] guided(E=1029.00,mk=213,t=1.57s)
inst_seed=3055531 eps=212 min_eps=173 loads=[0;1;15;38;173] u=[6;5;4;4;2] guided(E=1037.00,mk=212,t=1.45s)
inst_seed=3055531 eps=211 min_eps=173 loads=[0;1;15;38;173] u=[6;5;4;4;2] guided(E=1037.00,mk=211,t=1.43s)
inst_seed=3055531 eps=210 min_eps=173 loads=[0;1;15;38;173] u=[6;5;4;4;2] guided(E=1037.00,mk=210,t=1.37s)
inst_seed=3055531 eps=209 min_eps=173 loads=[0;1;15;38;173] u=[6;5;4;4;2] guided(E=1041.00,mk=209,t=1.48s)
inst_seed=3055531 eps=208 min_eps=173 loads=[0;1;15;38;173] u=[6;5;4;4;2] guided(E=1041.00,mk=208,t=1.41s)
inst_seed=3055531 eps=207 min_eps=173 loads=[0;1;15;38;173] u=[6;5;4;4;2] guided(E=1041.00,mk=207,t=1.45s)
inst_seed=3055531 eps=206 min_eps=173 loads=[0;1;15;38;173] u=[6;5;4;4;2] guided(E=1041.00,mk=206,t=1.41s)
inst_seed=3055531 eps=205 min_eps=173 loads=[0;1;15;38;173] u=[6;5;4;4;2] guided(E=1041.00,mk=205,t=1.27s)
inst_seed=3055531 eps=204 min_eps=173 loads=[0;1;15;38;173] u=[6;5;4;4;2] guided(E=1029.00,mk=204,t=1.34s)
inst_seed=3055531 eps=203 min_eps=173 loads=[0;1;15;38;173] u=[6;5;4;4;2] guided(E=1031.00,mk=203,t=1.48s)
inst_seed=3055531 eps=202 min_eps=173 loads=[0;1;15;38;173] u=[6;5;4;4;2] guided(E=1037.00,mk=202,t=1.45s)
inst_seed=3055531 eps=201 min_eps=173 loads=[0;1;15;38;173] u=[6;5;4;4;2] guided(E=1039.00,mk=201,t=1.38s)
inst_seed=3055531 eps=200 min_eps=173 loads=[0;1;15;38;173] u=[6;5;4;4;2] guided(E=1041.00,mk=200,t=1.39s)
inst_seed=3055531 eps=199 min_eps=173 loads=[0;1;15;38;173] u=[6;5;4;4;2] guided(E=1045.00,mk=199,t=1.37s)
inst_seed=3055531 eps=198 min_eps=173 loads=[0;1;15;38;173] u=[6;5;4;4;2] guided(E=1049.00,mk=198,t=1.39s)
inst_seed=3055531 eps=197 min_eps=173 loads=[0;1;15;38;173] u=[6;5;4;4;2] guided(E=1049.00,mk=197,t=1.38s)
inst_seed=3055531 eps=196 min_eps=173 loads=[0;1;15;38;173] u=[6;5;4;4;2] guided(E=1045.00,mk=196,t=1.39s)
inst_seed=3055531 eps=195 min_eps=173 loads=[0;1;15;38;173] u=[6;5;4;4;2] guided(E=1057.00,mk=195,t=1.24s)
inst_seed=3055531 eps=194 min_eps=173 loads=[0;1;15;38;173] u=[6;5;4;4;2] guided(E=1061.00,mk=194,t=1.24s)
inst_seed=3055531 eps=193 min_eps=173 loads=[0;1;15;38;173] u=[6;5;4;4;2] guided(E=1061.00,mk=193,t=1.20s)
inst_seed=3055531 eps=192 min_eps=173 loads=[0;1;15;38;173] u=[6;5;4;4;2] guided(E=1061.00,mk=192,t=1.18s)
inst_seed=3055531 eps=191 min_eps=173 loads=[0;1;15;38;173] u=[6;5;4;4;2] guided(E=1061.00,mk=191,t=1.15s)
inst_seed=3055531 eps=190 min_eps=173 loads=[0;1;15;38;173] u=[6;5;4;4;2] guided(E=1065.00,mk=190,t=1.18s)
inst_seed=3055531 eps=189 min_eps=173 loads=[0;1;15;38;173] u=[6;5;4;4;2] guided(E=1065.00,mk=189,t=1.20s)
inst_seed=3055531 eps=188 min_eps=173 loads=[0;1;15;38;173] u=[6;5;4;4;2] guided(E=1065.00,mk=188,t=1.18s)
inst_seed=3055531 eps=187 min_eps=173 loads=[0;1;15;38;173] u=[6;5;4;4;2] guided(E=1065.00,mk=187,t=1.21s)
inst_seed=3055531 eps=186 min_eps=173 loads=[0;1;15;38;173] u=[6;5;4;4;2] guided(E=1061.00,mk=186,t=1.12s)
inst_seed=3055531 eps=185 min_eps=173 loads=[0;1;15;38;173] u=[6;5;4;4;2] guided(E=1065.00,mk=185,t=1.12s)
inst_seed=3055531 eps=184 min_eps=173 loads=[0;1;15;38;173] u=[6;5;4;4;2] guided(E=1065.00,mk=184,t=1.08s)
inst_seed=3055531 eps=183 min_eps=173 loads=[0;1;15;38;173] u=[6;5;4;4;2] guided(E=1067.00,mk=183,t=1.11s)
inst_seed=3055531 eps=182 min_eps=173 loads=[0;1;15;38;173] u=[6;5;4;4;2] guided(E=1069.00,mk=182,t=1.10s)
inst_seed=3055531 eps=181 min_eps=173 loads=[0;1;15;38;173] u=[6;5;4;4;2] guided(E=1067.00,mk=181,t=1.04s)
inst_seed=3055531 eps=180 min_eps=173 loads=[0;1;15;38;173] u=[6;5;4;4;2] guided(E=1073.00,mk=180,t=1.07s)
inst_seed=3055531 eps=179 min_eps=173 loads=[0;1;15;38;173] u=[6;5;4;4;2] guided(E=1073.00,mk=179,t=1.06s)
inst_seed=3055531 eps=178 min_eps=173 loads=[0;1;15;38;173] u=[6;5;4;4;2] guided(E=1077.00,mk=178,t=1.07s)
inst_seed=3055531 eps=177 min_eps=173 loads=[0;1;15;38;173] u=[6;5;4;4;2] guided(E=1081.00,mk=177,t=1.03s)
inst_seed=3055531 eps=176 min_eps=173 loads=[0;1;15;38;173] u=[6;5;4;4;2] guided(E=1085.00,mk=176,t=1.01s)
inst_seed=3055531 eps=175 min_eps=173 loads=[0;1;15;38;173] u=[6;5;4;4;2] guided(E=1085.00,mk=175,t=1.00s)
inst_seed=3055531 eps=174 min_eps=173 loads=[0;1;15;38;173] u=[6;5;4;4;2] guided(E=1085.00,mk=174,t=0.96s)
inst_seed=3055531 eps=173 min_eps=173 loads=[0;1;15;38;173] u=[6;5;4;4;2] guided(E=1085.00,mk=173,t=0.93s)
inst_seed=6601097 eps=280 min_eps=233 loads=[0;0;0;93;233] u=[5;4;5;2;1] guided(E=774.00,mk=280,t=2.58s)
inst_seed=6601097 eps=279 min_eps=233 loads=[0;0;0;93;233] u=[5;4;5;2;1] guided(E=774.00,mk=279,t=2.58s)
inst_seed=6601097 eps=278 min_eps=233 loads=[0;0;0;93;233] u=[5;4;5;2;1] guided(E=776.00,mk=278,t=2.59s)
inst_seed=6601097 eps=277 min_eps=233 loads=[0;0;0;93;233] u=[5;4;5;2;1] guided(E=776.00,mk=277,t=2.44s)
inst_seed=6601097 eps=276 min_eps=233 loads=[0;0;0;93;233] u=[5;4;5;2;1] guided(E=778.00,mk=276,t=2.43s)
inst_seed=6601097 eps=275 min_eps=233 loads=[0;0;0;93;233] u=[5;4;5;2;1] guided(E=780.00,mk=275,t=2.42s)
inst_seed=6601097 eps=274 min_eps=233 loads=[0;0;0;93;233] u=[5;4;5;2;1] guided(E=784.00,mk=274,t=2.37s)
inst_seed=6601097 eps=273 min_eps=233 loads=[0;0;0;93;233] u=[5;4;5;2;1] guided(E=778.00,mk=273,t=2.39s)
inst_seed=6601097 eps=272 min_eps=233 loads=[0;0;0;93;233] u=[5;4;5;2;1] guided(E=778.00,mk=272,t=2.35s)
inst_seed=6601097 eps=271 min_eps=233 loads=[0;0;0;93;233] u=[5;4;5;2;1] guided(E=780.00,mk=271,t=2.39s)
inst_seed=6601097 eps=270 min_eps=233 loads=[0;0;0;93;233] u=[5;4;5;2;1] guided(E=780.00,mk=270,t=2.33s)
inst_seed=6601097 eps=269 min_eps=233 loads=[0;0;0;93;233] u=[5;4;5;2;1] guided(E=780.00,mk=269,t=2.31s)
inst_seed=6601097 eps=268 min_eps=233 loads=[0;0;0;93;233] u=[5;4;5;2;1] guided(E=780.00,mk=268,t=2.24s)
inst_seed=6601097 eps=267 min_eps=233 loads=[0;0;0;93;233] u=[5;4;5;2;1] guided(E=780.00,mk=267,t=2.27s)
inst_seed=6601097 eps=266 min_eps=233 loads=[0;0;0;93;233] u=[5;4;5;2;1] guided(E=782.00,mk=266,t=2.29s)
inst_seed=6601097 eps=265 min_eps=233 loads=[0;0;0;93;233] u=[5;4;5;2;1] guided(E=786.00,mk=265,t=2.24s)
inst_seed=6601097 eps=264 min_eps=233 loads=[0;0;0;93;233] u=[5;4;5;2;1] guided(E=786.00,mk=264,t=2.20s)
inst_seed=6601097 eps=263 min_eps=233 loads=[0;0;0;93;233] u=[5;4;5;2;1] guided(E=787.00,mk=263,t=2.18s)
inst_seed=6601097 eps=262 min_eps=233 loads=[0;0;0;93;233] u=[5;4;5;2;1] guided(E=792.00,mk=262,t=2.15s)
inst_seed=6601097 eps=261 min_eps=233 loads=[0;0;0;93;233] u=[5;4;5;2;1] guided(E=793.00,mk=261,t=2.04s)
inst_seed=6601097 eps=260 min_eps=233 loads=[0;0;0;93;233] u=[5;4;5;2;1] guided(E=794.00,mk=260,t=2.14s)
inst_seed=6601097 eps=259 min_eps=233 loads=[0;0;0;93;233] u=[5;4;5;2;1] guided(E=792.00,mk=259,t=2.12s)
inst_seed=6601097 eps=258 min_eps=233 loads=[0;0;0;93;233] u=[5;4;5;2;1] guided(E=792.00,mk=258,t=2.08s)
inst_seed=6601097 eps=257 min_eps=233 loads=[0;0;0;93;233] u=[5;4;5;2;1] guided(E=794.00,mk=257,t=2.13s)
inst_seed=6601097 eps=256 min_eps=233 loads=[0;0;0;93;233] u=[5;4;5;2;1] guided(E=796.00,mk=256,t=2.09s)
inst_seed=6601097 eps=255 min_eps=233 loads=[0;0;0;93;233] u=[5;4;5;2;1] guided(E=796.00,mk=255,t=2.06s)
inst_seed=6601097 eps=254 min_eps=233 loads=[0;0;0;93;233] u=[5;4;5;2;1] guided(E=796.00,mk=254,t=2.09s)
inst_seed=6601097 eps=253 min_eps=233 loads=[0;0;0;93;233] u=[5;4;5;2;1] guided(E=790.00,mk=253,t=2.07s)
inst_seed=6601097 eps=252 min_eps=233 loads=[0;0;0;93;233] u=[5;4;5;2;1] guided(E=786.00,mk=252,t=2.12s)
inst_seed=6601097 eps=251 min_eps=233 loads=[0;0;0;93;233] u=[5;4;5;2;1] guided(E=786.00,mk=251,t=2.06s)
inst_seed=6601097 eps=250 min_eps=233 loads=[0;0;0;93;233] u=[5;4;5;2;1] guided(E=788.00,mk=250,t=2.07s)
inst_seed=6601097 eps=249 min_eps=233 loads=[0;0;0;93;233] u=[5;4;5;2;1] guided(E=792.00,mk=249,t=2.08s)
inst_seed=6601097 eps=248 min_eps=233 loads=[0;0;0;93;233] u=[5;4;5;2;1] guided(E=796.00,mk=248,t=2.02s)
inst_seed=6601097 eps=247 min_eps=233 loads=[0;0;0;93;233] u=[5;4;5;2;1] guided(E=792.00,mk=247,t=2.01s)
inst_seed=6601097 eps=246 min_eps=233 loads=[0;0;0;93;233] u=[5;4;5;2;1] guided(E=792.00,mk=246,t=1.95s)
inst_seed=6601097 eps=245 min_eps=233 loads=[0;0;0;93;233] u=[5;4;5;2;1] guided(E=796.00,mk=245,t=1.96s)
inst_seed=6601097 eps=244 min_eps=233 loads=[0;0;0;93;233] u=[5;4;5;2;1] guided(E=796.00,mk=244,t=1.93s)
inst_seed=6601097 eps=243 min_eps=233 loads=[0;0;0;93;233] u=[5;4;5;2;1] guided(E=797.00,mk=243,t=1.95s)
inst_seed=6601097 eps=242 min_eps=233 loads=[0;0;0;93;233] u=[5;4;5;2;1] guided(E=798.00,mk=242,t=1.93s)
inst_seed=6601097 eps=241 min_eps=233 loads=[0;0;0;93;233] u=[5;4;5;2;1] guided(E=799.00,mk=241,t=1.90s)
inst_seed=6601097 eps=240 min_eps=233 loads=[0;0;0;93;233] u=[5;4;5;2;1] guided(E=800.00,mk=240,t=1.87s)
inst_seed=6601097 eps=239 min_eps=233 loads=[0;0;0;93;233] u=[5;4;5;2;1] guided(E=800.00,mk=239,t=1.82s)
inst_seed=6601097 eps=238 min_eps=233 loads=[0;0;0;93;233] u=[5;4;5;2;1] guided(E=806.00,mk=238,t=1.77s)
inst_seed=6601097 eps=237 min_eps=233 loads=[0;0;0;93;233] u=[5;4;5;2;1] guided(E=808.00,mk=237,t=1.81s)
inst_seed=6601097 eps=236 min_eps=233 loads=[0;0;0;93;233] u=[5;4;5;2;1] guided(E=808.00,mk=236,t=1.81s)
inst_seed=6601097 eps=235 min_eps=233 loads=[0;0;0;93;233] u=[5;4;5;2;1] guided(E=804.00,mk=235,t=1.81s)
inst_seed=6601097 eps=234 min_eps=233 loads=[0;0;0;93;233] u=[5;4;5;2;1] guided(E=804.00,mk=234,t=1.81s)
inst_seed=6601097 eps=233 min_eps=233 loads=[0;0;0;93;233] u=[5;4;5;2;1] guided(E=804.00,mk=233,t=1.77s)
inst_seed=5418965 eps=200 min_eps=192 loads=[16;192;20;11;84] u=[6;1;6;3;1] guided(E=929.00,mk=200,t=1.57s)
inst_seed=5418965 eps=199 min_eps=192 loads=[16;192;20;11;84] u=[6;1;6;3;1] guided(E=928.00,mk=199,t=1.57s)
inst_seed=5418965 eps=198 min_eps=192 loads=[16;192;20;11;84] u=[6;1;6;3;1] guided(E=928.00,mk=198,t=1.52s)
inst_seed=5418965 eps=197 min_eps=192 loads=[16;192;20;11;84] u=[6;1;6;3;1] guided(E=931.00,mk=197,t=1.49s)
inst_seed=5418965 eps=196 min_eps=192 loads=[16;192;20;11;84] u=[6;1;6;3;1] guided(E=933.00,mk=196,t=1.47s)
inst_seed=5418965 eps=195 min_eps=192 loads=[16;192;20;11;84] u=[6;1;6;3;1] guided(E=932.00,mk=195,t=1.50s)
inst_seed=5418965 eps=194 min_eps=192 loads=[16;192;20;11;84] u=[6;1;6;3;1] guided(E=931.00,mk=194,t=1.48s)
inst_seed=5418965 eps=193 min_eps=192 loads=[16;192;20;11;84] u=[6;1;6;3;1] guided(E=931.00,mk=193,t=1.53s)
inst_seed=5418965 eps=192 min_eps=192 loads=[16;192;20;11;84] u=[6;1;6;3;1] guided(E=930.00,mk=192,t=1.56s)
inst_seed=1052561 eps=220 min_eps=192 loads=[60;10;0;192;101] u=[4;5;5;3;4] guided(E=2260.00,mk=220,t=1.70s)
inst_seed=1052561 eps=219 min_eps=192 loads=[60;10;0;192;101] u=[4;5;5;3;4] guided(E=2266.00,mk=219,t=1.67s)
inst_seed=1052561 eps=218 min_eps=192 loads=[60;10;0;192;101] u=[4;5;5;3;4] guided(E=2266.00,mk=218,t=1.68s)
inst_seed=1052561 eps=217 min_eps=192 loads=[60;10;0;192;101] u=[4;5;5;3;4] guided(E=2272.00,mk=217,t=1.67s)
inst_seed=1052561 eps=216 min_eps=192 loads=[60;10;0;192;101] u=[4;5;5;3;4] guided(E=2278.00,mk=216,t=1.66s)
inst_seed=1052561 eps=215 min_eps=192 loads=[60;10;0;192;101] u=[4;5;5;3;4] guided(E=2284.00,mk=215,t=1.60s)
inst_seed=1052561 eps=214 min_eps=192 loads=[60;10;0;192;101] u=[4;5;5;3;4] guided(E=2284.00,mk=214,t=1.62s)
inst_seed=1052561 eps=213 min_eps=192 loads=[60;10;0;192;101] u=[4;5;5;3;4] guided(E=2272.00,mk=213,t=1.61s)
inst_seed=1052561 eps=212 min_eps=192 loads=[60;10;0;192;101] u=[4;5;5;3;4] guided(E=2268.00,mk=212,t=1.58s)
inst_seed=1052561 eps=211 min_eps=192 loads=[60;10;0;192;101] u=[4;5;5;3;4] guided(E=2278.00,mk=211,t=1.55s)
inst_seed=1052561 eps=210 min_eps=192 loads=[60;10;0;192;101] u=[4;5;5;3;4] guided(E=2278.00,mk=210,t=1.56s)
inst_seed=1052561 eps=209 min_eps=192 loads=[60;10;0;192;101] u=[4;5;5;3;4] guided(E=2284.00,mk=209,t=1.59s)
inst_seed=1052561 eps=208 min_eps=192 loads=[60;10;0;192;101] u=[4;5;5;3;4] guided(E=2284.00,mk=208,t=1.53s)
inst_seed=1052561 eps=207 min_eps=192 loads=[60;10;0;192;101] u=[4;5;5;3;4] guided(E=2284.00,mk=207,t=1.49s)
inst_seed=1052561 eps=206 min_eps=192 loads=[60;10;0;192;101] u=[4;5;5;3;4] guided(E=2284.00,mk=206,t=1.47s)
inst_seed=1052561 eps=205 min_eps=192 loads=[60;10;0;192;101] u=[4;5;5;3;4] guided(E=2284.00,mk=205,t=1.42s)
inst_seed=1052561 eps=204 min_eps=192 loads=[60;10;0;192;101] u=[4;5;5;3;4] guided(E=2296.00,mk=204,t=1.39s)
inst_seed=1052561 eps=203 min_eps=192 loads=[60;10;0;192;101] u=[4;5;5;3;4] guided(E=2299.00,mk=203,t=1.41s)
inst_seed=1052561 eps=202 min_eps=192 loads=[60;10;0;192;101] u=[4;5;5;3;4] guided(E=2308.00,mk=202,t=1.41s)
inst_seed=1052561 eps=201 min_eps=192 loads=[60;10;0;192;101] u=[4;5;5;3;4] guided(E=2311.00,mk=201,t=1.40s)
inst_seed=1052561 eps=200 min_eps=192 loads=[60;10;0;192;101] u=[4;5;5;3;4] guided(E=2314.00,mk=200,t=1.38s)
inst_seed=1052561 eps=199 min_eps=192 loads=[60;10;0;192;101] u=[4;5;5;3;4] guided(E=2308.00,mk=199,t=1.31s)
inst_seed=1052561 eps=198 min_eps=192 loads=[60;10;0;192;101] u=[4;5;5;3;4] guided(E=2314.00,mk=198,t=1.37s)
inst_seed=1052561 eps=197 min_eps=192 loads=[60;10;0;192;101] u=[4;5;5;3;4] guided(E=2320.00,mk=197,t=1.37s)
inst_seed=1052561 eps=196 min_eps=192 loads=[60;10;0;192;101] u=[4;5;5;3;4] guided(E=2330.00,mk=196,t=1.33s)
inst_seed=1052561 eps=195 min_eps=192 loads=[60;10;0;192;101] u=[4;5;5;3;4] guided(E=2326.00,mk=195,t=1.32s)
inst_seed=1052561 eps=194 min_eps=192 loads=[60;10;0;192;101] u=[4;5;5;3;4] guided(E=2326.00,mk=194,t=1.32s)
inst_seed=1052561 eps=193 min_eps=192 loads=[60;10;0;192;101] u=[4;5;5;3;4] guided(E=2326.00,mk=193,t=1.34s)
inst_seed=1052561 eps=192 min_eps=192 loads=[60;10;0;192;101] u=[4;5;5;3;4] guided(E=2326.00,mk=192,t=1.33s)
inst_seed=5848798 eps=240 min_eps=236 loads=[8;9;236;16;12] u=[4;5;1;6;5] guided(E=830.00,mk=240,t=1.33s)
inst_seed=5848798 eps=239 min_eps=236 loads=[8;9;236;16;12] u=[4;5;1;6;5] guided(E=832.00,mk=239,t=1.51s)
inst_seed=5848798 eps=238 min_eps=236 loads=[8;9;236;16;12] u=[4;5;1;6;5] guided(E=834.00,mk=238,t=1.50s)
inst_seed=5848798 eps=237 min_eps=236 loads=[8;9;236;16;12] u=[4;5;1;6;5] guided(E=836.00,mk=237,t=1.47s)
inst_seed=5848798 eps=236 min_eps=236 loads=[8;9;236;16;12] u=[4;5;1;6;5] guided(E=838.00,mk=236,t=1.41s)
inst_seed=4921818 eps=220 min_eps=189 loads=[0;0;15;189;12] u=[6;5;3;1;4] guided(E=534.00,mk=220,t=1.73s)
inst_seed=4921818 eps=219 min_eps=189 loads=[0;0;15;189;12] u=[6;5;3;1;4] guided(E=536.00,mk=219,t=1.70s)
inst_seed=4921818 eps=218 min_eps=189 loads=[0;0;15;189;12] u=[6;5;3;1;4] guided(E=536.00,mk=218,t=1.70s)
inst_seed=4921818 eps=217 min_eps=189 loads=[0;0;15;189;12] u=[6;5;3;1;4] guided(E=536.00,mk=217,t=1.67s)
inst_seed=4921818 eps=216 min_eps=189 loads=[0;0;15;189;12] u=[6;5;3;1;4] guided(E=538.00,mk=216,t=1.66s)
inst_seed=4921818 eps=215 min_eps=189 loads=[0;0;15;189;12] u=[6;5;3;1;4] guided(E=542.00,mk=215,t=1.56s)
inst_seed=4921818 eps=214 min_eps=189 loads=[0;0;15;189;12] u=[6;5;3;1;4] guided(E=542.00,mk=214,t=1.47s)
inst_seed=4921818 eps=213 min_eps=189 loads=[0;0;15;189;12] u=[6;5;3;1;4] guided(E=544.00,mk=213,t=1.52s)
inst_seed=4921818 eps=212 min_eps=189 loads=[0;0;15;189;12] u=[6;5;3;1;4] guided(E=544.00,mk=212,t=1.49s)
inst_seed=4921818 eps=211 min_eps=189 loads=[0;0;15;189;12] u=[6;5;3;1;4] guided(E=546.00,mk=211,t=1.52s)
inst_seed=4921818 eps=210 min_eps=189 loads=[0;0;15;189;12] u=[6;5;3;1;4] guided(E=546.00,mk=210,t=1.46s)
inst_seed=4921818 eps=209 min_eps=189 loads=[0;0;15;189;12] u=[6;5;3;1;4] guided(E=546.00,mk=209,t=1.42s)
inst_seed=4921818 eps=208 min_eps=189 loads=[0;0;15;189;12] u=[6;5;3;1;4] guided(E=546.00,mk=208,t=1.39s)
inst_seed=4921818 eps=207 min_eps=189 loads=[0;0;15;189;12] u=[6;5;3;1;4] guided(E=546.00,mk=207,t=1.33s)
inst_seed=4921818 eps=206 min_eps=189 loads=[0;0;15;189;12] u=[6;5;3;1;4] guided(E=548.00,mk=206,t=1.40s)
inst_seed=4921818 eps=205 min_eps=189 loads=[0;0;15;189;12] u=[6;5;3;1;4] guided(E=548.00,mk=205,t=1.27s)
inst_seed=4921818 eps=204 min_eps=189 loads=[0;0;15;189;12] u=[6;5;3;1;4] guided(E=548.00,mk=204,t=1.35s)
inst_seed=4921818 eps=203 min_eps=189 loads=[0;0;15;189;12] u=[6;5;3;1;4] guided(E=549.00,mk=203,t=1.34s)
inst_seed=4921818 eps=202 min_eps=189 loads=[0;0;15;189;12] u=[6;5;3;1;4] guided(E=550.00,mk=202,t=1.34s)
inst_seed=4921818 eps=201 min_eps=189 loads=[0;0;15;189;12] u=[6;5;3;1;4] guided(E=549.00,mk=201,t=1.22s)
inst_seed=4921818 eps=200 min_eps=189 loads=[0;0;15;189;12] u=[6;5;3;1;4] guided(E=552.00,mk=200,t=1.28s)
inst_seed=4921818 eps=199 min_eps=189 loads=[0;0;15;189;12] u=[6;5;3;1;4] guided(E=552.00,mk=199,t=1.30s)
inst_seed=4921818 eps=198 min_eps=189 loads=[0;0;15;189;12] u=[6;5;3;1;4] guided(E=550.00,mk=198,t=1.23s)
inst_seed=4921818 eps=197 min_eps=189 loads=[0;0;15;189;12] u=[6;5;3;1;4] guided(E=550.00,mk=197,t=1.18s)
inst_seed=4921818 eps=196 min_eps=189 loads=[0;0;15;189;12] u=[6;5;3;1;4] guided(E=550.00,mk=196,t=1.22s)
inst_seed=4921818 eps=195 min_eps=189 loads=[0;0;15;189;12] u=[6;5;3;1;4] guided(E=552.00,mk=195,t=1.21s)
inst_seed=4921818 eps=194 min_eps=189 loads=[0;0;15;189;12] u=[6;5;3;1;4] guided(E=552.00,mk=194,t=1.23s)
inst_seed=4921818 eps=193 min_eps=189 loads=[0;0;15;189;12] u=[6;5;3;1;4] guided(E=550.00,mk=193,t=1.16s)
inst_seed=4921818 eps=192 min_eps=189 loads=[0;0;15;189;12] u=[6;5;3;1;4] guided(E=550.00,mk=192,t=1.21s)
inst_seed=4921818 eps=191 min_eps=189 loads=[0;0;15;189;12] u=[6;5;3;1;4] guided(E=552.00,mk=191,t=1.19s)
inst_seed=4921818 eps=190 min_eps=189 loads=[0;0;15;189;12] u=[6;5;3;1;4] guided(E=554.00,mk=190,t=1.17s)
inst_seed=4921818 eps=189 min_eps=189 loads=[0;0;15;189;12] u=[6;5;3;1;4] guided(E=556.00,mk=189,t=1.13s)
inst_seed=3373076 eps=260 min_eps=163 loads=[60;2;38;163;42] u=[5;6;5;4;5] guided(E=2138.00,mk=244,t=1.85s)
inst_seed=3373076 eps=243 min_eps=163 loads=[60;2;38;163;42] u=[5;6;5;4;5] guided(E=2142.00,mk=243,t=1.81s)
inst_seed=3373076 eps=242 min_eps=163 loads=[60;2;38;163;42] u=[5;6;5;4;5] guided(E=2146.00,mk=242,t=1.85s)
inst_seed=3373076 eps=241 min_eps=163 loads=[60;2;38;163;42] u=[5;6;5;4;5] guided(E=2150.00,mk=241,t=1.81s)
inst_seed=3373076 eps=240 min_eps=163 loads=[60;2;38;163;42] u=[5;6;5;4;5] guided(E=2154.00,mk=227,t=1.79s)
inst_seed=3373076 eps=226 min_eps=163 loads=[60;2;38;163;42] u=[5;6;5;4;5] guided(E=2186.00,mk=226,t=1.77s)
inst_seed=3373076 eps=225 min_eps=163 loads=[60;2;38;163;42] u=[5;6;5;4;5] guided(E=2194.00,mk=225,t=1.76s)
inst_seed=3373076 eps=224 min_eps=163 loads=[60;2;38;163;42] u=[5;6;5;4;5] guided(E=2194.00,mk=224,t=1.80s)
inst_seed=3373076 eps=223 min_eps=163 loads=[60;2;38;163;42] u=[5;6;5;4;5] guided(E=2190.00,mk=223,t=1.80s)
inst_seed=3373076 eps=222 min_eps=163 loads=[60;2;38;163;42] u=[5;6;5;4;5] guided(E=2178.00,mk=222,t=1.75s)
inst_seed=3373076 eps=221 min_eps=163 loads=[60;2;38;163;42] u=[5;6;5;4;5] guided(E=2186.00,mk=221,t=1.67s)
inst_seed=3373076 eps=220 min_eps=163 loads=[60;2;38;163;42] u=[5;6;5;4;5] guided(E=2198.00,mk=220,t=1.67s)
inst_seed=3373076 eps=219 min_eps=163 loads=[60;2;38;163;42] u=[5;6;5;4;5] guided(E=2188.00,mk=219,t=1.66s)
inst_seed=3373076 eps=218 min_eps=163 loads=[60;2;38;163;42] u=[5;6;5;4;5] guided(E=2188.00,mk=218,t=1.66s)
inst_seed=3373076 eps=217 min_eps=163 loads=[60;2;38;163;42] u=[5;6;5;4;5] guided(E=2196.00,mk=212,t=1.62s)
inst_seed=3373076 eps=211 min_eps=163 loads=[60;2;38;163;42] u=[5;6;5;4;5] guided(E=2298.00,mk=211,t=1.68s)
inst_seed=3373076 eps=210 min_eps=163 loads=[60;2;38;163;42] u=[5;6;5;4;5] guided(E=2306.00,mk=210,t=1.65s)
inst_seed=3373076 eps=209 min_eps=163 loads=[60;2;38;163;42] u=[5;6;5;4;5] guided(E=2314.00,mk=209,t=1.64s)
inst_seed=3373076 eps=208 min_eps=163 loads=[60;2;38;163;42] u=[5;6;5;4;5] guided(E=2314.00,mk=208,t=1.66s)
inst_seed=3373076 eps=207 min_eps=163 loads=[60;2;38;163;42] u=[5;6;5;4;5] guided(E=2314.00,mk=207,t=1.64s)
inst_seed=3373076 eps=206 min_eps=163 loads=[60;2;38;163;42] u=[5;6;5;4;5] guided(E=2306.00,mk=206,t=1.60s)
inst_seed=3373076 eps=205 min_eps=163 loads=[60;2;38;163;42] u=[5;6;5;4;5] guided(E=2298.00,mk=205,t=1.64s)
inst_seed=3373076 eps=204 min_eps=163 loads=[60;2;38;163;42] u=[5;6;5;4;5] guided(E=2290.00,mk=204,t=1.56s)
inst_seed=3373076 eps=203 min_eps=163 loads=[60;2;38;163;42] u=[5;6;5;4;5] guided(E=2290.00,mk=203,t=1.55s)
inst_seed=3373076 eps=202 min_eps=163 loads=[60;2;38;163;42] u=[5;6;5;4;5] guided(E=2302.00,mk=202,t=1.54s)
inst_seed=3373076 eps=201 min_eps=163 loads=[60;2;38;163;42] u=[5;6;5;4;5] guided(E=2294.00,mk=201,t=1.53s)
inst_seed=3373076 eps=200 min_eps=163 loads=[60;2;38;163;42] u=[5;6;5;4;5] guided(E=2298.00,mk=200,t=1.52s)
inst_seed=3373076 eps=199 min_eps=163 loads=[60;2;38;163;42] u=[5;6;5;4;5] guided(E=2316.00,mk=199,t=1.51s)
inst_seed=3373076 eps=198 min_eps=163 loads=[60;2;38;163;42] u=[5;6;5;4;5] guided(E=2316.00,mk=198,t=1.48s)
inst_seed=3373076 eps=197 min_eps=163 loads=[60;2;38;163;42] u=[5;6;5;4;5] guided(E=2314.00,mk=197,t=1.50s)
inst_seed=3373076 eps=196 min_eps=163 loads=[60;2;38;163;42] u=[5;6;5;4;5] guided(E=2334.00,mk=196,t=1.42s)
inst_seed=3373076 eps=195 min_eps=163 loads=[60;2;38;163;42] u=[5;6;5;4;5] guided(E=2340.00,mk=195,t=1.46s)
inst_seed=3373076 eps=194 min_eps=163 loads=[60;2;38;163;42] u=[5;6;5;4;5] guided(E=2358.00,mk=194,t=1.45s)
inst_seed=3373076 eps=193 min_eps=163 loads=[60;2;38;163;42] u=[5;6;5;4;5] guided(E=2378.00,mk=193,t=1.37s)
inst_seed=3373076 eps=192 min_eps=163 loads=[60;2;38;163;42] u=[5;6;5;4;5] guided(E=2394.00,mk=192,t=1.35s)
inst_seed=3373076 eps=191 min_eps=163 loads=[60;2;38;163;42] u=[5;6;5;4;5] guided(E=2386.00,mk=191,t=1.25s)
inst_seed=3373076 eps=190 min_eps=163 loads=[60;2;38;163;42] u=[5;6;5;4;5] guided(E=2394.00,mk=190,t=1.31s)
inst_seed=3373076 eps=189 min_eps=163 loads=[60;2;38;163;42] u=[5;6;5;4;5] guided(E=2394.00,mk=189,t=1.26s)
inst_seed=3373076 eps=188 min_eps=163 loads=[60;2;38;163;42] u=[5;6;5;4;5] guided(E=2394.00,mk=188,t=1.29s)
inst_seed=3373076 eps=187 min_eps=163 loads=[60;2;38;163;42] u=[5;6;5;4;5] guided(E=2396.00,mk=187,t=1.26s)
inst_seed=3373076 eps=186 min_eps=163 loads=[60;2;38;163;42] u=[5;6;5;4;5] guided(E=2406.00,mk=186,t=1.24s)
inst_seed=3373076 eps=185 min_eps=163 loads=[60;2;38;163;42] u=[5;6;5;4;5] guided(E=2414.00,mk=185,t=1.24s)
inst_seed=3373076 eps=184 min_eps=163 loads=[60;2;38;163;42] u=[5;6;5;4;5] guided(E=2394.00,mk=184,t=1.23s)
inst_seed=3373076 eps=183 min_eps=163 loads=[60;2;38;163;42] u=[5;6;5;4;5] guided(E=2406.00,mk=183,t=1.22s)
inst_seed=3373076 eps=182 min_eps=163 loads=[60;2;38;163;42] u=[5;6;5;4;5] guided(E=2420.00,mk=182,t=1.17s)
inst_seed=3373076 eps=181 min_eps=163 loads=[60;2;38;163;42] u=[5;6;5;4;5] guided(E=2424.00,mk=181,t=1.16s)
inst_seed=3373076 eps=180 min_eps=163 loads=[60;2;38;163;42] u=[5;6;5;4;5] guided(E=2420.00,mk=180,t=1.15s)
inst_seed=3373076 eps=179 min_eps=163 loads=[60;2;38;163;42] u=[5;6;5;4;5] guided(E=2404.00,mk=179,t=1.15s)
inst_seed=3373076 eps=178 min_eps=163 loads=[60;2;38;163;42] u=[5;6;5;4;5] guided(E=2422.00,mk=178,t=1.13s)
inst_seed=3373076 eps=177 min_eps=163 loads=[60;2;38;163;42] u=[5;6;5;4;5] guided(E=2406.00,mk=177,t=1.06s)
inst_seed=3373076 eps=176 min_eps=163 loads=[60;2;38;163;42] u=[5;6;5;4;5] guided(E=2406.00,mk=176,t=1.14s)
inst_seed=3373076 eps=175 min_eps=163 loads=[60;2;38;163;42] u=[5;6;5;4;5] guided(E=2428.00,mk=175,t=1.08s)
inst_seed=3373076 eps=174 min_eps=163 loads=[60;2;38;163;42] u=[5;6;5;4;5] guided(E=2428.00,mk=174,t=1.08s)
inst_seed=3373076 eps=173 min_eps=163 loads=[60;2;38;163;42] u=[5;6;5;4;5] guided(E=2433.00,mk=173,t=1.09s)
inst_seed=3373076 eps=172 min_eps=163 loads=[60;2;38;163;42] u=[5;6;5;4;5] guided(E=2418.00,mk=172,t=1.12s)
inst_seed=3373076 eps=171 min_eps=163 loads=[60;2;38;163;42] u=[5;6;5;4;5] guided(E=2418.00,mk=171,t=1.11s)
inst_seed=3373076 eps=170 min_eps=163 loads=[60;2;38;163;42] u=[5;6;5;4;5] guided(E=2428.00,mk=170,t=1.08s)
inst_seed=3373076 eps=169 min_eps=163 loads=[60;2;38;163;42] u=[5;6;5;4;5] guided(E=2438.00,mk=169,t=1.07s)
inst_seed=3373076 eps=168 min_eps=163 loads=[60;2;38;163;42] u=[5;6;5;4;5] guided(E=2438.00,mk=168,t=1.06s)
inst_seed=3373076 eps=167 min_eps=163 loads=[60;2;38;163;42] u=[5;6;5;4;5] guided(E=2426.00,mk=167,t=1.03s)
inst_seed=3373076 eps=166 min_eps=163 loads=[60;2;38;163;42] u=[5;6;5;4;5] guided(E=2434.00,mk=166,t=1.01s)
inst_seed=3373076 eps=165 min_eps=163 loads=[60;2;38;163;42] u=[5;6;5;4;5] guided(E=2452.00,mk=165,t=0.99s)
inst_seed=3373076 eps=164 min_eps=163 loads=[60;2;38;163;42] u=[5;6;5;4;5] guided(E=2470.00,mk=164,t=0.98s)
inst_seed=3373076 eps=163 min_eps=163 loads=[60;2;38;163;42] u=[5;6;5;4;5] guided(E=2472.00,mk=163,t=0.92s)
inst_seed=5371501 eps=260 min_eps=195 loads=[21;0;8;67;195] u=[2;6;4;2;1] guided(E=666.00,mk=260,t=2.68s)
inst_seed=5371501 eps=259 min_eps=195 loads=[21;0;8;67;195] u=[2;6;4;2;1] guided(E=666.00,mk=259,t=2.67s)
inst_seed=5371501 eps=258 min_eps=195 loads=[21;0;8;67;195] u=[2;6;4;2;1] guided(E=660.00,mk=258,t=2.59s)
inst_seed=5371501 eps=257 min_eps=195 loads=[21;0;8;67;195] u=[2;6;4;2;1] guided(E=658.00,mk=257,t=2.63s)
inst_seed=5371501 eps=256 min_eps=195 loads=[21;0;8;67;195] u=[2;6;4;2;1] guided(E=658.00,mk=256,t=2.58s)
inst_seed=5371501 eps=255 min_eps=195 loads=[21;0;8;67;195] u=[2;6;4;2;1] guided(E=670.00,mk=255,t=2.63s)
inst_seed=5371501 eps=254 min_eps=195 loads=[21;0;8;67;195] u=[2;6;4;2;1] guided(E=676.00,mk=254,t=2.64s)
inst_seed=5371501 eps=253 min_eps=195 loads=[21;0;8;67;195] u=[2;6;4;2;1] guided(E=676.00,mk=253,t=2.55s)
inst_seed=5371501 eps=252 min_eps=195 loads=[21;0;8;67;195] u=[2;6;4;2;1] guided(E=694.00,mk=252,t=2.52s)
inst_seed=5371501 eps=251 min_eps=195 loads=[21;0;8;67;195] u=[2;6;4;2;1] guided(E=690.00,mk=251,t=2.56s)
inst_seed=5371501 eps=250 min_eps=195 loads=[21;0;8;67;195] u=[2;6;4;2;1] guided(E=688.00,mk=250,t=2.47s)
inst_seed=5371501 eps=249 min_eps=195 loads=[21;0;8;67;195] u=[2;6;4;2;1] guided(E=690.00,mk=249,t=2.46s)
inst_seed=5371501 eps=248 min_eps=195 loads=[21;0;8;67;195] u=[2;6;4;2;1] guided(E=688.00,mk=248,t=2.49s)
inst_seed=5371501 eps=247 min_eps=195 loads=[21;0;8;67;195] u=[2;6;4;2;1] guided(E=688.00,mk=247,t=2.49s)
inst_seed=5371501 eps=246 min_eps=195 loads=[21;0;8;67;195] u=[2;6;4;2;1] guided(E=686.00,mk=246,t=2.48s)
inst_seed=5371501 eps=245 min_eps=195 loads=[21;0;8;67;195] u=[2;6;4;2;1] guided(E=692.00,mk=245,t=2.46s)
inst_seed=5371501 eps=244 min_eps=195 loads=[21;0;8;67;195] u=[2;6;4;2;1] guided(E=692.00,mk=244,t=2.43s)
inst_seed=5371501 eps=243 min_eps=195 loads=[21;0;8;67;195] u=[2;6;4;2;1] guided(E=691.00,mk=243,t=2.40s)
inst_seed=5371501 eps=242 min_eps=195 loads=[21;0;8;67;195] u=[2;6;4;2;1] guided(E=692.00,mk=242,t=2.36s)
inst_seed=5371501 eps=241 min_eps=195 loads=[21;0;8;67;195] u=[2;6;4;2;1] guided(E=689.00,mk=241,t=2.32s)
inst_seed=5371501 eps=240 min_eps=195 loads=[21;0;8;67;195] u=[2;6;4;2;1] guided(E=688.00,mk=240,t=2.34s)
inst_seed=5371501 eps=239 min_eps=195 loads=[21;0;8;67;195] u=[2;6;4;2;1] guided(E=692.00,mk=239,t=2.35s)
inst_seed=5371501 eps=238 min_eps=195 loads=[21;0;8;67;195] u=[2;6;4;2;1] guided(E=688.00,mk=238,t=2.36s)
inst_seed=5371501 eps=237 min_eps=195 loads=[21;0;8;67;195] u=[2;6;4;2;1] guided(E=692.00,mk=237,t=2.32s)
inst_seed=5371501 eps=236 min_eps=195 loads=[21;0;8;67;195] u=[2;6;4;2;1] guided(E=692.00,mk=236,t=2.34s)
inst_seed=5371501 eps=235 min_eps=195 loads=[21;0;8;67;195] u=[2;6;4;2;1] guided(E=696.00,mk=235,t=2.26s)
inst_seed=5371501 eps=234 min_eps=195 loads=[21;0;8;67;195] u=[2;6;4;2;1] guided(E=706.00,mk=234,t=2.09s)
inst_seed=5371501 eps=233 min_eps=195 loads=[21;0;8;67;195] u=[2;6;4;2;1] guided(E=708.00,mk=233,t=2.14s)
inst_seed=5371501 eps=232 min_eps=195 loads=[21;0;8;67;195] u=[2;6;4;2;1] guided(E=710.00,mk=232,t=2.06s)
inst_seed=5371501 eps=231 min_eps=195 loads=[21;0;8;67;195] u=[2;6;4;2;1] guided(E=710.00,mk=231,t=2.07s)
inst_seed=5371501 eps=230 min_eps=195 loads=[21;0;8;67;195] u=[2;6;4;2;1] guided(E=716.00,mk=230,t=2.04s)
inst_seed=5371501 eps=229 min_eps=195 loads=[21;0;8;67;195] u=[2;6;4;2;1] guided(E=716.00,mk=229,t=2.01s)
inst_seed=5371501 eps=228 min_eps=195 loads=[21;0;8;67;195] u=[2;6;4;2;1] guided(E=710.00,mk=228,t=1.99s)
inst_seed=5371501 eps=227 min_eps=195 loads=[21;0;8;67;195] u=[2;6;4;2;1] guided(E=714.00,mk=227,t=1.94s)
inst_seed=5371501 eps=226 min_eps=195 loads=[21;0;8;67;195] u=[2;6;4;2;1] guided(E=712.00,mk=226,t=1.98s)
inst_seed=5371501 eps=225 min_eps=195 loads=[21;0;8;67;195] u=[2;6;4;2;1] guided(E=712.00,mk=225,t=2.00s)
inst_seed=5371501 eps=224 min_eps=195 loads=[21;0;8;67;195] u=[2;6;4;2;1] guided(E=712.00,mk=224,t=1.93s)
inst_seed=5371501 eps=223 min_eps=195 loads=[21;0;8;67;195] u=[2;6;4;2;1] guided(E=713.00,mk=223,t=1.91s)
inst_seed=5371501 eps=222 min_eps=195 loads=[21;0;8;67;195] u=[2;6;4;2;1] guided(E=714.00,mk=222,t=1.87s)
inst_seed=5371501 eps=221 min_eps=195 loads=[21;0;8;67;195] u=[2;6;4;2;1] guided(E=717.00,mk=221,t=1.94s)
inst_seed=5371501 eps=220 min_eps=195 loads=[21;0;8;67;195] u=[2;6;4;2;1] guided(E=722.00,mk=220,t=1.92s)
inst_seed=5371501 eps=219 min_eps=195 loads=[21;0;8;67;195] u=[2;6;4;2;1] guided(E=722.00,mk=219,t=1.87s)
inst_seed=5371501 eps=218 min_eps=195 loads=[21;0;8;67;195] u=[2;6;4;2;1] guided(E=724.00,mk=218,t=1.82s)
inst_seed=5371501 eps=217 min_eps=195 loads=[21;0;8;67;195] u=[2;6;4;2;1] guided(E=724.00,mk=217,t=1.81s)
inst_seed=5371501 eps=216 min_eps=195 loads=[21;0;8;67;195] u=[2;6;4;2;1] guided(E=724.00,mk=216,t=1.78s)
inst_seed=5371501 eps=215 min_eps=195 loads=[21;0;8;67;195] u=[2;6;4;2;1] guided(E=726.00,mk=215,t=1.79s)
inst_seed=5371501 eps=214 min_eps=195 loads=[21;0;8;67;195] u=[2;6;4;2;1] guided(E=718.00,mk=214,t=1.79s)
inst_seed=5371501 eps=213 min_eps=195 loads=[21;0;8;67;195] u=[2;6;4;2;1] guided(E=718.00,mk=213,t=1.78s)
inst_seed=5371501 eps=212 min_eps=195 loads=[21;0;8;67;195] u=[2;6;4;2;1] guided(E=724.00,mk=212,t=1.78s)
inst_seed=5371501 eps=211 min_eps=195 loads=[21;0;8;67;195] u=[2;6;4;2;1] guided(E=718.00,mk=211,t=1.77s)
inst_seed=5371501 eps=210 min_eps=195 loads=[21;0;8;67;195] u=[2;6;4;2;1] guided(E=724.00,mk=210,t=1.74s)
inst_seed=5371501 eps=209 min_eps=195 loads=[21;0;8;67;195] u=[2;6;4;2;1] guided(E=718.00,mk=209,t=1.70s)
inst_seed=5371501 eps=208 min_eps=195 loads=[21;0;8;67;195] u=[2;6;4;2;1] guided(E=722.00,mk=208,t=1.70s)
inst_seed=5371501 eps=207 min_eps=195 loads=[21;0;8;67;195] u=[2;6;4;2;1] guided(E=718.00,mk=207,t=1.69s)
inst_seed=5371501 eps=206 min_eps=195 loads=[21;0;8;67;195] u=[2;6;4;2;1] guided(E=722.00,mk=206,t=1.61s)
inst_seed=5371501 eps=205 min_eps=195 loads=[21;0;8;67;195] u=[2;6;4;2;1] guided(E=724.00,mk=205,t=1.67s)
inst_seed=5371501 eps=204 min_eps=195 loads=[21;0;8;67;195] u=[2;6;4;2;1] guided(E=726.00,mk=204,t=1.66s)
inst_seed=5371501 eps=203 min_eps=195 loads=[21;0;8;67;195] u=[2;6;4;2;1] guided(E=729.00,mk=203,t=1.62s)
inst_seed=5371501 eps=202 min_eps=195 loads=[21;0;8;67;195] u=[2;6;4;2;1] guided(E=728.00,mk=202,t=1.58s)
inst_seed=5371501 eps=201 min_eps=195 loads=[21;0;8;67;195] u=[2;6;4;2;1] guided(E=729.00,mk=201,t=1.57s)
inst_seed=5371501 eps=200 min_eps=195 loads=[21;0;8;67;195] u=[2;6;4;2;1] guided(E=732.00,mk=200,t=1.57s)
inst_seed=5371501 eps=199 min_eps=195 loads=[21;0;8;67;195] u=[2;6;4;2;1] guided(E=734.00,mk=199,t=1.54s)
inst_seed=5371501 eps=198 min_eps=195 loads=[21;0;8;67;195] u=[2;6;4;2;1] guided(E=736.00,mk=198,t=1.52s)
inst_seed=5371501 eps=197 min_eps=195 loads=[21;0;8;67;195] u=[2;6;4;2;1] guided(E=738.00,mk=197,t=1.49s)
inst_seed=5371501 eps=196 min_eps=195 loads=[21;0;8;67;195] u=[2;6;4;2;1] guided(E=740.00,mk=196,t=1.46s)
inst_seed=5371501 eps=195 min_eps=195 loads=[21;0;8;67;195] u=[2;6;4;2;1] guided(E=740.00,mk=195,t=1.47s)
inst_seed=4801065 eps=280 min_eps=121 loads=[8;0;20;109;121] u=[6;6;5;4;4] guided(E=1667.00,mk=224,t=1.33s)
inst_seed=4801065 eps=223 min_eps=121 loads=[8;0;20;109;121] u=[6;6;5;4;4] guided(E=1683.00,mk=222,t=1.26s)
inst_seed=4801065 eps=221 min_eps=121 loads=[8;0;20;109;121] u=[6;6;5;4;4] guided(E=1695.00,mk=221,t=1.16s)
inst_seed=4801065 eps=220 min_eps=121 loads=[8;0;20;109;121] u=[6;6;5;4;4] guided(E=1699.00,mk=204,t=1.14s)
inst_seed=4801065 eps=203 min_eps=121 loads=[8;0;20;109;121] u=[6;6;5;4;4] guided(E=1703.00,mk=203,t=1.15s)
inst_seed=4801065 eps=202 min_eps=121 loads=[8;0;20;109;121] u=[6;6;5;4;4] guided(E=1711.00,mk=202,t=1.12s)
inst_seed=4801065 eps=201 min_eps=121 loads=[8;0;20;109;121] u=[6;6;5;4;4] guided(E=1719.00,mk=201,t=1.11s)
inst_seed=4801065 eps=200 min_eps=121 loads=[8;0;20;109;121] u=[6;6;5;4;4] guided(E=1727.00,mk=184,t=1.10s)
inst_seed=4801065 eps=183 min_eps=121 loads=[8;0;20;109;121] u=[6;6;5;4;4] guided(E=1735.00,mk=183,t=1.08s)
inst_seed=4801065 eps=182 min_eps=121 loads=[8;0;20;109;121] u=[6;6;5;4;4] guided(E=1743.00,mk=182,t=1.07s)
inst_seed=4801065 eps=181 min_eps=121 loads=[8;0;20;109;121] u=[6;6;5;4;4] guided(E=1751.00,mk=181,t=1.07s)
inst_seed=4801065 eps=180 min_eps=121 loads=[8;0;20;109;121] u=[6;6;5;4;4] guided(E=1759.00,mk=167,t=1.08s)
inst_seed=4801065 eps=166 min_eps=121 loads=[8;0;20;109;121] u=[6;6;5;4;4] guided(E=1775.00,mk=166,t=1.04s)
inst_seed=4801065 eps=165 min_eps=121 loads=[8;0;20;109;121] u=[6;6;5;4;4] guided(E=1775.00,mk=165,t=1.04s)
inst_seed=4801065 eps=164 min_eps=121 loads=[8;0;20;109;121] u=[6;6;5;4;4] guided(E=1783.00,mk=164,t=1.04s)
inst_seed=4801065 eps=163 min_eps=121 loads=[8;0;20;109;121] u=[6;6;5;4;4] guided(E=1783.00,mk=163,t=1.02s)
inst_seed=4801065 eps=162 min_eps=121 loads=[8;0;20;109;121] u=[6;6;5;4;4] guided(E=1791.00,mk=162,t=1.08s)
inst_seed=4801065 eps=161 min_eps=121 loads=[8;0;20;109;121] u=[6;6;5;4;4] guided(E=1799.00,mk=161,t=1.00s)
inst_seed=4801065 eps=160 min_eps=121 loads=[8;0;20;109;121] u=[6;6;5;4;4] guided(E=1815.00,mk=148,t=0.96s)
inst_seed=4801065 eps=147 min_eps=121 loads=[8;0;20;109;121] u=[6;6;5;4;4] guided(E=1871.00,mk=147,t=0.92s)
inst_seed=4801065 eps=146 min_eps=121 loads=[8;0;20;109;121] u=[6;6;5;4;4] guided(E=1871.00,mk=146,t=0.91s)
inst_seed=4801065 eps=145 min_eps=121 loads=[8;0;20;109;121] u=[6;6;5;4;4] guided(E=1863.00,mk=145,t=0.91s)
inst_seed=4801065 eps=144 min_eps=121 loads=[8;0;20;109;121] u=[6;6;5;4;4] guided(E=1871.00,mk=144,t=0.96s)
inst_seed=4801065 eps=143 min_eps=121 loads=[8;0;20;109;121] u=[6;6;5;4;4] guided(E=1855.00,mk=143,t=0.87s)
inst_seed=4801065 eps=142 min_eps=121 loads=[8;0;20;109;121] u=[6;6;5;4;4] guided(E=1863.00,mk=142,t=0.86s)
inst_seed=4801065 eps=141 min_eps=121 loads=[8;0;20;109;121] u=[6;6;5;4;4] guided(E=1879.00,mk=141,t=0.85s)
inst_seed=4801065 eps=140 min_eps=121 loads=[8;0;20;109;121] u=[6;6;5;4;4] guided(E=1895.00,mk=140,t=0.82s)
inst_seed=4801065 eps=139 min_eps=121 loads=[8;0;20;109;121] u=[6;6;5;4;4] guided(E=1903.00,mk=139,t=0.82s)
inst_seed=4801065 eps=138 min_eps=121 loads=[8;0;20;109;121] u=[6;6;5;4;4] guided(E=1919.00,mk=138,t=0.82s)
inst_seed=4801065 eps=137 min_eps=121 loads=[8;0;20;109;121] u=[6;6;5;4;4] guided(E=1927.00,mk=137,t=0.80s)
inst_seed=4801065 eps=136 min_eps=121 loads=[8;0;20;109;121] u=[6;6;5;4;4] guided(E=1935.00,mk=133,t=0.79s)
inst_seed=4801065 eps=132 min_eps=121 loads=[8;0;20;109;121] u=[6;6;5;4;4] guided(E=2039.00,mk=132,t=0.56s)
inst_seed=4801065 eps=131 min_eps=121 loads=[8;0;20;109;121] u=[6;6;5;4;4] guided(E=2047.00,mk=131,t=0.55s)
inst_seed=4801065 eps=130 min_eps=121 loads=[8;0;20;109;121] u=[6;6;5;4;4] guided(E=2039.00,mk=130,t=0.56s)
inst_seed=4801065 eps=129 min_eps=121 loads=[8;0;20;109;121] u=[6;6;5;4;4] guided(E=2047.00,mk=129,t=0.53s)
inst_seed=4801065 eps=128 min_eps=121 loads=[8;0;20;109;121] u=[6;6;5;4;4] guided(E=2063.00,mk=128,t=0.50s)
inst_seed=4801065 eps=127 min_eps=121 loads=[8;0;20;109;121] u=[6;6;5;4;4] guided(E=2071.00,mk=127,t=0.45s)
inst_seed=4801065 eps=126 min_eps=121 loads=[8;0;20;109;121] u=[6;6;5;4;4] guided(E=2063.00,mk=126,t=0.51s)
inst_seed=4801065 eps=125 min_eps=121 loads=[8;0;20;109;121] u=[6;6;5;4;4] guided(E=2063.00,mk=125,t=0.55s)
inst_seed=4801065 eps=124 min_eps=121 loads=[8;0;20;109;121] u=[6;6;5;4;4] guided(E=2079.00,mk=124,t=0.52s)
inst_seed=4801065 eps=123 min_eps=121 loads=[8;0;20;109;121] u=[6;6;5;4;4] guided(E=2087.00,mk=123,t=0.50s)
inst_seed=4801065 eps=122 min_eps=121 loads=[8;0;20;109;121] u=[6;6;5;4;4] guided(E=2111.00,mk=122,t=0.49s)
inst_seed=4801065 eps=121 min_eps=121 loads=[8;0;20;109;121] u=[6;6;5;4;4] guided(E=2135.00,mk=121,t=0.44s)
inst_seed=9314321 eps=220 min_eps=172 loads=[23;52;0;7;172] u=[3;2;6;5;1] guided(E=636.00,mk=220,t=1.77s)
inst_seed=9314321 eps=219 min_eps=172 loads=[23;52;0;7;172] u=[3;2;6;5;1] guided(E=638.00,mk=219,t=1.77s)
inst_seed=9314321 eps=218 min_eps=172 loads=[23;52;0;7;172] u=[3;2;6;5;1] guided(E=640.00,mk=218,t=1.77s)
inst_seed=9314321 eps=217 min_eps=172 loads=[23;52;0;7;172] u=[3;2;6;5;1] guided(E=640.00,mk=217,t=1.74s)
inst_seed=9314321 eps=216 min_eps=172 loads=[23;52;0;7;172] u=[3;2;6;5;1] guided(E=640.00,mk=216,t=1.68s)
inst_seed=9314321 eps=215 min_eps=172 loads=[23;52;0;7;172] u=[3;2;6;5;1] guided(E=644.00,mk=215,t=1.75s)
inst_seed=9314321 eps=214 min_eps=172 loads=[23;52;0;7;172] u=[3;2;6;5;1] guided(E=656.00,mk=214,t=1.69s)
inst_seed=9314321 eps=213 min_eps=172 loads=[23;52;0;7;172] u=[3;2;6;5;1] guided(E=664.00,mk=213,t=1.68s)
inst_seed=9314321 eps=212 min_eps=172 loads=[23;52;0;7;172] u=[3;2;6;5;1] guided(E=668.00,mk=212,t=1.60s)
inst_seed=9314321 eps=211 min_eps=172 loads=[23;52;0;7;172] u=[3;2;6;5;1] guided(E=670.00,mk=211,t=1.60s)
inst_seed=9314321 eps=210 min_eps=172 loads=[23;52;0;7;172] u=[3;2;6;5;1] guided(E=670.00,mk=210,t=1.56s)
inst_seed=9314321 eps=209 min_eps=172 loads=[23;52;0;7;172] u=[3;2;6;5;1] guided(E=670.00,mk=209,t=1.54s)
inst_seed=9314321 eps=208 min_eps=172 loads=[23;52;0;7;172] u=[3;2;6;5;1] guided(E=670.00,mk=208,t=1.47s)
inst_seed=9314321 eps=207 min_eps=172 loads=[23;52;0;7;172] u=[3;2;6;5;1] guided(E=672.00,mk=207,t=1.58s)
inst_seed=9314321 eps=206 min_eps=172 loads=[23;52;0;7;172] u=[3;2;6;5;1] guided(E=670.00,mk=206,t=1.55s)
inst_seed=9314321 eps=205 min_eps=172 loads=[23;52;0;7;172] u=[3;2;6;5;1] guided(E=670.00,mk=205,t=1.49s)
inst_seed=9314321 eps=204 min_eps=172 loads=[23;52;0;7;172] u=[3;2;6;5;1] guided(E=670.00,mk=204,t=1.38s)
inst_seed=9314321 eps=203 min_eps=172 loads=[23;52;0;7;172] u=[3;2;6;5;1] guided(E=665.00,mk=203,t=1.48s)
inst_seed=9314321 eps=202 min_eps=172 loads=[23;52;0;7;172] u=[3;2;6;5;1] guided(E=666.00,mk=202,t=1.61s)
inst_seed=9314321 eps=201 min_eps=172 loads=[23;52;0;7;172] u=[3;2;6;5;1] guided(E=669.00,mk=201,t=1.58s)
inst_seed=9314321 eps=200 min_eps=172 loads=[23;52;0;7;172] u=[3;2;6;5;1] guided(E=670.00,mk=200,t=1.55s)
inst_seed=9314321 eps=199 min_eps=172 loads=[23;52;0;7;172] u=[3;2;6;5;1] guided(E=670.00,mk=199,t=1.47s)
inst_seed=9314321 eps=198 min_eps=172 loads=[23;52;0;7;172] u=[3;2;6;5;1] guided(E=672.00,mk=198,t=1.43s)
inst_seed=9314321 eps=197 min_eps=172 loads=[23;52;0;7;172] u=[3;2;6;5;1] guided(E=674.00,mk=197,t=1.49s)
inst_seed=9314321 eps=196 min_eps=172 loads=[23;52;0;7;172] u=[3;2;6;5;1] guided(E=674.00,mk=196,t=1.49s)
inst_seed=9314321 eps=195 min_eps=172 loads=[23;52;0;7;172] u=[3;2;6;5;1] guided(E=678.00,mk=195,t=1.37s)
inst_seed=9314321 eps=194 min_eps=172 loads=[23;52;0;7;172] u=[3;2;6;5;1] guided(E=680.00,mk=194,t=1.36s)
inst_seed=9314321 eps=193 min_eps=172 loads=[23;52;0;7;172] u=[3;2;6;5;1] guided(E=680.00,mk=193,t=1.29s)
inst_seed=9314321 eps=192 min_eps=172 loads=[23;52;0;7;172] u=[3;2;6;5;1] guided(E=680.00,mk=192,t=1.27s)
inst_seed=9314321 eps=191 min_eps=172 loads=[23;52;0;7;172] u=[3;2;6;5;1] guided(E=680.00,mk=191,t=1.29s)
inst_seed=9314321 eps=190 min_eps=172 loads=[23;52;0;7;172] u=[3;2;6;5;1] guided(E=680.00,mk=190,t=1.21s)
inst_seed=9314321 eps=189 min_eps=172 loads=[23;52;0;7;172] u=[3;2;6;5;1] guided(E=682.00,mk=189,t=1.28s)
inst_seed=9314321 eps=188 min_eps=172 loads=[23;52;0;7;172] u=[3;2;6;5;1] guided(E=682.00,mk=188,t=1.26s)
inst_seed=9314321 eps=187 min_eps=172 loads=[23;52;0;7;172] u=[3;2;6;5;1] guided(E=682.00,mk=187,t=1.22s)
inst_seed=9314321 eps=186 min_eps=172 loads=[23;52;0;7;172] u=[3;2;6;5;1] guided(E=682.00,mk=186,t=1.24s)
inst_seed=9314321 eps=185 min_eps=172 loads=[23;52;0;7;172] u=[3;2;6;5;1] guided(E=680.00,mk=185,t=1.16s)
inst_seed=9314321 eps=184 min_eps=172 loads=[23;52;0;7;172] u=[3;2;6;5;1] guided(E=682.00,mk=184,t=1.16s)
inst_seed=9314321 eps=183 min_eps=172 loads=[23;52;0;7;172] u=[3;2;6;5;1] guided(E=683.00,mk=183,t=1.19s)
inst_seed=9314321 eps=182 min_eps=172 loads=[23;52;0;7;172] u=[3;2;6;5;1] guided(E=684.00,mk=182,t=1.18s)
inst_seed=9314321 eps=181 min_eps=172 loads=[23;52;0;7;172] u=[3;2;6;5;1] guided(E=683.00,mk=181,t=1.14s)
inst_seed=9314321 eps=180 min_eps=172 loads=[23;52;0;7;172] u=[3;2;6;5;1] guided(E=684.00,mk=180,t=1.14s)
inst_seed=9314321 eps=179 min_eps=172 loads=[23;52;0;7;172] u=[3;2;6;5;1] guided(E=686.00,mk=179,t=1.15s)
inst_seed=9314321 eps=178 min_eps=172 loads=[23;52;0;7;172] u=[3;2;6;5;1] guided(E=686.00,mk=178,t=1.09s)
inst_seed=9314321 eps=177 min_eps=172 loads=[23;52;0;7;172] u=[3;2;6;5;1] guided(E=688.00,mk=177,t=1.09s)
inst_seed=9314321 eps=176 min_eps=172 loads=[23;52;0;7;172] u=[3;2;6;5;1] guided(E=690.00,mk=176,t=1.11s)
inst_seed=9314321 eps=175 min_eps=172 loads=[23;52;0;7;172] u=[3;2;6;5;1] guided(E=690.00,mk=175,t=1.08s)
inst_seed=9314321 eps=174 min_eps=172 loads=[23;52;0;7;172] u=[3;2;6;5;1] guided(E=690.00,mk=174,t=1.07s)
inst_seed=9314321 eps=173 min_eps=172 loads=[23;52;0;7;172] u=[3;2;6;5;1] guided(E=690.00,mk=173,t=1.04s)
inst_seed=9314321 eps=172 min_eps=172 loads=[23;52;0;7;172] u=[3;2;6;5;1] guided(E=690.00,mk=172,t=1.00s)
inst_seed=8614656 eps=200 min_eps=196 loads=[9;9;196;17;51] u=[5;6;1;4;2] guided(E=840.00,mk=200,t=0.95s)
inst_seed=8614656 eps=199 min_eps=196 loads=[9;9;196;17;51] u=[5;6;1;4;2] guided(E=842.00,mk=199,t=0.95s)
inst_seed=8614656 eps=198 min_eps=196 loads=[9;9;196;17;51] u=[5;6;1;4;2] guided(E=844.00,mk=198,t=0.95s)
inst_seed=8614656 eps=197 min_eps=196 loads=[9;9;196;17;51] u=[5;6;1;4;2] guided(E=846.00,mk=197,t=0.93s)
inst_seed=8614656 eps=196 min_eps=196 loads=[9;9;196;17;51] u=[5;6;1;4;2] guided(E=848.00,mk=196,t=0.94s)
inst_seed=5443234 eps=200 min_eps=191 loads=[20;54;5;11;191] u=[4;3;5;6;2] guided(E=1329.00,mk=200,t=1.37s)
inst_seed=5443234 eps=199 min_eps=191 loads=[20;54;5;11;191] u=[4;3;5;6;2] guided(E=1325.00,mk=199,t=1.33s)
inst_seed=5443234 eps=198 min_eps=191 loads=[20;54;5;11;191] u=[4;3;5;6;2] guided(E=1329.00,mk=198,t=1.35s)
inst_seed=5443234 eps=197 min_eps=191 loads=[20;54;5;11;191] u=[4;3;5;6;2] guided(E=1329.00,mk=197,t=1.35s)
inst_seed=5443234 eps=196 min_eps=191 loads=[20;54;5;11;191] u=[4;3;5;6;2] guided(E=1333.00,mk=196,t=1.33s)
inst_seed=5443234 eps=195 min_eps=191 loads=[20;54;5;11;191] u=[4;3;5;6;2] guided(E=1333.00,mk=195,t=1.32s)
inst_seed=5443234 eps=194 min_eps=191 loads=[20;54;5;11;191] u=[4;3;5;6;2] guided(E=1333.00,mk=194,t=1.31s)
inst_seed=5443234 eps=193 min_eps=191 loads=[20;54;5;11;191] u=[4;3;5;6;2] guided(E=1333.00,mk=193,t=1.29s)
inst_seed=5443234 eps=192 min_eps=191 loads=[20;54;5;11;191] u=[4;3;5;6;2] guided(E=1333.00,mk=192,t=1.26s)
inst_seed=5443234 eps=191 min_eps=191 loads=[20;54;5;11;191] u=[4;3;5;6;2] guided(E=1337.00,mk=191,t=1.21s)
inst_seed=3805224 eps=200 min_eps=195 loads=[20;23;195;12;13] u=[5;3;1;3;5] guided(E=854.00,mk=200,t=1.18s)
inst_seed=3805224 eps=199 min_eps=195 loads=[20;23;195;12;13] u=[5;3;1;3;5] guided(E=856.00,mk=199,t=1.16s)
inst_seed=3805224 eps=198 min_eps=195 loads=[20;23;195;12;13] u=[5;3;1;3;5] guided(E=858.00,mk=198,t=1.18s)
inst_seed=3805224 eps=197 min_eps=195 loads=[20;23;195;12;13] u=[5;3;1;3;5] guided(E=860.00,mk=197,t=1.14s)
inst_seed=3805224 eps=196 min_eps=195 loads=[20;23;195;12;13] u=[5;3;1;3;5] guided(E=862.00,mk=196,t=1.13s)
inst_seed=3805224 eps=195 min_eps=195 loads=[20;23;195;12;13] u=[5;3;1;3;5] guided(E=862.00,mk=195,t=1.09s)
inst_seed=4652797 eps=220 min_eps=213 loads=[1;2;28;213;0] u=[5;6;4;2;6] guided(E=1113.00,mk=220,t=1.57s)
inst_seed=4652797 eps=219 min_eps=213 loads=[1;2;28;213;0] u=[5;6;4;2;6] guided(E=1113.00,mk=219,t=1.54s)
inst_seed=4652797 eps=218 min_eps=213 loads=[1;2;28;213;0] u=[5;6;4;2;6] guided(E=1117.00,mk=218,t=1.51s)
inst_seed=4652797 eps=217 min_eps=213 loads=[1;2;28;213;0] u=[5;6;4;2;6] guided(E=1117.00,mk=217,t=1.47s)
inst_seed=4652797 eps=216 min_eps=213 loads=[1;2;28;213;0] u=[5;6;4;2;6] guided(E=1121.00,mk=216,t=1.49s)
inst_seed=4652797 eps=215 min_eps=213 loads=[1;2;28;213;0] u=[5;6;4;2;6] guided(E=1121.00,mk=215,t=1.48s)
inst_seed=4652797 eps=214 min_eps=213 loads=[1;2;28;213;0] u=[5;6;4;2;6] guided(E=1121.00,mk=214,t=1.45s)
inst_seed=4652797 eps=213 min_eps=213 loads=[1;2;28;213;0] u=[5;6;4;2;6] guided(E=1121.00,mk=213,t=1.39s)
inst_seed=8870342 eps=260 min_eps=189 loads=[137;0;189;0;0] u=[1;6;1;5;6] guided(E=554.00,mk=260,t=3.58s)
inst_seed=8870342 eps=259 min_eps=189 loads=[137;0;189;0;0] u=[1;6;1;5;6] guided(E=556.00,mk=259,t=3.53s)
inst_seed=8870342 eps=258 min_eps=189 loads=[137;0;189;0;0] u=[1;6;1;5;6] guided(E=560.00,mk=258,t=3.58s)
inst_seed=8870342 eps=257 min_eps=189 loads=[137;0;189;0;0] u=[1;6;1;5;6] guided(E=556.00,mk=257,t=3.61s)
inst_seed=8870342 eps=256 min_eps=189 loads=[137;0;189;0;0] u=[1;6;1;5;6] guided(E=556.00,mk=255,t=3.62s)
inst_seed=8870342 eps=254 min_eps=189 loads=[137;0;189;0;0] u=[1;6;1;5;6] guided(E=568.00,mk=254,t=3.62s)
inst_seed=8870342 eps=253 min_eps=189 loads=[137;0;189;0;0] u=[1;6;1;5;6] guided(E=576.00,mk=253,t=3.59s)
inst_seed=8870342 eps=252 min_eps=189 loads=[137;0;189;0;0] u=[1;6;1;5;6] guided(E=584.00,mk=252,t=3.61s)
inst_seed=8870342 eps=251 min_eps=189 loads=[137;0;189;0;0] u=[1;6;1;5;6] guided(E=586.00,mk=251,t=3.70s)
inst_seed=8870342 eps=250 min_eps=189 loads=[137;0;189;0;0] u=[1;6;1;5;6] guided(E=584.00,mk=250,t=3.67s)
inst_seed=8870342 eps=249 min_eps=189 loads=[137;0;189;0;0] u=[1;6;1;5;6] guided(E=582.00,mk=249,t=3.59s)
inst_seed=8870342 eps=248 min_eps=189 loads=[137;0;189;0;0] u=[1;6;1;5;6] guided(E=578.00,mk=248,t=3.51s)
inst_seed=8870342 eps=247 min_eps=189 loads=[137;0;189;0;0] u=[1;6;1;5;6] guided(E=580.00,mk=247,t=3.62s)
inst_seed=8870342 eps=246 min_eps=189 loads=[137;0;189;0;0] u=[1;6;1;5;6] guided(E=581.00,mk=246,t=3.61s)
inst_seed=8870342 eps=245 min_eps=189 loads=[137;0;189;0;0] u=[1;6;1;5;6] guided(E=582.00,mk=245,t=3.55s)
inst_seed=8870342 eps=244 min_eps=189 loads=[137;0;189;0;0] u=[1;6;1;5;6] guided(E=584.00,mk=244,t=3.53s)
inst_seed=8870342 eps=243 min_eps=189 loads=[137;0;189;0;0] u=[1;6;1;5;6] guided(E=584.00,mk=243,t=3.54s)
inst_seed=8870342 eps=242 min_eps=189 loads=[137;0;189;0;0] u=[1;6;1;5;6] guided(E=586.00,mk=242,t=3.42s)
inst_seed=8870342 eps=241 min_eps=189 loads=[137;0;189;0;0] u=[1;6;1;5;6] guided(E=590.00,mk=241,t=3.42s)
inst_seed=8870342 eps=240 min_eps=189 loads=[137;0;189;0;0] u=[1;6;1;5;6] guided(E=588.00,mk=240,t=3.45s)
inst_seed=8870342 eps=239 min_eps=189 loads=[137;0;189;0;0] u=[1;6;1;5;6] guided(E=588.00,mk=239,t=3.27s)
inst_seed=8870342 eps=238 min_eps=189 loads=[137;0;189;0;0] u=[1;6;1;5;6] guided(E=582.00,mk=238,t=3.34s)
inst_seed=8870342 eps=237 min_eps=189 loads=[137;0;189;0;0] u=[1;6;1;5;6] guided(E=584.00,mk=237,t=3.31s)
inst_seed=8870342 eps=236 min_eps=189 loads=[137;0;189;0;0] u=[1;6;1;5;6] guided(E=584.00,mk=236,t=3.29s)
inst_seed=8870342 eps=235 min_eps=189 loads=[137;0;189;0;0] u=[1;6;1;5;6] guided(E=596.00,mk=235,t=3.39s)
inst_seed=8870342 eps=234 min_eps=189 loads=[137;0;189;0;0] u=[1;6;1;5;6] guided(E=604.00,mk=234,t=3.32s)
inst_seed=8870342 eps=233 min_eps=189 loads=[137;0;189;0;0] u=[1;6;1;5;6] guided(E=608.00,mk=233,t=3.33s)
inst_seed=8870342 eps=232 min_eps=189 loads=[137;0;189;0;0] u=[1;6;1;5;6] guided(E=612.00,mk=232,t=3.18s)
inst_seed=8870342 eps=231 min_eps=189 loads=[137;0;189;0;0] u=[1;6;1;5;6] guided(E=612.00,mk=231,t=3.14s)
inst_seed=8870342 eps=230 min_eps=189 loads=[137;0;189;0;0] u=[1;6;1;5;6] guided(E=614.00,mk=230,t=3.17s)
inst_seed=8870342 eps=229 min_eps=189 loads=[137;0;189;0;0] u=[1;6;1;5;6] guided(E=616.00,mk=229,t=3.14s)
inst_seed=8870342 eps=228 min_eps=189 loads=[137;0;189;0;0] u=[1;6;1;5;6] guided(E=616.00,mk=228,t=3.10s)
inst_seed=8870342 eps=227 min_eps=189 loads=[137;0;189;0;0] u=[1;6;1;5;6] guided(E=616.00,mk=227,t=3.09s)
inst_seed=8870342 eps=226 min_eps=189 loads=[137;0;189;0;0] u=[1;6;1;5;6] guided(E=616.00,mk=226,t=3.09s)
inst_seed=8870342 eps=225 min_eps=189 loads=[137;0;189;0;0] u=[1;6;1;5;6] guided(E=616.00,mk=225,t=3.06s)
inst_seed=8870342 eps=224 min_eps=189 loads=[137;0;189;0;0] u=[1;6;1;5;6] guided(E=618.00,mk=224,t=3.05s)
inst_seed=8870342 eps=223 min_eps=189 loads=[137;0;189;0;0] u=[1;6;1;5;6] guided(E=616.00,mk=223,t=3.00s)
inst_seed=8870342 eps=222 min_eps=189 loads=[137;0;189;0;0] u=[1;6;1;5;6] guided(E=620.00,mk=222,t=3.06s)
inst_seed=8870342 eps=221 min_eps=189 loads=[137;0;189;0;0] u=[1;6;1;5;6] guided(E=614.00,mk=221,t=3.00s)
inst_seed=8870342 eps=220 min_eps=189 loads=[137;0;189;0;0] u=[1;6;1;5;6] guided(E=618.00,mk=220,t=3.01s)
inst_seed=8870342 eps=219 min_eps=189 loads=[137;0;189;0;0] u=[1;6;1;5;6] guided(E=620.00,mk=219,t=3.01s)
inst_seed=8870342 eps=218 min_eps=189 loads=[137;0;189;0;0] u=[1;6;1;5;6] guided(E=620.00,mk=218,t=2.97s)
inst_seed=8870342 eps=217 min_eps=189 loads=[137;0;189;0;0] u=[1;6;1;5;6] guided(E=620.00,mk=217,t=2.96s)
inst_seed=8870342 eps=216 min_eps=189 loads=[137;0;189;0;0] u=[1;6;1;5;6] guided(E=622.00,mk=216,t=2.93s)
inst_seed=8870342 eps=215 min_eps=189 loads=[137;0;189;0;0] u=[1;6;1;5;6] guided(E=626.00,mk=215,t=2.80s)
inst_seed=8870342 eps=214 min_eps=189 loads=[137;0;189;0;0] u=[1;6;1;5;6] guided(E=626.00,mk=214,t=2.85s)
inst_seed=8870342 eps=213 min_eps=189 loads=[137;0;189;0;0] u=[1;6;1;5;6] guided(E=628.00,mk=213,t=2.94s)
inst_seed=8870342 eps=212 min_eps=189 loads=[137;0;189;0;0] u=[1;6;1;5;6] guided(E=628.00,mk=212,t=2.82s)
inst_seed=8870342 eps=211 min_eps=189 loads=[137;0;189;0;0] u=[1;6;1;5;6] guided(E=630.00,mk=211,t=2.87s)
inst_seed=8870342 eps=210 min_eps=189 loads=[137;0;189;0;0] u=[1;6;1;5;6] guided(E=630.00,mk=210,t=2.79s)
inst_seed=8870342 eps=209 min_eps=189 loads=[137;0;189;0;0] u=[1;6;1;5;6] guided(E=630.00,mk=209,t=2.73s)
inst_seed=8870342 eps=208 min_eps=189 loads=[137;0;189;0;0] u=[1;6;1;5;6] guided(E=630.00,mk=208,t=2.80s)
inst_seed=8870342 eps=207 min_eps=189 loads=[137;0;189;0;0] u=[1;6;1;5;6] guided(E=630.00,mk=207,t=2.71s)
inst_seed=8870342 eps=206 min_eps=189 loads=[137;0;189;0;0] u=[1;6;1;5;6] guided(E=632.00,mk=206,t=2.69s)
inst_seed=8870342 eps=205 min_eps=189 loads=[137;0;189;0;0] u=[1;6;1;5;6] guided(E=632.00,mk=205,t=2.74s)
inst_seed=8870342 eps=204 min_eps=189 loads=[137;0;189;0;0] u=[1;6;1;5;6] guided(E=632.00,mk=204,t=2.55s)
inst_seed=8870342 eps=203 min_eps=189 loads=[137;0;189;0;0] u=[1;6;1;5;6] guided(E=634.00,mk=203,t=2.57s)
inst_seed=8870342 eps=202 min_eps=189 loads=[137;0;189;0;0] u=[1;6;1;5;6] guided(E=636.00,mk=202,t=2.55s)
inst_seed=8870342 eps=201 min_eps=189 loads=[137;0;189;0;0] u=[1;6;1;5;6] guided(E=636.00,mk=201,t=2.50s)
inst_seed=8870342 eps=200 min_eps=189 loads=[137;0;189;0;0] u=[1;6;1;5;6] guided(E=640.00,mk=200,t=2.49s)
inst_seed=8870342 eps=199 min_eps=189 loads=[137;0;189;0;0] u=[1;6;1;5;6] guided(E=640.00,mk=199,t=2.53s)
inst_seed=8870342 eps=198 min_eps=189 loads=[137;0;189;0;0] u=[1;6;1;5;6] guided(E=640.00,mk=198,t=2.51s)
inst_seed=8870342 eps=197 min_eps=189 loads=[137;0;189;0;0] u=[1;6;1;5;6] guided(E=638.00,mk=197,t=2.46s)
inst_seed=8870342 eps=196 min_eps=189 loads=[137;0;189;0;0] u=[1;6;1;5;6] guided(E=638.00,mk=196,t=2.45s)
inst_seed=8870342 eps=195 min_eps=189 loads=[137;0;189;0;0] u=[1;6;1;5;6] guided(E=640.00,mk=195,t=2.45s)
inst_seed=8870342 eps=194 min_eps=189 loads=[137;0;189;0;0] u=[1;6;1;5;6] guided(E=640.00,mk=194,t=2.45s)
inst_seed=8870342 eps=193 min_eps=189 loads=[137;0;189;0;0] u=[1;6;1;5;6] guided(E=638.00,mk=193,t=2.54s)
inst_seed=8870342 eps=192 min_eps=189 loads=[137;0;189;0;0] u=[1;6;1;5;6] guided(E=648.00,mk=192,t=2.50s)
inst_seed=8870342 eps=191 min_eps=189 loads=[137;0;189;0;0] u=[1;6;1;5;6] guided(E=650.00,mk=191,t=2.53s)
inst_seed=8870342 eps=190 min_eps=189 loads=[137;0;189;0;0] u=[1;6;1;5;6] guided(E=652.00,mk=190,t=2.44s)
inst_seed=8870342 eps=189 min_eps=189 loads=[137;0;189;0;0] u=[1;6;1;5;6] guided(E=652.00,mk=189,t=2.39s)
inst_seed=623074 eps=280 min_eps=115 loads=[115;0;39;96;69] u=[2;5;2;2;3] guided(E=1089.00,mk=223,t=2.00s)
inst_seed=623074 eps=222 min_eps=115 loads=[115;0;39;96;69] u=[2;5;2;2;3] guided(E=1093.00,mk=222,t=1.80s)
inst_seed=623074 eps=221 min_eps=115 loads=[115;0;39;96;69] u=[2;5;2;2;3] guided(E=1103.00,mk=203,t=1.73s)
inst_seed=623074 eps=202 min_eps=115 loads=[115;0;39;96;69] u=[2;5;2;2;3] guided(E=1103.00,mk=202,t=1.66s)
inst_seed=623074 eps=201 min_eps=115 loads=[115;0;39;96;69] u=[2;5;2;2;3] guided(E=1105.00,mk=201,t=1.68s)
inst_seed=623074 eps=200 min_eps=115 loads=[115;0;39;96;69] u=[2;5;2;2;3] guided(E=1107.00,mk=184,t=1.63s)
inst_seed=623074 eps=183 min_eps=115 loads=[115;0;39;96;69] u=[2;5;2;2;3] guided(E=1111.00,mk=183,t=1.64s)
inst_seed=623074 eps=182 min_eps=115 loads=[115;0;39;96;69] u=[2;5;2;2;3] guided(E=1115.00,mk=182,t=1.63s)
inst_seed=623074 eps=181 min_eps=115 loads=[115;0;39;96;69] u=[2;5;2;2;3] guided(E=1119.00,mk=181,t=1.59s)
inst_seed=623074 eps=180 min_eps=115 loads=[115;0;39;96;69] u=[2;5;2;2;3] guided(E=1123.00,mk=164,t=1.52s)
inst_seed=623074 eps=163 min_eps=115 loads=[115;0;39;96;69] u=[2;5;2;2;3] guided(E=1127.00,mk=163,t=1.57s)
inst_seed=623074 eps=162 min_eps=115 loads=[115;0;39;96;69] u=[2;5;2;2;3] guided(E=1137.00,mk=162,t=1.47s)
inst_seed=623074 eps=161 min_eps=115 loads=[115;0;39;96;69] u=[2;5;2;2;3] guided(E=1144.00,mk=161,t=1.43s)
inst_seed=623074 eps=160 min_eps=115 loads=[115;0;39;96;69] u=[2;5;2;2;3] guided(E=1148.00,mk=147,t=1.37s)
inst_seed=623074 eps=146 min_eps=115 loads=[115;0;39;96;69] u=[2;5;2;2;3] guided(E=1176.00,mk=146,t=1.50s)
inst_seed=623074 eps=145 min_eps=115 loads=[115;0;39;96;69] u=[2;5;2;2;3] guided(E=1172.00,mk=145,t=1.44s)
inst_seed=623074 eps=144 min_eps=115 loads=[115;0;39;96;69] u=[2;5;2;2;3] guided(E=1164.00,mk=144,t=1.44s)
inst_seed=623074 eps=143 min_eps=115 loads=[115;0;39;96;69] u=[2;5;2;2;3] guided(E=1159.00,mk=143,t=1.37s)
inst_seed=623074 eps=142 min_eps=115 loads=[115;0;39;96;69] u=[2;5;2;2;3] guided(E=1170.00,mk=142,t=1.35s)
inst_seed=623074 eps=141 min_eps=115 loads=[115;0;39;96;69] u=[2;5;2;2;3] guided(E=1177.00,mk=141,t=1.32s)
inst_seed=623074 eps=140 min_eps=115 loads=[115;0;39;96;69] u=[2;5;2;2;3] guided(E=1188.00,mk=140,t=1.30s)
inst_seed=623074 eps=139 min_eps=115 loads=[115;0;39;96;69] u=[2;5;2;2;3] guided(E=1192.00,mk=139,t=1.29s)
inst_seed=623074 eps=138 min_eps=115 loads=[115;0;39;96;69] u=[2;5;2;2;3] guided(E=1196.00,mk=138,t=1.29s)
inst_seed=623074 eps=137 min_eps=115 loads=[115;0;39;96;69] u=[2;5;2;2;3] guided(E=1200.00,mk=137,t=1.26s)
inst_seed=623074 eps=136 min_eps=115 loads=[115;0;39;96;69] u=[2;5;2;2;3] guided(E=1204.00,mk=135,t=1.25s)
inst_seed=623074 eps=134 min_eps=115 loads=[115;0;39;96;69] u=[2;5;2;2;3] guided(E=1208.00,mk=134,t=1.26s)
inst_seed=623074 eps=133 min_eps=115 loads=[115;0;39;96;69] u=[2;5;2;2;3] guided(E=1228.00,mk=133,t=1.32s)
inst_seed=623074 eps=132 min_eps=115 loads=[115;0;39;96;69] u=[2;5;2;2;3] guided(E=1240.00,mk=132,t=1.26s)
inst_seed=623074 eps=131 min_eps=115 loads=[115;0;39;96;69] u=[2;5;2;2;3] guided(E=1244.00,mk=131,t=1.32s)
inst_seed=623074 eps=130 min_eps=115 loads=[115;0;39;96;69] u=[2;5;2;2;3] guided(E=1240.00,mk=130,t=1.28s)
inst_seed=623074 eps=129 min_eps=115 loads=[115;0;39;96;69] u=[2;5;2;2;3] guided(E=1236.00,mk=129,t=1.21s)
inst_seed=623074 eps=128 min_eps=115 loads=[115;0;39;96;69] u=[2;5;2;2;3] guided(E=1240.00,mk=128,t=1.21s)
inst_seed=623074 eps=127 min_eps=115 loads=[115;0;39;96;69] u=[2;5;2;2;3] guided(E=1228.00,mk=127,t=1.17s)
inst_seed=623074 eps=126 min_eps=115 loads=[115;0;39;96;69] u=[2;5;2;2;3] guided(E=1232.00,mk=126,t=1.15s)
inst_seed=623074 eps=125 min_eps=115 loads=[115;0;39;96;69] u=[2;5;2;2;3] guided(E=1232.00,mk=125,t=1.10s)
inst_seed=623074 eps=124 min_eps=115 loads=[115;0;39;96;69] u=[2;5;2;2;3] guided(E=1236.00,mk=124,t=1.12s)
inst_seed=623074 eps=123 min_eps=115 loads=[115;0;39;96;69] u=[2;5;2;2;3] guided(E=1247.00,mk=123,t=1.09s)
inst_seed=623074 eps=122 min_eps=115 loads=[115;0;39;96;69] u=[2;5;2;2;3] guided(E=1258.00,mk=122,t=1.05s)
inst_seed=623074 eps=121 min_eps=115 loads=[115;0;39;96;69] u=[2;5;2;2;3] guided(E=1269.00,mk=121,t=1.04s)
inst_seed=623074 eps=120 min_eps=115 loads=[115;0;39;96;69] u=[2;5;2;2;3] guided(E=1280.00,mk=120,t=1.03s)
inst_seed=623074 eps=119 min_eps=115 loads=[115;0;39;96;69] u=[2;5;2;2;3] guided(E=1288.00,mk=119,t=0.99s)
inst_seed=623074 eps=118 min_eps=115 loads=[115;0;39;96;69] u=[2;5;2;2;3] guided(E=1296.00,mk=118,t=0.98s)
inst_seed=623074 eps=117 min_eps=115 loads=[115;0;39;96;69] u=[2;5;2;2;3] guided(E=1304.00,mk=117,t=0.96s)
inst_seed=623074 eps=116 min_eps=115 loads=[115;0;39;96;69] u=[2;5;2;2;3] guided(E=1312.00,mk=116,t=0.95s)
inst_seed=623074 eps=115 min_eps=115 loads=[115;0;39;96;69] u=[2;5;2;2;3] guided(E=1312.00,mk=115,t=0.91s)
inst_seed=1677649 eps=200 min_eps=145 loads=[63;4;145;17;0] u=[2;6;1;4;4] guided(E=558.00,mk=198,t=1.52s)
inst_seed=1677649 eps=197 min_eps=145 loads=[63;4;145;17;0] u=[2;6;1;4;4] guided(E=566.00,mk=191,t=1.49s)
inst_seed=1677649 eps=190 min_eps=145 loads=[63;4;145;17;0] u=[2;6;1;4;4] guided(E=584.00,mk=190,t=1.50s)
inst_seed=1677649 eps=189 min_eps=145 loads=[63;4;145;17;0] u=[2;6;1;4;4] guided(E=584.00,mk=189,t=1.49s)
inst_seed=1677649 eps=188 min_eps=145 loads=[63;4;145;17;0] u=[2;6;1;4;4] guided(E=586.00,mk=188,t=1.49s)
inst_seed=1677649 eps=187 min_eps=145 loads=[63;4;145;17;0] u=[2;6;1;4;4] guided(E=588.00,mk=187,t=1.40s)
inst_seed=1677649 eps=186 min_eps=145 loads=[63;4;145;17;0] u=[2;6;1;4;4] guided(E=582.00,mk=186,t=1.44s)
inst_seed=1677649 eps=185 min_eps=145 loads=[63;4;145;17;0] u=[2;6;1;4;4] guided(E=586.00,mk=185,t=1.38s)
inst_seed=1677649 eps=184 min_eps=145 loads=[63;4;145;17;0] u=[2;6;1;4;4] guided(E=588.00,mk=184,t=1.40s)
inst_seed=1677649 eps=183 min_eps=145 loads=[63;4;145;17;0] u=[2;6;1;4;4] guided(E=589.00,mk=183,t=1.38s)
inst_seed=1677649 eps=182 min_eps=145 loads=[63;4;145;17;0] u=[2;6;1;4;4] guided(E=584.00,mk=182,t=1.39s)
inst_seed=1677649 eps=181 min_eps=145 loads=[63;4;145;17;0] u=[2;6;1;4;4] guided(E=585.00,mk=181,t=1.39s)
inst_seed=1677649 eps=180 min_eps=145 loads=[63;4;145;17;0] u=[2;6;1;4;4] guided(E=592.00,mk=180,t=1.38s)
inst_seed=1677649 eps=179 min_eps=145 loads=[63;4;145;17;0] u=[2;6;1;4;4] guided(E=588.00,mk=179,t=1.31s)
inst_seed=1677649 eps=178 min_eps=145 loads=[63;4;145;17;0] u=[2;6;1;4;4] guided(E=588.00,mk=178,t=1.30s)
inst_seed=1677649 eps=177 min_eps=145 loads=[63;4;145;17;0] u=[2;6;1;4;4] guided(E=584.00,mk=177,t=1.30s)
inst_seed=1677649 eps=176 min_eps=145 loads=[63;4;145;17;0] u=[2;6;1;4;4] guided(E=584.00,mk=176,t=1.26s)
inst_seed=1677649 eps=175 min_eps=145 loads=[63;4;145;17;0] u=[2;6;1;4;4] guided(E=598.00,mk=175,t=1.29s)
inst_seed=1677649 eps=174 min_eps=145 loads=[63;4;145;17;0] u=[2;6;1;4;4] guided(E=606.00,mk=174,t=1.24s)
inst_seed=1677649 eps=173 min_eps=145 loads=[63;4;145;17;0] u=[2;6;1;4;4] guided(E=602.00,mk=173,t=1.14s)
inst_seed=1677649 eps=172 min_eps=145 loads=[63;4;145;17;0] u=[2;6;1;4;4] guided(E=604.00,mk=172,t=1.13s)
inst_seed=1677649 eps=171 min_eps=145 loads=[63;4;145;17;0] u=[2;6;1;4;4] guided(E=604.00,mk=171,t=1.15s)
inst_seed=1677649 eps=170 min_eps=145 loads=[63;4;145;17;0] u=[2;6;1;4;4] guided(E=606.00,mk=170,t=1.14s)
inst_seed=1677649 eps=169 min_eps=145 loads=[63;4;145;17;0] u=[2;6;1;4;4] guided(E=616.00,mk=169,t=1.10s)
inst_seed=1677649 eps=168 min_eps=145 loads=[63;4;145;17;0] u=[2;6;1;4;4] guided(E=616.00,mk=168,t=1.01s)
inst_seed=1677649 eps=167 min_eps=145 loads=[63;4;145;17;0] u=[2;6;1;4;4] guided(E=608.00,mk=167,t=1.04s)
inst_seed=1677649 eps=166 min_eps=145 loads=[63;4;145;17;0] u=[2;6;1;4;4] guided(E=610.00,mk=166,t=1.07s)
inst_seed=1677649 eps=165 min_eps=145 loads=[63;4;145;17;0] u=[2;6;1;4;4] guided(E=616.00,mk=165,t=1.03s)
inst_seed=1677649 eps=164 min_eps=145 loads=[63;4;145;17;0] u=[2;6;1;4;4] guided(E=608.00,mk=164,t=1.04s)
inst_seed=1677649 eps=163 min_eps=145 loads=[63;4;145;17;0] u=[2;6;1;4;4] guided(E=611.00,mk=163,t=1.00s)
inst_seed=1677649 eps=162 min_eps=145 loads=[63;4;145;17;0] u=[2;6;1;4;4] guided(E=616.00,mk=162,t=0.99s)
inst_seed=1677649 eps=161 min_eps=145 loads=[63;4;145;17;0] u=[2;6;1;4;4] guided(E=615.00,mk=161,t=0.99s)
inst_seed=1677649 eps=160 min_eps=145 loads=[63;4;145;17;0] u=[2;6;1;4;4] guided(E=612.00,mk=160,t=1.02s)
inst_seed=1677649 eps=159 min_eps=145 loads=[63;4;145;17;0] u=[2;6;1;4;4] guided(E=612.00,mk=159,t=1.04s)
inst_seed=1677649 eps=158 min_eps=145 loads=[63;4;145;17;0] u=[2;6;1;4;4] guided(E=614.00,mk=158,t=1.02s)
inst_seed=1677649 eps=157 min_eps=145 loads=[63;4;145;17;0] u=[2;6;1;4;4] guided(E=616.00,mk=157,t=1.01s)
inst_seed=1677649 eps=156 min_eps=145 loads=[63;4;145;17;0] u=[2;6;1;4;4] guided(E=618.00,mk=156,t=0.98s)
inst_seed=1677649 eps=155 min_eps=145 loads=[63;4;145;17;0] u=[2;6;1;4;4] guided(E=618.00,mk=155,t=0.94s)
inst_seed=1677649 eps=154 min_eps=145 loads=[63;4;145;17;0] u=[2;6;1;4;4] guided(E=618.00,mk=154,t=0.89s)
inst_seed=1677649 eps=153 min_eps=145 loads=[63;4;145;17;0] u=[2;6;1;4;4] guided(E=620.00,mk=153,t=0.87s)
inst_seed=1677649 eps=152 min_eps=145 loads=[63;4;145;17;0] u=[2;6;1;4;4] guided(E=620.00,mk=152,t=0.90s)
inst_seed=1677649 eps=151 min_eps=145 loads=[63;4;145;17;0] u=[2;6;1;4;4] guided(E=622.00,mk=151,t=0.88s)
inst_seed=1677649 eps=150 min_eps=145 loads=[63;4;145;17;0] u=[2;6;1;4;4] guided(E=622.00,mk=150,t=0.86s)
inst_seed=1677649 eps=149 min_eps=145 loads=[63;4;145;17;0] u=[2;6;1;4;4] guided(E=624.00,mk=149,t=0.86s)
inst_seed=1677649 eps=148 min_eps=145 loads=[63;4;145;17;0] u=[2;6;1;4;4] guided(E=624.00,mk=148,t=0.85s)
inst_seed=1677649 eps=147 min_eps=145 loads=[63;4;145;17;0] u=[2;6;1;4;4] guided(E=626.00,mk=147,t=0.87s)
inst_seed=1677649 eps=146 min_eps=145 loads=[63;4;145;17;0] u=[2;6;1;4;4] guided(E=628.00,mk=146,t=0.83s)
inst_seed=1677649 eps=145 min_eps=145 loads=[63;4;145;17;0] u=[2;6;1;4;4] guided(E=630.00,mk=145,t=0.78s)
inst_seed=2207391 eps=260 min_eps=152 loads=[67;152;22;0;0] u=[2;1;3;6;6] guided(E=561.00,mk=244,t=1.66s)
inst_seed=2207391 eps=243 min_eps=152 loads=[67;152;22;0;0] u=[2;1;3;6;6] guided(E=562.00,mk=243,t=1.67s)
inst_seed=2207391 eps=242 min_eps=152 loads=[67;152;22;0;0] u=[2;1;3;6;6] guided(E=563.00,mk=242,t=1.53s)
inst_seed=2207391 eps=241 min_eps=152 loads=[67;152;22;0;0] u=[2;1;3;6;6] guided(E=564.00,mk=241,t=1.61s)
inst_seed=2207391 eps=240 min_eps=152 loads=[67;152;22;0;0] u=[2;1;3;6;6] guided(E=565.00,mk=224,t=1.55s)
inst_seed=2207391 eps=223 min_eps=152 loads=[67;152;22;0;0] u=[2;1;3;6;6] guided(E=566.00,mk=223,t=1.57s)
inst_seed=2207391 eps=222 min_eps=152 loads=[67;152;22;0;0] u=[2;1;3;6;6] guided(E=567.00,mk=222,t=1.54s)
inst_seed=2207391 eps=221 min_eps=152 loads=[67;152;22;0;0] u=[2;1;3;6;6] guided(E=568.00,mk=221,t=1.41s)
inst_seed=2207391 eps=220 min_eps=152 loads=[67;152;22;0;0] u=[2;1;3;6;6] guided(E=569.00,mk=206,t=1.45s)
inst_seed=2207391 eps=205 min_eps=152 loads=[67;152;22;0;0] u=[2;1;3;6;6] guided(E=581.00,mk=205,t=1.47s)
inst_seed=2207391 eps=204 min_eps=152 loads=[67;152;22;0;0] u=[2;1;3;6;6] guided(E=577.00,mk=204,t=1.45s)
inst_seed=2207391 eps=203 min_eps=152 loads=[67;152;22;0;0] u=[2;1;3;6;6] guided(E=578.00,mk=203,t=1.37s)
inst_seed=2207391 eps=202 min_eps=152 loads=[67;152;22;0;0] u=[2;1;3;6;6] guided(E=577.00,mk=202,t=1.42s)
inst_seed=2207391 eps=201 min_eps=152 loads=[67;152;22;0;0] u=[2;1;3;6;6] guided(E=580.00,mk=201,t=1.53s)
inst_seed=2207391 eps=200 min_eps=152 loads=[67;152;22;0;0] u=[2;1;3;6;6] guided(E=581.00,mk=200,t=1.37s)
inst_seed=2207391 eps=199 min_eps=152 loads=[67;152;22;0;0] u=[2;1;3;6;6] guided(E=583.00,mk=199,t=1.46s)
inst_seed=2207391 eps=198 min_eps=152 loads=[67;152;22;0;0] u=[2;1;3;6;6] guided(E=585.00,mk=198,t=1.43s)
inst_seed=2207391 eps=197 min_eps=152 loads=[67;152;22;0;0] u=[2;1;3;6;6] guided(E=585.00,mk=197,t=1.46s)
inst_seed=2207391 eps=196 min_eps=152 loads=[67;152;22;0;0] u=[2;1;3;6;6] guided(E=585.00,mk=196,t=1.41s)
inst_seed=2207391 eps=195 min_eps=152 loads=[67;152;22;0;0] u=[2;1;3;6;6] guided(E=589.00,mk=195,t=1.32s)
inst_seed=2207391 eps=194 min_eps=152 loads=[67;152;22;0;0] u=[2;1;3;6;6] guided(E=593.00,mk=194,t=1.21s)
inst_seed=2207391 eps=193 min_eps=152 loads=[67;152;22;0;0] u=[2;1;3;6;6] guided(E=603.00,mk=193,t=1.37s)
inst_seed=2207391 eps=192 min_eps=152 loads=[67;152;22;0;0] u=[2;1;3;6;6] guided(E=613.00,mk=192,t=1.20s)
inst_seed=2207391 eps=191 min_eps=152 loads=[67;152;22;0;0] u=[2;1;3;6;6] guided(E=615.00,mk=191,t=1.29s)
inst_seed=2207391 eps=190 min_eps=152 loads=[67;152;22;0;0] u=[2;1;3;6;6] guided(E=613.00,mk=190,t=1.34s)
inst_seed=2207391 eps=189 min_eps=152 loads=[67;152;22;0;0] u=[2;1;3;6;6] guided(E=611.00,mk=189,t=1.30s)
inst_seed=2207391 eps=188 min_eps=152 loads=[67;152;22;0;0] u=[2;1;3;6;6] guided(E=611.00,mk=188,t=1.27s)
inst_seed=2207391 eps=187 min_eps=152 loads=[67;152;22;0;0] u=[2;1;3;6;6] guided(E=607.00,mk=187,t=1.28s)
inst_seed=2207391 eps=186 min_eps=152 loads=[67;152;22;0;0] u=[2;1;3;6;6] guided(E=609.00,mk=186,t=1.29s)
inst_seed=2207391 eps=185 min_eps=152 loads=[67;152;22;0;0] u=[2;1;3;6;6] guided(E=609.00,mk=185,t=1.23s)
inst_seed=2207391 eps=184 min_eps=152 loads=[67;152;22;0;0] u=[2;1;3;6;6] guided(E=607.00,mk=184,t=1.13s)
inst_seed=2207391 eps=183 min_eps=152 loads=[67;152;22;0;0] u=[2;1;3;6;6] guided(E=610.00,mk=183,t=1.31s)
inst_seed=2207391 eps=182 min_eps=152 loads=[67;152;22;0;0] u=[2;1;3;6;6] guided(E=611.00,mk=182,t=1.20s)
inst_seed=2207391 eps=181 min_eps=152 loads=[67;152;22;0;0] u=[2;1;3;6;6] guided(E=614.00,mk=181,t=1.25s)
inst_seed=2207391 eps=180 min_eps=152 loads=[67;152;22;0;0] u=[2;1;3;6;6] guided(E=613.00,mk=180,t=1.24s)
inst_seed=2207391 eps=179 min_eps=152 loads=[67;152;22;0;0] u=[2;1;3;6;6] guided(E=611.00,mk=179,t=1.22s)
inst_seed=2207391 eps=178 min_eps=152 loads=[67;152;22;0;0] u=[2;1;3;6;6] guided(E=611.00,mk=178,t=1.16s)
inst_seed=2207391 eps=177 min_eps=152 loads=[67;152;22;0;0] u=[2;1;3;6;6] guided(E=605.00,mk=177,t=1.13s)
inst_seed=2207391 eps=176 min_eps=152 loads=[67;152;22;0;0] u=[2;1;3;6;6] guided(E=607.00,mk=176,t=1.14s)
inst_seed=2207391 eps=175 min_eps=152 loads=[67;152;22;0;0] u=[2;1;3;6;6] guided(E=619.00,mk=175,t=1.20s)
inst_seed=2207391 eps=174 min_eps=152 loads=[67;152;22;0;0] u=[2;1;3;6;6] guided(E=625.00,mk=174,t=1.00s)
inst_seed=2207391 eps=173 min_eps=152 loads=[67;152;22;0;0] u=[2;1;3;6;6] guided(E=627.00,mk=173,t=1.03s)
inst_seed=2207391 eps=172 min_eps=152 loads=[67;152;22;0;0] u=[2;1;3;6;6] guided(E=627.00,mk=172,t=1.03s)
inst_seed=2207391 eps=171 min_eps=152 loads=[67;152;22;0;0] u=[2;1;3;6;6] guided(E=627.00,mk=171,t=0.94s)
inst_seed=2207391 eps=170 min_eps=152 loads=[67;152;22;0;0] u=[2;1;3;6;6] guided(E=629.00,mk=170,t=1.04s)
inst_seed=2207391 eps=169 min_eps=152 loads=[67;152;22;0;0] u=[2;1;3;6;6] guided(E=629.00,mk=169,t=1.05s)
inst_seed=2207391 eps=168 min_eps=152 loads=[67;152;22;0;0] u=[2;1;3;6;6] guided(E=629.00,mk=168,t=1.01s)
inst_seed=2207391 eps=167 min_eps=152 loads=[67;152;22;0;0] u=[2;1;3;6;6] guided(E=627.00,mk=167,t=0.95s)
inst_seed=2207391 eps=166 min_eps=152 loads=[67;152;22;0;0] u=[2;1;3;6;6] guided(E=627.00,mk=166,t=0.91s)
inst_seed=2207391 eps=165 min_eps=152 loads=[67;152;22;0;0] u=[2;1;3;6;6] guided(E=629.00,mk=165,t=0.99s)
inst_seed=2207391 eps=164 min_eps=152 loads=[67;152;22;0;0] u=[2;1;3;6;6] guided(E=629.00,mk=164,t=0.99s)
inst_seed=2207391 eps=163 min_eps=152 loads=[67;152;22;0;0] u=[2;1;3;6;6] guided(E=628.00,mk=163,t=0.93s)
inst_seed=2207391 eps=162 min_eps=152 loads=[67;152;22;0;0] u=[2;1;3;6;6] guided(E=627.00,mk=162,t=0.79s)
inst_seed=2207391 eps=161 min_eps=152 loads=[67;152;22;0;0] u=[2;1;3;6;6] guided(E=628.00,mk=161,t=0.90s)
inst_seed=2207391 eps=160 min_eps=152 loads=[67;152;22;0;0] u=[2;1;3;6;6] guided(E=631.00,mk=160,t=0.91s)
inst_seed=2207391 eps=159 min_eps=152 loads=[67;152;22;0;0] u=[2;1;3;6;6] guided(E=633.00,mk=159,t=0.92s)
inst_seed=2207391 eps=158 min_eps=152 loads=[67;152;22;0;0] u=[2;1;3;6;6] guided(E=633.00,mk=158,t=0.92s)
inst_seed=2207391 eps=157 min_eps=152 loads=[67;152;22;0;0] u=[2;1;3;6;6] guided(E=635.00,mk=157,t=0.92s)
inst_seed=2207391 eps=156 min_eps=152 loads=[67;152;22;0;0] u=[2;1;3;6;6] guided(E=637.00,mk=156,t=0.90s)
inst_seed=2207391 eps=155 min_eps=152 loads=[67;152;22;0;0] u=[2;1;3;6;6] guided(E=637.00,mk=155,t=0.89s)
inst_seed=2207391 eps=154 min_eps=152 loads=[67;152;22;0;0] u=[2;1;3;6;6] guided(E=637.00,mk=154,t=0.87s)
inst_seed=2207391 eps=153 min_eps=152 loads=[67;152;22;0;0] u=[2;1;3;6;6] guided(E=637.00,mk=153,t=0.85s)
inst_seed=2207391 eps=152 min_eps=152 loads=[67;152;22;0;0] u=[2;1;3;6;6] guided(E=637.00,mk=152,t=0.82s)
inst_seed=9005101 eps=220 min_eps=157 loads=[157;9;0;49;0] u=[1;4;4;2;5] guided(E=458.00,mk=210,t=1.67s)
inst_seed=9005101 eps=209 min_eps=157 loads=[157;9;0;49;0] u=[1;4;4;2;5] guided(E=480.00,mk=209,t=1.71s)
inst_seed=9005101 eps=208 min_eps=157 loads=[157;9;0;49;0] u=[1;4;4;2;5] guided(E=482.00,mk=208,t=1.70s)
inst_seed=9005101 eps=207 min_eps=157 loads=[157;9;0;49;0] u=[1;4;4;2;5] guided(E=480.00,mk=207,t=1.63s)
inst_seed=9005101 eps=206 min_eps=157 loads=[157;9;0;49;0] u=[1;4;4;2;5] guided(E=484.00,mk=206,t=1.68s)
inst_seed=9005101 eps=205 min_eps=157 loads=[157;9;0;49;0] u=[1;4;4;2;5] guided(E=480.00,mk=205,t=1.60s)
inst_seed=9005101 eps=204 min_eps=157 loads=[157;9;0;49;0] u=[1;4;4;2;5] guided(E=476.00,mk=204,t=1.59s)
inst_seed=9005101 eps=203 min_eps=157 loads=[157;9;0;49;0] u=[1;4;4;2;5] guided(E=473.00,mk=203,t=1.65s)
inst_seed=9005101 eps=202 min_eps=157 loads=[157;9;0;49;0] u=[1;4;4;2;5] guided(E=476.00,mk=202,t=1.61s)
inst_seed=9005101 eps=201 min_eps=157 loads=[157;9;0;49;0] u=[1;4;4;2;5] guided(E=477.00,mk=201,t=1.59s)
inst_seed=9005101 eps=200 min_eps=157 loads=[157;9;0;49;0] u=[1;4;4;2;5] guided(E=480.00,mk=200,t=1.57s)
inst_seed=9005101 eps=199 min_eps=157 loads=[157;9;0;49;0] u=[1;4;4;2;5] guided(E=486.00,mk=199,t=1.55s)
inst_seed=9005101 eps=198 min_eps=157 loads=[157;9;0;49;0] u=[1;4;4;2;5] guided(E=486.00,mk=198,t=1.52s)
inst_seed=9005101 eps=197 min_eps=157 loads=[157;9;0;49;0] u=[1;4;4;2;5] guided(E=484.00,mk=197,t=1.49s)
inst_seed=9005101 eps=196 min_eps=157 loads=[157;9;0;49;0] u=[1;4;4;2;5] guided(E=484.00,mk=196,t=1.54s)
inst_seed=9005101 eps=195 min_eps=157 loads=[157;9;0;49;0] u=[1;4;4;2;5] guided(E=488.00,mk=195,t=1.52s)
inst_seed=9005101 eps=194 min_eps=157 loads=[157;9;0;49;0] u=[1;4;4;2;5] guided(E=494.00,mk=194,t=1.51s)
inst_seed=9005101 eps=193 min_eps=157 loads=[157;9;0;49;0] u=[1;4;4;2;5] guided(E=508.00,mk=193,t=1.35s)
inst_seed=9005101 eps=192 min_eps=157 loads=[157;9;0;49;0] u=[1;4;4;2;5] guided(E=506.00,mk=192,t=1.35s)
inst_seed=9005101 eps=191 min_eps=157 loads=[157;9;0;49;0] u=[1;4;4;2;5] guided(E=506.00,mk=191,t=1.33s)
inst_seed=9005101 eps=190 min_eps=157 loads=[157;9;0;49;0] u=[1;4;4;2;5] guided(E=508.00,mk=190,t=1.32s)
inst_seed=9005101 eps=189 min_eps=157 loads=[157;9;0;49;0] u=[1;4;4;2;5] guided(E=510.00,mk=189,t=1.34s)
inst_seed=9005101 eps=188 min_eps=157 loads=[157;9;0;49;0] u=[1;4;4;2;5] guided(E=504.00,mk=188,t=1.24s)
inst_seed=9005101 eps=187 min_eps=157 loads=[157;9;0;49;0] u=[1;4;4;2;5] guided(E=508.00,mk=187,t=1.35s)
inst_seed=9005101 eps=186 min_eps=157 loads=[157;9;0;49;0] u=[1;4;4;2;5] guided(E=504.00,mk=186,t=1.37s)
inst_seed=9005101 eps=185 min_eps=157 loads=[157;9;0;49;0] u=[1;4;4;2;5] guided(E=504.00,mk=185,t=1.33s)
inst_seed=9005101 eps=184 min_eps=157 loads=[157;9;0;49;0] u=[1;4;4;2;5] guided(E=506.00,mk=184,t=1.31s)
inst_seed=9005101 eps=183 min_eps=157 loads=[157;9;0;49;0] u=[1;4;4;2;5] guided(E=513.00,mk=183,t=1.30s)
inst_seed=9005101 eps=182 min_eps=157 loads=[157;9;0;49;0] u=[1;4;4;2;5] guided(E=510.00,mk=182,t=1.29s)
inst_seed=9005101 eps=181 min_eps=157 loads=[157;9;0;49;0] u=[1;4;4;2;5] guided(E=517.00,mk=181,t=1.27s)
inst_seed=9005101 eps=180 min_eps=157 loads=[157;9;0;49;0] u=[1;4;4;2;5] guided(E=514.00,mk=180,t=1.22s)
inst_seed=9005101 eps=179 min_eps=157 loads=[157;9;0;49;0] u=[1;4;4;2;5] guided(E=512.00,mk=179,t=1.30s)
inst_seed=9005101 eps=178 min_eps=157 loads=[157;9;0;49;0] u=[1;4;4;2;5] guided(E=512.00,mk=178,t=1.28s)
inst_seed=9005101 eps=177 min_eps=157 loads=[157;9;0;49;0] u=[1;4;4;2;5] guided(E=514.00,mk=177,t=1.29s)
inst_seed=9005101 eps=176 min_eps=157 loads=[157;9;0;49;0] u=[1;4;4;2;5] guided(E=512.00,mk=176,t=1.19s)
inst_seed=9005101 eps=175 min_eps=157 loads=[157;9;0;49;0] u=[1;4;4;2;5] guided(E=516.00,mk=175,t=1.16s)
inst_seed=9005101 eps=174 min_eps=157 loads=[157;9;0;49;0] u=[1;4;4;2;5] guided(E=516.00,mk=174,t=1.07s)
inst_seed=9005101 eps=173 min_eps=157 loads=[157;9;0;49;0] u=[1;4;4;2;5] guided(E=522.00,mk=173,t=1.07s)
inst_seed=9005101 eps=172 min_eps=157 loads=[157;9;0;49;0] u=[1;4;4;2;5] guided(E=518.00,mk=172,t=1.16s)
inst_seed=9005101 eps=171 min_eps=157 loads=[157;9;0;49;0] u=[1;4;4;2;5] guided(E=522.00,mk=171,t=1.13s)
inst_seed=9005101 eps=170 min_eps=157 loads=[157;9;0;49;0] u=[1;4;4;2;5] guided(E=520.00,mk=170,t=1.09s)
inst_seed=9005101 eps=169 min_eps=157 loads=[157;9;0;49;0] u=[1;4;4;2;5] guided(E=518.00,mk=169,t=1.09s)
inst_seed=9005101 eps=168 min_eps=157 loads=[157;9;0;49;0] u=[1;4;4;2;5] guided(E=518.00,mk=168,t=1.06s)
inst_seed=9005101 eps=167 min_eps=157 loads=[157;9;0;49;0] u=[1;4;4;2;5] guided(E=516.00,mk=167,t=1.05s)
inst_seed=9005101 eps=166 min_eps=157 loads=[157;9;0;49;0] u=[1;4;4;2;5] guided(E=516.00,mk=166,t=1.06s)
inst_seed=9005101 eps=165 min_eps=157 loads=[157;9;0;49;0] u=[1;4;4;2;5] guided(E=516.00,mk=165,t=1.05s)
inst_seed=9005101 eps=164 min_eps=157 loads=[157;9;0;49;0] u=[1;4;4;2;5] guided(E=524.00,mk=164,t=1.05s)
inst_seed=9005101 eps=163 min_eps=157 loads=[157;9;0;49;0] u=[1;4;4;2;5] guided(E=527.00,mk=163,t=1.02s)
inst_seed=9005101 eps=162 min_eps=157 loads=[157;9;0;49;0] u=[1;4;4;2;5] guided(E=526.00,mk=162,t=0.99s)
inst_seed=9005101 eps=161 min_eps=157 loads=[157;9;0;49;0] u=[1;4;4;2;5] guided(E=533.00,mk=161,t=0.97s)
inst_seed=9005101 eps=160 min_eps=157 loads=[157;9;0;49;0] u=[1;4;4;2;5] guided(E=540.00,mk=160,t=0.96s)
inst_seed=9005101 eps=159 min_eps=157 loads=[157;9;0;49;0] u=[1;4;4;2;5] guided(E=542.00,mk=159,t=0.96s)
inst_seed=9005101 eps=158 min_eps=157 loads=[157;9;0;49;0] u=[1;4;4;2;5] guided(E=544.00,mk=158,t=0.94s)
inst_seed=9005101 eps=157 min_eps=157 loads=[157;9;0;49;0] u=[1;4;4;2;5] guided(E=542.00,mk=157,t=0.88s)
inst_seed=3227420 eps=240 min_eps=151 loads=[35;69;151;0;21] u=[3;2;1;6;3] guided(E=712.00,mk=224,t=1.45s)
inst_seed=3227420 eps=223 min_eps=151 loads=[35;69;151;0;21] u=[3;2;1;6;3] guided(E=713.00,mk=223,t=1.45s)
inst_seed=3227420 eps=222 min_eps=151 loads=[35;69;151;0;21] u=[3;2;1;6;3] guided(E=714.00,mk=222,t=1.45s)
inst_seed=3227420 eps=221 min_eps=151 loads=[35;69;151;0;21] u=[3;2;1;6;3] guided(E=715.00,mk=221,t=1.31s)
inst_seed=3227420 eps=220 min_eps=151 loads=[35;69;151;0;21] u=[3;2;1;6;3] guided(E=716.00,mk=208,t=1.37s)
inst_seed=3227420 eps=207 min_eps=151 loads=[35;69;151;0;21] u=[3;2;1;6;3] guided(E=724.00,mk=207,t=1.35s)
inst_seed=3227420 eps=206 min_eps=151 loads=[35;69;151;0;21] u=[3;2;1;6;3] guided(E=726.00,mk=206,t=1.43s)
inst_seed=3227420 eps=205 min_eps=151 loads=[35;69;151;0;21] u=[3;2;1;6;3] guided(E=722.00,mk=205,t=1.41s)
inst_seed=3227420 eps=204 min_eps=151 loads=[35;69;151;0;21] u=[3;2;1;6;3] guided(E=722.00,mk=204,t=1.32s)
inst_seed=3227420 eps=203 min_eps=151 loads=[35;69;151;0;21] u=[3;2;1;6;3] guided(E=721.00,mk=203,t=1.30s)
inst_seed=3227420 eps=202 min_eps=151 loads=[35;69;151;0;21] u=[3;2;1;6;3] guided(E=722.00,mk=202,t=1.34s)
inst_seed=3227420 eps=201 min_eps=151 loads=[35;69;151;0;21] u=[3;2;1;6;3] guided(E=725.00,mk=201,t=1.34s)
inst_seed=3227420 eps=200 min_eps=151 loads=[35;69;151;0;21] u=[3;2;1;6;3] guided(E=726.00,mk=199,t=1.35s)
inst_seed=3227420 eps=198 min_eps=151 loads=[35;69;151;0;21] u=[3;2;1;6;3] guided(E=726.00,mk=198,t=1.27s)
inst_seed=3227420 eps=197 min_eps=151 loads=[35;69;151;0;21] u=[3;2;1;6;3] guided(E=728.00,mk=197,t=1.33s)
inst_seed=3227420 eps=196 min_eps=151 loads=[35;69;151;0;21] u=[3;2;1;6;3] guided(E=728.00,mk=192,t=1.31s)
inst_seed=3227420 eps=191 min_eps=151 loads=[35;69;151;0;21] u=[3;2;1;6;3] guided(E=756.00,mk=191,t=1.26s)
inst_seed=3227420 eps=190 min_eps=151 loads=[35;69;151;0;21] u=[3;2;1;6;3] guided(E=756.00,mk=190,t=1.25s)
inst_seed=3227420 eps=189 min_eps=151 loads=[35;69;151;0;21] u=[3;2;1;6;3] guided(E=756.00,mk=189,t=1.25s)
inst_seed=3227420 eps=188 min_eps=151 loads=[35;69;151;0;21] u=[3;2;1;6;3] guided(E=752.00,mk=188,t=1.23s)
inst_seed=3227420 eps=187 min_eps=151 loads=[35;69;151;0;21] u=[3;2;1;6;3] guided(E=752.00,mk=187,t=1.22s)
inst_seed=3227420 eps=186 min_eps=151 loads=[35;69;151;0;21] u=[3;2;1;6;3] guided(E=750.00,mk=186,t=1.20s)
inst_seed=3227420 eps=185 min_eps=151 loads=[35;69;151;0;21] u=[3;2;1;6;3] guided(E=750.00,mk=185,t=1.17s)
inst_seed=3227420 eps=184 min_eps=151 loads=[35;69;151;0;21] u=[3;2;1;6;3] guided(E=752.00,mk=184,t=1.22s)
inst_seed=3227420 eps=183 min_eps=151 loads=[35;69;151;0;21] u=[3;2;1;6;3] guided(E=753.00,mk=183,t=1.22s)
inst_seed=3227420 eps=182 min_eps=151 loads=[35;69;151;0;21] u=[3;2;1;6;3] guided(E=754.00,mk=182,t=1.21s)
inst_seed=3227420 eps=181 min_eps=151 loads=[35;69;151;0;21] u=[3;2;1;6;3] guided(E=755.00,mk=181,t=1.15s)
inst_seed=3227420 eps=180 min_eps=151 loads=[35;69;151;0;21] u=[3;2;1;6;3] guided(E=758.00,mk=180,t=1.19s)
inst_seed=3227420 eps=179 min_eps=151 loads=[35;69;151;0;21] u=[3;2;1;6;3] guided(E=758.00,mk=179,t=1.19s)
inst_seed=3227420 eps=178 min_eps=151 loads=[35;69;151;0;21] u=[3;2;1;6;3] guided(E=750.00,mk=178,t=1.12s)
inst_seed=3227420 eps=177 min_eps=151 loads=[35;69;151;0;21] u=[3;2;1;6;3] guided(E=752.00,mk=177,t=1.11s)
inst_seed=3227420 eps=176 min_eps=151 loads=[35;69;151;0;21] u=[3;2;1;6;3] guided(E=748.00,mk=176,t=1.09s)
inst_seed=3227420 eps=175 min_eps=151 loads=[35;69;151;0;21] u=[3;2;1;6;3] guided(E=764.00,mk=175,t=1.12s)
inst_seed=3227420 eps=174 min_eps=151 loads=[35;69;151;0;21] u=[3;2;1;6;3] guided(E=768.00,mk=174,t=0.99s)
inst_seed=3227420 eps=173 min_eps=151 loads=[35;69;151;0;21] u=[3;2;1;6;3] guided(E=770.00,mk=173,t=0.93s)
inst_seed=3227420 eps=172 min_eps=151 loads=[35;69;151;0;21] u=[3;2;1;6;3] guided(E=772.00,mk=172,t=0.96s)
inst_seed=3227420 eps=171 min_eps=151 loads=[35;69;151;0;21] u=[3;2;1;6;3] guided(E=772.00,mk=171,t=0.95s)
inst_seed=3227420 eps=170 min_eps=151 loads=[35;69;151;0;21] u=[3;2;1;6;3] guided(E=772.00,mk=170,t=0.93s)
inst_seed=3227420 eps=169 min_eps=151 loads=[35;69;151;0;21] u=[3;2;1;6;3] guided(E=772.00,mk=169,t=0.89s)
inst_seed=3227420 eps=168 min_eps=151 loads=[35;69;151;0;21] u=[3;2;1;6;3] guided(E=774.00,mk=168,t=0.91s)
inst_seed=3227420 eps=167 min_eps=151 loads=[35;69;151;0;21] u=[3;2;1;6;3] guided(E=774.00,mk=167,t=0.88s)
inst_seed=3227420 eps=166 min_eps=151 loads=[35;69;151;0;21] u=[3;2;1;6;3] guided(E=776.00,mk=166,t=0.95s)
inst_seed=3227420 eps=165 min_eps=151 loads=[35;69;151;0;21] u=[3;2;1;6;3] guided(E=774.00,mk=165,t=0.87s)
inst_seed=3227420 eps=164 min_eps=151 loads=[35;69;151;0;21] u=[3;2;1;6;3] guided(E=774.00,mk=164,t=0.88s)
inst_seed=3227420 eps=163 min_eps=151 loads=[35;69;151;0;21] u=[3;2;1;6;3] guided(E=773.00,mk=163,t=0.81s)
inst_seed=3227420 eps=162 min_eps=151 loads=[35;69;151;0;21] u=[3;2;1;6;3] guided(E=776.00,mk=162,t=0.86s)
inst_seed=3227420 eps=161 min_eps=151 loads=[35;69;151;0;21] u=[3;2;1;6;3] guided(E=777.00,mk=161,t=0.87s)
inst_seed=3227420 eps=160 min_eps=151 loads=[35;69;151;0;21] u=[3;2;1;6;3] guided(E=774.00,mk=160,t=0.87s)
inst_seed=3227420 eps=159 min_eps=151 loads=[35;69;151;0;21] u=[3;2;1;6;3] guided(E=776.00,mk=159,t=0.84s)
inst_seed=3227420 eps=158 min_eps=151 loads=[35;69;151;0;21] u=[3;2;1;6;3] guided(E=778.00,mk=158,t=0.85s)
inst_seed=3227420 eps=157 min_eps=151 loads=[35;69;151;0;21] u=[3;2;1;6;3] guided(E=780.00,mk=157,t=0.82s)
inst_seed=3227420 eps=156 min_eps=151 loads=[35;69;151;0;21] u=[3;2;1;6;3] guided(E=782.00,mk=156,t=0.80s)
inst_seed=3227420 eps=155 min_eps=151 loads=[35;69;151;0;21] u=[3;2;1;6;3] guided(E=782.00,mk=155,t=0.77s)
inst_seed=3227420 eps=154 min_eps=151 loads=[35;69;151;0;21] u=[3;2;1;6;3] guided(E=782.00,mk=154,t=0.75s)
inst_seed=3227420 eps=153 min_eps=151 loads=[35;69;151;0;21] u=[3;2;1;6;3] guided(E=782.00,mk=153,t=0.75s)
inst_seed=3227420 eps=152 min_eps=151 loads=[35;69;151;0;21] u=[3;2;1;6;3] guided(E=782.00,mk=152,t=0.72s)
inst_seed=3227420 eps=151 min_eps=151 loads=[35;69;151;0;21] u=[3;2;1;6;3] guided(E=784.00,mk=151,t=0.69s)
inst_seed=5158510 eps=200 min_eps=140 loads=[6;140;19;129;23] u=[4;1;3;1;3] guided(E=652.00,mk=188,t=2.30s)
inst_seed=5158510 eps=187 min_eps=140 loads=[6;140;19;129;23] u=[4;1;3;1;3] guided(E=666.00,mk=187,t=2.30s)
inst_seed=5158510 eps=186 min_eps=140 loads=[6;140;19;129;23] u=[4;1;3;1;3] guided(E=662.00,mk=186,t=2.12s)
inst_seed=5158510 eps=185 min_eps=140 loads=[6;140;19;129;23] u=[4;1;3;1;3] guided(E=660.00,mk=185,t=2.11s)
inst_seed=5158510 eps=184 min_eps=140 loads=[6;140;19;129;23] u=[4;1;3;1;3] guided(E=662.00,mk=184,t=2.16s)
inst_seed=5158510 eps=183 min_eps=140 loads=[6;140;19;129;23] u=[4;1;3;1;3] guided(E=668.00,mk=183,t=2.20s)
inst_seed=5158510 eps=182 min_eps=140 loads=[6;140;19;129;23] u=[4;1;3;1;3] guided(E=670.00,mk=182,t=2.17s)
inst_seed=5158510 eps=181 min_eps=140 loads=[6;140;19;129;23] u=[4;1;3;1;3] guided(E=670.00,mk=181,t=2.16s)
inst_seed=5158510 eps=180 min_eps=140 loads=[6;140;19;129;23] u=[4;1;3;1;3] guided(E=674.00,mk=180,t=2.15s)
inst_seed=5158510 eps=179 min_eps=140 loads=[6;140;19;129;23] u=[4;1;3;1;3] guided(E=672.00,mk=179,t=2.24s)
inst_seed=5158510 eps=178 min_eps=140 loads=[6;140;19;129;23] u=[4;1;3;1;3] guided(E=666.00,mk=178,t=2.06s)
inst_seed=5158510 eps=177 min_eps=140 loads=[6;140;19;129;23] u=[4;1;3;1;3] guided(E=668.00,mk=177,t=2.01s)
inst_seed=5158510 eps=176 min_eps=140 loads=[6;140;19;129;23] u=[4;1;3;1;3] guided(E=662.00,mk=172,t=1.94s)
inst_seed=5158510 eps=171 min_eps=140 loads=[6;140;19;129;23] u=[4;1;3;1;3] guided(E=712.00,mk=171,t=1.98s)
inst_seed=5158510 eps=170 min_eps=140 loads=[6;140;19;129;23] u=[4;1;3;1;3] guided(E=712.00,mk=170,t=1.90s)
inst_seed=5158510 eps=169 min_eps=140 loads=[6;140;19;129;23] u=[4;1;3;1;3] guided(E=706.00,mk=169,t=1.85s)
inst_seed=5158510 eps=168 min_eps=140 loads=[6;140;19;129;23] u=[4;1;3;1;3] guided(E=704.00,mk=168,t=1.92s)
inst_seed=5158510 eps=167 min_eps=140 loads=[6;140;19;129;23] u=[4;1;3;1;3] guided(E=706.00,mk=167,t=1.94s)
inst_seed=5158510 eps=166 min_eps=140 loads=[6;140;19;129;23] u=[4;1;3;1;3] guided(E=710.00,mk=166,t=1.92s)
inst_seed=5158510 eps=165 min_eps=140 loads=[6;140;19;129;23] u=[4;1;3;1;3] guided(E=712.00,mk=165,t=1.94s)
inst_seed=5158510 eps=164 min_eps=140 loads=[6;140;19;129;23] u=[4;1;3;1;3] guided(E=714.00,mk=164,t=1.85s)
inst_seed=5158510 eps=163 min_eps=140 loads=[6;140;19;129;23] u=[4;1;3;1;3] guided(E=718.00,mk=163,t=1.83s)
inst_seed=5158510 eps=162 min_eps=140 loads=[6;140;19;129;23] u=[4;1;3;1;3] guided(E=718.00,mk=162,t=1.94s)
inst_seed=5158510 eps=161 min_eps=140 loads=[6;140;19;129;23] u=[4;1;3;1;3] guided(E=708.00,mk=161,t=1.83s)
inst_seed=5158510 eps=160 min_eps=140 loads=[6;140;19;129;23] u=[4;1;3;1;3] guided(E=700.00,mk=160,t=1.76s)
inst_seed=5158510 eps=159 min_eps=140 loads=[6;140;19;129;23] u=[4;1;3;1;3] guided(E=702.00,mk=159,t=1.81s)
inst_seed=5158510 eps=158 min_eps=140 loads=[6;140;19;129;23] u=[4;1;3;1;3] guided(E=704.00,mk=158,t=1.82s)
inst_seed=5158510 eps=157 min_eps=140 loads=[6;140;19;129;23] u=[4;1;3;1;3] guided(E=706.00,mk=157,t=1.73s)
inst_seed=5158510 eps=156 min_eps=140 loads=[6;140;19;129;23] u=[4;1;3;1;3] guided(E=710.00,mk=156,t=1.74s)
inst_seed=5158510 eps=155 min_eps=140 loads=[6;140;19;129;23] u=[4;1;3;1;3] guided(E=714.00,mk=155,t=1.67s)
inst_seed=5158510 eps=154 min_eps=140 loads=[6;140;19;129;23] u=[4;1;3;1;3] guided(E=738.00,mk=154,t=1.57s)
inst_seed=5158510 eps=153 min_eps=140 loads=[6;140;19;129;23] u=[4;1;3;1;3] guided(E=744.00,mk=153,t=1.60s)
inst_seed=5158510 eps=152 min_eps=140 loads=[6;140;19;129;23] u=[4;1;3;1;3] guided(E=746.00,mk=152,t=1.55s)
inst_seed=5158510 eps=151 min_eps=140 loads=[6;140;19;129;23] u=[4;1;3;1;3] guided(E=748.00,mk=151,t=1.50s)
inst_seed=5158510 eps=150 min_eps=140 loads=[6;140;19;129;23] u=[4;1;3;1;3] guided(E=750.00,mk=150,t=1.49s)
inst_seed=5158510 eps=149 min_eps=140 loads=[6;140;19;129;23] u=[4;1;3;1;3] guided(E=748.00,mk=149,t=1.35s)
inst_seed=5158510 eps=148 min_eps=140 loads=[6;140;19;129;23] u=[4;1;3;1;3] guided(E=750.00,mk=148,t=1.45s)
inst_seed=5158510 eps=147 min_eps=140 loads=[6;140;19;129;23] u=[4;1;3;1;3] guided(E=750.00,mk=147,t=1.37s)
inst_seed=5158510 eps=146 min_eps=140 loads=[6;140;19;129;23] u=[4;1;3;1;3] guided(E=750.00,mk=146,t=1.40s)
inst_seed=5158510 eps=145 min_eps=140 loads=[6;140;19;129;23] u=[4;1;3;1;3] guided(E=750.00,mk=145,t=1.43s)
inst_seed=5158510 eps=144 min_eps=140 loads=[6;140;19;129;23] u=[4;1;3;1;3] guided(E=752.00,mk=144,t=1.35s)
inst_seed=5158510 eps=143 min_eps=140 loads=[6;140;19;129;23] u=[4;1;3;1;3] guided(E=752.00,mk=143,t=1.41s)
inst_seed=5158510 eps=142 min_eps=140 loads=[6;140;19;129;23] u=[4;1;3;1;3] guided(E=756.00,mk=142,t=1.32s)
inst_seed=5158510 eps=141 min_eps=140 loads=[6;140;19;129;23] u=[4;1;3;1;3] guided(E=760.00,mk=141,t=1.30s)
inst_seed=5158510 eps=140 min_eps=140 loads=[6;140;19;129;23] u=[4;1;3;1;3] guided(E=766.00,mk=140,t=1.29s)
inst_seed=1219110 eps=240 min_eps=153 loads=[0;89;0;153;26] u=[4;2;6;2;3] guided(E=899.00,mk=224,t=2.15s)
inst_seed=1219110 eps=223 min_eps=153 loads=[0;89;0;153;26] u=[4;2;6;2;3] guided(E=901.00,mk=223,t=2.14s)
inst_seed=1219110 eps=222 min_eps=153 loads=[0;89;0;153;26] u=[4;2;6;2;3] guided(E=903.00,mk=222,t=2.15s)
inst_seed=1219110 eps=221 min_eps=153 loads=[0;89;0;153;26] u=[4;2;6;2;3] guided(E=909.00,mk=221,t=2.00s)
inst_seed=1219110 eps=220 min_eps=153 loads=[0;89;0;153;26] u=[4;2;6;2;3] guided(E=909.00,mk=206,t=1.99s)
inst_seed=1219110 eps=205 min_eps=153 loads=[0;89;0;153;26] u=[4;2;6;2;3] guided(E=935.00,mk=205,t=2.05s)
inst_seed=1219110 eps=204 min_eps=153 loads=[0;89;0;153;26] u=[4;2;6;2;3] guided(E=931.00,mk=204,t=1.99s)
inst_seed=1219110 eps=203 min_eps=153 loads=[0;89;0;153;26] u=[4;2;6;2;3] guided(E=929.00,mk=203,t=1.97s)
inst_seed=1219110 eps=202 min_eps=153 loads=[0;89;0;153;26] u=[4;2;6;2;3] guided(E=929.00,mk=202,t=1.95s)
inst_seed=1219110 eps=201 min_eps=153 loads=[0;89;0;153;26] u=[4;2;6;2;3] guided(E=935.00,mk=201,t=2.03s)
inst_seed=1219110 eps=200 min_eps=153 loads=[0;89;0;153;26] u=[4;2;6;2;3] guided(E=937.00,mk=200,t=1.94s)
inst_seed=1219110 eps=199 min_eps=153 loads=[0;89;0;153;26] u=[4;2;6;2;3] guided(E=941.00,mk=199,t=1.95s)
inst_seed=1219110 eps=198 min_eps=153 loads=[0;89;0;153;26] u=[4;2;6;2;3] guided(E=943.00,mk=198,t=1.91s)
inst_seed=1219110 eps=197 min_eps=153 loads=[0;89;0;153;26] u=[4;2;6;2;3] guided(E=939.00,mk=197,t=1.88s)
inst_seed=1219110 eps=196 min_eps=153 loads=[0;89;0;153;26] u=[4;2;6;2;3] guided(E=941.00,mk=196,t=1.89s)
inst_seed=1219110 eps=195 min_eps=153 loads=[0;89;0;153;26] u=[4;2;6;2;3] guided(E=957.00,mk=195,t=1.86s)
inst_seed=1219110 eps=194 min_eps=153 loads=[0;89;0;153;26] u=[4;2;6;2;3] guided(E=955.00,mk=194,t=1.89s)
inst_seed=1219110 eps=193 min_eps=153 loads=[0;89;0;153;26] u=[4;2;6;2;3] guided(E=979.00,mk=193,t=1.92s)
inst_seed=1219110 eps=192 min_eps=153 loads=[0;89;0;153;26] u=[4;2;6;2;3] guided(E=995.00,mk=192,t=1.86s)
inst_seed=1219110 eps=191 min_eps=153 loads=[0;89;0;153;26] u=[4;2;6;2;3] guided(E=995.00,mk=191,t=1.87s)
inst_seed=1219110 eps=190 min_eps=153 loads=[0;89;0;153;26] u=[4;2;6;2;3] guided(E=995.00,mk=190,t=1.84s)
inst_seed=1219110 eps=189 min_eps=153 loads=[0;89;0;153;26] u=[4;2;6;2;3] guided(E=995.00,mk=189,t=1.79s)
inst_seed=1219110 eps=188 min_eps=153 loads=[0;89;0;153;26] u=[4;2;6;2;3] guided(E=995.00,mk=188,t=1.73s)
inst_seed=1219110 eps=187 min_eps=153 loads=[0;89;0;153;26] u=[4;2;6;2;3] guided(E=991.00,mk=187,t=1.77s)
inst_seed=1219110 eps=186 min_eps=153 loads=[0;89;0;153;26] u=[4;2;6;2;3] guided(E=991.00,mk=186,t=1.69s)
inst_seed=1219110 eps=185 min_eps=153 loads=[0;89;0;153;26] u=[4;2;6;2;3] guided(E=989.00,mk=185,t=1.62s)
inst_seed=1219110 eps=184 min_eps=153 loads=[0;89;0;153;26] u=[4;2;6;2;3] guided(E=993.00,mk=184,t=1.75s)
inst_seed=1219110 eps=183 min_eps=153 loads=[0;89;0;153;26] u=[4;2;6;2;3] guided(E=995.00,mk=183,t=1.81s)
inst_seed=1219110 eps=182 min_eps=153 loads=[0;89;0;153;26] u=[4;2;6;2;3] guided(E=997.00,mk=182,t=1.73s)
inst_seed=1219110 eps=181 min_eps=153 loads=[0;89;0;153;26] u=[4;2;6;2;3] guided(E=1005.00,mk=181,t=1.74s)
inst_seed=1219110 eps=180 min_eps=153 loads=[0;89;0;153;26] u=[4;2;6;2;3] guided(E=1005.00,mk=180,t=1.72s)
inst_seed=1219110 eps=179 min_eps=153 loads=[0;89;0;153;26] u=[4;2;6;2;3] guided(E=997.00,mk=179,t=1.66s)
inst_seed=1219110 eps=178 min_eps=153 loads=[0;89;0;153;26] u=[4;2;6;2;3] guided(E=997.00,mk=178,t=1.60s)
inst_seed=1219110 eps=177 min_eps=153 loads=[0;89;0;153;26] u=[4;2;6;2;3] guided(E=991.00,mk=177,t=1.61s)
inst_seed=1219110 eps=176 min_eps=153 loads=[0;89;0;153;26] u=[4;2;6;2;3] guided(E=991.00,mk=176,t=1.51s)
inst_seed=1219110 eps=175 min_eps=153 loads=[0;89;0;153;26] u=[4;2;6;2;3] guided(E=1017.00,mk=175,t=1.61s)
inst_seed=1219110 eps=174 min_eps=153 loads=[0;89;0;153;26] u=[4;2;6;2;3] guided(E=1029.00,mk=174,t=1.56s)
inst_seed=1219110 eps=173 min_eps=153 loads=[0;89;0;153;26] u=[4;2;6;2;3] guided(E=1029.00,mk=173,t=1.45s)
inst_seed=1219110 eps=172 min_eps=153 loads=[0;89;0;153;26] u=[4;2;6;2;3] guided(E=1029.00,mk=172,t=1.50s)
inst_seed=1219110 eps=171 min_eps=153 loads=[0;89;0;153;26] u=[4;2;6;2;3] guided(E=1033.00,mk=171,t=1.58s)
inst_seed=1219110 eps=170 min_eps=153 loads=[0;89;0;153;26] u=[4;2;6;2;3] guided(E=1033.00,mk=170,t=1.55s)
inst_seed=1219110 eps=169 min_eps=153 loads=[0;89;0;153;26] u=[4;2;6;2;3] guided(E=1033.00,mk=169,t=1.53s)
inst_seed=1219110 eps=168 min_eps=153 loads=[0;89;0;153;26] u=[4;2;6;2;3] guided(E=1033.00,mk=168,t=1.46s)
inst_seed=1219110 eps=167 min_eps=153 loads=[0;89;0;153;26] u=[4;2;6;2;3] guided(E=1029.00,mk=167,t=1.44s)
inst_seed=1219110 eps=166 min_eps=153 loads=[0;89;0;153;26] u=[4;2;6;2;3] guided(E=1029.00,mk=166,t=1.43s)
inst_seed=1219110 eps=165 min_eps=153 loads=[0;89;0;153;26] u=[4;2;6;2;3] guided(E=1033.00,mk=165,t=1.46s)
inst_seed=1219110 eps=164 min_eps=153 loads=[0;89;0;153;26] u=[4;2;6;2;3] guided(E=1033.00,mk=164,t=1.47s)
inst_seed=1219110 eps=163 min_eps=153 loads=[0;89;0;153;26] u=[4;2;6;2;3] guided(E=1033.00,mk=163,t=1.40s)
inst_seed=1219110 eps=162 min_eps=153 loads=[0;89;0;153;26] u=[4;2;6;2;3] guided(E=1033.00,mk=162,t=1.25s)
inst_seed=1219110 eps=161 min_eps=153 loads=[0;89;0;153;26] u=[4;2;6;2;3] guided(E=1041.00,mk=161,t=1.34s)
inst_seed=1219110 eps=160 min_eps=153 loads=[0;89;0;153;26] u=[4;2;6;2;3] guided(E=1049.00,mk=160,t=1.33s)
inst_seed=1219110 eps=159 min_eps=153 loads=[0;89;0;153;26] u=[4;2;6;2;3] guided(E=1049.00,mk=159,t=1.30s)
inst_seed=1219110 eps=158 min_eps=153 loads=[0;89;0;153;26] u=[4;2;6;2;3] guided(E=1053.00,mk=158,t=1.30s)
inst_seed=1219110 eps=157 min_eps=153 loads=[0;89;0;153;26] u=[4;2;6;2;3] guided(E=1057.00,mk=157,t=1.29s)
inst_seed=1219110 eps=156 min_eps=153 loads=[0;89;0;153;26] u=[4;2;6;2;3] guided(E=1061.00,mk=156,t=1.25s)
inst_seed=1219110 eps=155 min_eps=153 loads=[0;89;0;153;26] u=[4;2;6;2;3] guided(E=1061.00,mk=155,t=1.29s)
inst_seed=1219110 eps=154 min_eps=153 loads=[0;89;0;153;26] u=[4;2;6;2;3] guided(E=1061.00,mk=154,t=1.30s)
inst_seed=1219110 eps=153 min_eps=153 loads=[0;89;0;153;26] u=[4;2;6;2;3] guided(E=1061.00,mk=153,t=1.28s)
inst_seed=6717036 eps=280 min_eps=201 loads=[0;201;1;3;79] u=[6;1;6;6;2] guided(E=618.00,mk=280,t=2.73s)
inst_seed=6717036 eps=279 min_eps=201 loads=[0;201;1;3;79] u=[6;1;6;6;2] guided(E=618.00,mk=279,t=2.73s)
inst_seed=6717036 eps=278 min_eps=201 loads=[0;201;1;3;79] u=[6;1;6;6;2] guided(E=618.00,mk=278,t=2.73s)
inst_seed=6717036 eps=277 min_eps=201 loads=[0;201;1;3;79] u=[6;1;6;6;2] guided(E=618.00,mk=277,t=2.60s)
inst_seed=6717036 eps=276 min_eps=201 loads=[0;201;1;3;79] u=[6;1;6;6;2] guided(E=620.00,mk=272,t=2.58s)
inst_seed=6717036 eps=271 min_eps=201 loads=[0;201;1;3;79] u=[6;1;6;6;2] guided(E=640.00,mk=271,t=2.80s)
inst_seed=6717036 eps=270 min_eps=201 loads=[0;201;1;3;79] u=[6;1;6;6;2] guided(E=650.00,mk=270,t=2.77s)
inst_seed=6717036 eps=269 min_eps=201 loads=[0;201;1;3;79] u=[6;1;6;6;2] guided(E=648.00,mk=269,t=2.63s)
inst_seed=6717036 eps=268 min_eps=201 loads=[0;201;1;3;79] u=[6;1;6;6;2] guided(E=650.00,mk=268,t=2.81s)
inst_seed=6717036 eps=267 min_eps=201 loads=[0;201;1;3;79] u=[6;1;6;6;2] guided(E=648.00,mk=267,t=2.72s)
inst_seed=6717036 eps=266 min_eps=201 loads=[0;201;1;3;79] u=[6;1;6;6;2] guided(E=650.00,mk=266,t=2.75s)
inst_seed=6717036 eps=265 min_eps=201 loads=[0;201;1;3;79] u=[6;1;6;6;2] guided(E=648.00,mk=265,t=2.54s)
inst_seed=6717036 eps=264 min_eps=201 loads=[0;201;1;3;79] u=[6;1;6;6;2] guided(E=644.00,mk=264,t=2.60s)
inst_seed=6717036 eps=263 min_eps=201 loads=[0;201;1;3;79] u=[6;1;6;6;2] guided(E=645.00,mk=263,t=2.61s)
inst_seed=6717036 eps=262 min_eps=201 loads=[0;201;1;3;79] u=[6;1;6;6;2] guided(E=648.00,mk=262,t=2.61s)
inst_seed=6717036 eps=261 min_eps=201 loads=[0;201;1;3;79] u=[6;1;6;6;2] guided(E=649.00,mk=261,t=2.61s)
inst_seed=6717036 eps=260 min_eps=201 loads=[0;201;1;3;79] u=[6;1;6;6;2] guided(E=648.00,mk=260,t=2.48s)
inst_seed=6717036 eps=259 min_eps=201 loads=[0;201;1;3;79] u=[6;1;6;6;2] guided(E=650.00,mk=259,t=2.53s)
inst_seed=6717036 eps=258 min_eps=201 loads=[0;201;1;3;79] u=[6;1;6;6;2] guided(E=650.00,mk=258,t=2.56s)
inst_seed=6717036 eps=257 min_eps=201 loads=[0;201;1;3;79] u=[6;1;6;6;2] guided(E=646.00,mk=257,t=2.41s)
inst_seed=6717036 eps=256 min_eps=201 loads=[0;201;1;3;79] u=[6;1;6;6;2] guided(E=656.00,mk=256,t=2.37s)
inst_seed=6717036 eps=255 min_eps=201 loads=[0;201;1;3;79] u=[6;1;6;6;2] guided(E=656.00,mk=255,t=2.45s)
inst_seed=6717036 eps=254 min_eps=201 loads=[0;201;1;3;79] u=[6;1;6;6;2] guided(E=662.00,mk=254,t=2.53s)
inst_seed=6717036 eps=253 min_eps=201 loads=[0;201;1;3;79] u=[6;1;6;6;2] guided(E=670.00,mk=253,t=2.38s)
inst_seed=6717036 eps=252 min_eps=201 loads=[0;201;1;3;79] u=[6;1;6;6;2] guided(E=678.00,mk=252,t=2.29s)
inst_seed=6717036 eps=251 min_eps=201 loads=[0;201;1;3;79] u=[6;1;6;6;2] guided(E=678.00,mk=251,t=2.44s)
inst_seed=6717036 eps=250 min_eps=201 loads=[0;201;1;3;79] u=[6;1;6;6;2] guided(E=678.00,mk=250,t=2.35s)
inst_seed=6717036 eps=249 min_eps=201 loads=[0;201;1;3;79] u=[6;1;6;6;2] guided(E=676.00,mk=249,t=2.25s)
inst_seed=6717036 eps=248 min_eps=201 loads=[0;201;1;3;79] u=[6;1;6;6;2] guided(E=672.00,mk=248,t=2.36s)
inst_seed=6717036 eps=247 min_eps=201 loads=[0;201;1;3;79] u=[6;1;6;6;2] guided(E=674.00,mk=247,t=2.31s)
inst_seed=6717036 eps=246 min_eps=201 loads=[0;201;1;3;79] u=[6;1;6;6;2] guided(E=674.00,mk=246,t=2.39s)
inst_seed=6717036 eps=245 min_eps=201 loads=[0;201;1;3;79] u=[6;1;6;6;2] guided(E=676.00,mk=245,t=2.40s)
inst_seed=6717036 eps=244 min_eps=201 loads=[0;201;1;3;79] u=[6;1;6;6;2] guided(E=678.00,mk=244,t=2.36s)
inst_seed=6717036 eps=243 min_eps=201 loads=[0;201;1;3;79] u=[6;1;6;6;2] guided(E=677.00,mk=243,t=2.34s)
inst_seed=6717036 eps=242 min_eps=201 loads=[0;201;1;3;79] u=[6;1;6;6;2] guided(E=678.00,mk=242,t=2.27s)
inst_seed=6717036 eps=241 min_eps=201 loads=[0;201;1;3;79] u=[6;1;6;6;2] guided(E=685.00,mk=241,t=2.30s)
inst_seed=6717036 eps=240 min_eps=201 loads=[0;201;1;3;79] u=[6;1;6;6;2] guided(E=676.00,mk=240,t=2.20s)
inst_seed=6717036 eps=239 min_eps=201 loads=[0;201;1;3;79] u=[6;1;6;6;2] guided(E=686.00,mk=239,t=2.24s)
inst_seed=6717036 eps=238 min_eps=201 loads=[0;201;1;3;79] u=[6;1;6;6;2] guided(E=678.00,mk=238,t=2.23s)
inst_seed=6717036 eps=237 min_eps=201 loads=[0;201;1;3;79] u=[6;1;6;6;2] guided(E=680.00,mk=237,t=2.26s)
inst_seed=6717036 eps=236 min_eps=201 loads=[0;201;1;3;79] u=[6;1;6;6;2] guided(E=682.00,mk=236,t=2.29s)
inst_seed=6717036 eps=235 min_eps=201 loads=[0;201;1;3;79] u=[6;1;6;6;2] guided(E=684.00,mk=235,t=2.09s)
inst_seed=6717036 eps=234 min_eps=201 loads=[0;201;1;3;79] u=[6;1;6;6;2] guided(E=690.00,mk=234,t=2.09s)
inst_seed=6717036 eps=233 min_eps=201 loads=[0;201;1;3;79] u=[6;1;6;6;2] guided(E=690.00,mk=233,t=2.10s)
inst_seed=6717036 eps=232 min_eps=201 loads=[0;201;1;3;79] u=[6;1;6;6;2] guided(E=690.00,mk=232,t=2.09s)
inst_seed=6717036 eps=231 min_eps=201 loads=[0;201;1;3;79] u=[6;1;6;6;2] guided(E=690.00,mk=231,t=2.05s)
inst_seed=6717036 eps=230 min_eps=201 loads=[0;201;1;3;79] u=[6;1;6;6;2] guided(E=690.00,mk=230,t=2.01s)
inst_seed=6717036 eps=229 min_eps=201 loads=[0;201;1;3;79] u=[6;1;6;6;2] guided(E=692.00,mk=229,t=2.09s)
inst_seed=6717036 eps=228 min_eps=201 loads=[0;201;1;3;79] u=[6;1;6;6;2] guided(E=692.00,mk=228,t=2.05s)
inst_seed=6717036 eps=227 min_eps=201 loads=[0;201;1;3;79] u=[6;1;6;6;2] guided(E=692.00,mk=227,t=2.00s)
inst_seed=6717036 eps=226 min_eps=201 loads=[0;201;1;3;79] u=[6;1;6;6;2] guided(E=690.00,mk=226,t=1.97s)
inst_seed=6717036 eps=225 min_eps=201 loads=[0;201;1;3;79] u=[6;1;6;6;2] guided(E=692.00,mk=225,t=1.98s)
inst_seed=6717036 eps=224 min_eps=201 loads=[0;201;1;3;79] u=[6;1;6;6;2] guided(E=692.00,mk=224,t=1.93s)
inst_seed=6717036 eps=223 min_eps=201 loads=[0;201;1;3;79] u=[6;1;6;6;2] guided(E=693.00,mk=223,t=1.91s)
inst_seed=6717036 eps=222 min_eps=201 loads=[0;201;1;3;79] u=[6;1;6;6;2] guided(E=702.00,mk=222,t=1.88s)
inst_seed=6717036 eps=221 min_eps=201 loads=[0;201;1;3;79] u=[6;1;6;6;2] guided(E=705.00,mk=221,t=1.84s)
inst_seed=6717036 eps=220 min_eps=201 loads=[0;201;1;3;79] u=[6;1;6;6;2] guided(E=706.00,mk=220,t=1.77s)
inst_seed=6717036 eps=219 min_eps=201 loads=[0;201;1;3;79] u=[6;1;6;6;2] guided(E=708.00,mk=219,t=1.79s)
inst_seed=6717036 eps=218 min_eps=201 loads=[0;201;1;3;79] u=[6;1;6;6;2] guided(E=706.00,mk=218,t=1.75s)
inst_seed=6717036 eps=217 min_eps=201 loads=[0;201;1;3;79] u=[6;1;6;6;2] guided(E=708.00,mk=217,t=1.77s)
inst_seed=6717036 eps=216 min_eps=201 loads=[0;201;1;3;79] u=[6;1;6;6;2] guided(E=698.00,mk=216,t=1.73s)
inst_seed=6717036 eps=215 min_eps=201 loads=[0;201;1;3;79] u=[6;1;6;6;2] guided(E=708.00,mk=215,t=1.77s)
inst_seed=6717036 eps=214 min_eps=201 loads=[0;201;1;3;79] u=[6;1;6;6;2] guided(E=698.00,mk=214,t=1.74s)
inst_seed=6717036 eps=213 min_eps=201 loads=[0;201;1;3;79] u=[6;1;6;6;2] guided(E=696.00,mk=213,t=1.71s)
inst_seed=6717036 eps=212 min_eps=201 loads=[0;201;1;3;79] u=[6;1;6;6;2] guided(E=696.00,mk=212,t=1.80s)
inst_seed=6717036 eps=211 min_eps=201 loads=[0;201;1;3;79] u=[6;1;6;6;2] guided(E=696.00,mk=211,t=1.75s)
inst_seed=6717036 eps=210 min_eps=201 loads=[0;201;1;3;79] u=[6;1;6;6;2] guided(E=696.00,mk=210,t=1.76s)
inst_seed=6717036 eps=209 min_eps=201 loads=[0;201;1;3;79] u=[6;1;6;6;2] guided(E=696.00,mk=209,t=1.76s)
inst_seed=6717036 eps=208 min_eps=201 loads=[0;201;1;3;79] u=[6;1;6;6;2] guided(E=696.00,mk=208,t=1.73s)
inst_seed=6717036 eps=207 min_eps=201 loads=[0;201;1;3;79] u=[6;1;6;6;2] guided(E=696.00,mk=207,t=1.71s)
inst_seed=6717036 eps=206 min_eps=201 loads=[0;201;1;3;79] u=[6;1;6;6;2] guided(E=698.00,mk=206,t=1.66s)
inst_seed=6717036 eps=205 min_eps=201 loads=[0;201;1;3;79] u=[6;1;6;6;2] guided(E=698.00,mk=205,t=1.66s)
inst_seed=6717036 eps=204 min_eps=201 loads=[0;201;1;3;79] u=[6;1;6;6;2] guided(E=700.00,mk=204,t=1.65s)
inst_seed=6717036 eps=203 min_eps=201 loads=[0;201;1;3;79] u=[6;1;6;6;2] guided(E=711.00,mk=203,t=1.62s)
inst_seed=6717036 eps=202 min_eps=201 loads=[0;201;1;3;79] u=[6;1;6;6;2] guided(E=714.00,mk=202,t=1.57s)
inst_seed=6717036 eps=201 min_eps=201 loads=[0;201;1;3;79] u=[6;1;6;6;2] guided(E=717.00,mk=201,t=1.53s)
inst_seed=5522391 eps=240 min_eps=232 loads=[232;21;9;12;9] u=[1;4;4;5;5] guided(E=836.00,mk=240,t=1.78s)
inst_seed=5522391 eps=239 min_eps=232 loads=[232;21;9;12;9] u=[1;4;4;5;5] guided(E=836.00,mk=239,t=1.73s)
inst_seed=5522391 eps=238 min_eps=232 loads=[232;21;9;12;9] u=[1;4;4;5;5] guided(E=836.00,mk=238,t=1.71s)
inst_seed=5522391 eps=237 min_eps=232 loads=[232;21;9;12;9] u=[1;4;4;5;5] guided(E=838.00,mk=237,t=1.68s)
inst_seed=5522391 eps=236 min_eps=232 loads=[232;21;9;12;9] u=[1;4;4;5;5] guided(E=838.00,mk=236,t=1.61s)
inst_seed=5522391 eps=235 min_eps=232 loads=[232;21;9;12;9] u=[1;4;4;5;5] guided(E=838.00,mk=235,t=1.67s)
inst_seed=5522391 eps=234 min_eps=232 loads=[232;21;9;12;9] u=[1;4;4;5;5] guided(E=838.00,mk=234,t=1.67s)
inst_seed=5522391 eps=233 min_eps=232 loads=[232;21;9;12;9] u=[1;4;4;5;5] guided(E=838.00,mk=233,t=1.62s)
inst_seed=5522391 eps=232 min_eps=232 loads=[232;21;9;12;9] u=[1;4;4;5;5] guided(E=838.00,mk=232,t=1.57s)
inst_seed=1370812 eps=200 min_eps=176 loads=[0;7;33;176;97] u=[5;3;3;1;1] guided(E=678.00,mk=200,t=1.62s)
inst_seed=1370812 eps=199 min_eps=176 loads=[0;7;33;176;97] u=[5;3;3;1;1] guided(E=678.00,mk=199,t=1.57s)
inst_seed=1370812 eps=198 min_eps=176 loads=[0;7;33;176;97] u=[5;3;3;1;1] guided(E=680.00,mk=198,t=1.55s)
inst_seed=1370812 eps=197 min_eps=176 loads=[0;7;33;176;97] u=[5;3;3;1;1] guided(E=676.00,mk=197,t=1.58s)
inst_seed=1370812 eps=196 min_eps=176 loads=[0;7;33;176;97] u=[5;3;3;1;1] guided(E=677.00,mk=196,t=1.48s)
inst_seed=1370812 eps=195 min_eps=176 loads=[0;7;33;176;97] u=[5;3;3;1;1] guided(E=682.00,mk=195,t=1.44s)
inst_seed=1370812 eps=194 min_eps=176 loads=[0;7;33;176;97] u=[5;3;3;1;1] guided(E=683.00,mk=194,t=1.51s)
inst_seed=1370812 eps=193 min_eps=176 loads=[0;7;33;176;97] u=[5;3;3;1;1] guided(E=682.00,mk=193,t=1.54s)
inst_seed=1370812 eps=192 min_eps=176 loads=[0;7;33;176;97] u=[5;3;3;1;1] guided(E=682.00,mk=192,t=1.59s)
inst_seed=1370812 eps=191 min_eps=176 loads=[0;7;33;176;97] u=[5;3;3;1;1] guided(E=681.00,mk=191,t=1.56s)
inst_seed=1370812 eps=190 min_eps=176 loads=[0;7;33;176;97] u=[5;3;3;1;1] guided(E=681.00,mk=190,t=1.43s)
inst_seed=1370812 eps=189 min_eps=176 loads=[0;7;33;176;97] u=[5;3;3;1;1] guided(E=682.00,mk=189,t=1.53s)
inst_seed=1370812 eps=188 min_eps=176 loads=[0;7;33;176;97] u=[5;3;3;1;1] guided(E=682.00,mk=188,t=1.43s)
inst_seed=1370812 eps=187 min_eps=176 loads=[0;7;33;176;97] u=[5;3;3;1;1] guided(E=684.00,mk=187,t=1.45s)
inst_seed=1370812 eps=186 min_eps=176 loads=[0;7;33;176;97] u=[5;3;3;1;1] guided(E=682.00,mk=186,t=1.32s)
inst_seed=1370812 eps=185 min_eps=176 loads=[0;7;33;176;97] u=[5;3;3;1;1] guided(E=683.00,mk=185,t=1.32s)
inst_seed=1370812 eps=184 min_eps=176 loads=[0;7;33;176;97] u=[5;3;3;1;1] guided(E=683.00,mk=184,t=1.37s)
inst_seed=1370812 eps=183 min_eps=176 loads=[0;7;33;176;97] u=[5;3;3;1;1] guided(E=684.00,mk=183,t=1.34s)
inst_seed=1370812 eps=182 min_eps=176 loads=[0;7;33;176;97] u=[5;3;3;1;1] guided(E=687.00,mk=182,t=1.37s)
inst_seed=1370812 eps=181 min_eps=176 loads=[0;7;33;176;97] u=[5;3;3;1;1] guided(E=691.00,mk=181,t=1.38s)
inst_seed=1370812 eps=180 min_eps=176 loads=[0;7;33;176;97] u=[5;3;3;1;1] guided(E=695.00,mk=180,t=1.35s)
inst_seed=1370812 eps=179 min_eps=176 loads=[0;7;33;176;97] u=[5;3;3;1;1] guided(E=696.00,mk=179,t=1.30s)
inst_seed=1370812 eps=178 min_eps=176 loads=[0;7;33;176;97] u=[5;3;3;1;1] guided(E=700.00,mk=178,t=1.28s)
inst_seed=1370812 eps=177 min_eps=176 loads=[0;7;33;176;97] u=[5;3;3;1;1] guided(E=701.00,mk=177,t=1.23s)
inst_seed=1370812 eps=176 min_eps=176 loads=[0;7;33;176;97] u=[5;3;3;1;1] guided(E=704.00,mk=176,t=1.21s)
inst_seed=7072208 eps=220 min_eps=143 loads=[61;0;10;143;27] u=[2;6;5;1;3] guided(E=626.00,mk=206,t=1.48s)
inst_seed=7072208 eps=205 min_eps=143 loads=[61;0;10;143;27] u=[2;6;5;1;3] guided(E=628.00,mk=204,t=1.50s)
inst_seed=7072208 eps=203 min_eps=143 loads=[61;0;10;143;27] u=[2;6;5;1;3] guided(E=633.00,mk=203,t=1.45s)
inst_seed=7072208 eps=202 min_eps=143 loads=[61;0;10;143;27] u=[2;6;5;1;3] guided(E=630.00,mk=202,t=1.47s)
inst_seed=7072208 eps=201 min_eps=143 loads=[61;0;10;143;27] u=[2;6;5;1;3] guided(E=631.00,mk=201,t=1.45s)
inst_seed=7072208 eps=200 min_eps=143 loads=[61;0;10;143;27] u=[2;6;5;1;3] guided(E=638.00,mk=190,t=1.43s)
inst_seed=7072208 eps=189 min_eps=143 loads=[61;0;10;143;27] u=[2;6;5;1;3] guided(E=652.00,mk=189,t=1.47s)
inst_seed=7072208 eps=188 min_eps=143 loads=[61;0;10;143;27] u=[2;6;5;1;3] guided(E=656.00,mk=188,t=1.40s)
inst_seed=7072208 eps=187 min_eps=143 loads=[61;0;10;143;27] u=[2;6;5;1;3] guided(E=656.00,mk=187,t=1.34s)
inst_seed=7072208 eps=186 min_eps=143 loads=[61;0;10;143;27] u=[2;6;5;1;3] guided(E=650.00,mk=186,t=1.35s)
inst_seed=7072208 eps=185 min_eps=143 loads=[61;0;10;143;27] u=[2;6;5;1;3] guided(E=654.00,mk=185,t=1.39s)
inst_seed=7072208 eps=184 min_eps=143 loads=[61;0;10;143;27] u=[2;6;5;1;3] guided(E=646.00,mk=184,t=1.41s)
inst_seed=7072208 eps=183 min_eps=143 loads=[61;0;10;143;27] u=[2;6;5;1;3] guided(E=655.00,mk=183,t=1.38s)
inst_seed=7072208 eps=182 min_eps=143 loads=[61;0;10;143;27] u=[2;6;5;1;3] guided(E=656.00,mk=182,t=1.34s)
inst_seed=7072208 eps=181 min_eps=143 loads=[61;0;10;143;27] u=[2;6;5;1;3] guided(E=659.00,mk=181,t=1.26s)
inst_seed=7072208 eps=180 min_eps=143 loads=[61;0;10;143;27] u=[2;6;5;1;3] guided(E=658.00,mk=180,t=1.31s)
inst_seed=7072208 eps=179 min_eps=143 loads=[61;0;10;143;27] u=[2;6;5;1;3] guided(E=656.00,mk=179,t=1.39s)
inst_seed=7072208 eps=178 min_eps=143 loads=[61;0;10;143;27] u=[2;6;5;1;3] guided(E=652.00,mk=178,t=1.24s)
inst_seed=7072208 eps=177 min_eps=143 loads=[61;0;10;143;27] u=[2;6;5;1;3] guided(E=656.00,mk=177,t=1.20s)
inst_seed=7072208 eps=176 min_eps=143 loads=[61;0;10;143;27] u=[2;6;5;1;3] guided(E=650.00,mk=172,t=1.14s)
inst_seed=7072208 eps=171 min_eps=143 loads=[61;0;10;143;27] u=[2;6;5;1;3] guided(E=682.00,mk=171,t=1.22s)
inst_seed=7072208 eps=170 min_eps=143 loads=[61;0;10;143;27] u=[2;6;5;1;3] guided(E=678.00,mk=170,t=1.16s)
inst_seed=7072208 eps=169 min_eps=143 loads=[61;0;10;143;27] u=[2;6;5;1;3] guided(E=680.00,mk=169,t=1.21s)
inst_seed=7072208 eps=168 min_eps=143 loads=[61;0;10;143;27] u=[2;6;5;1;3] guided(E=684.00,mk=168,t=1.23s)
inst_seed=7072208 eps=167 min_eps=143 loads=[61;0;10;143;27] u=[2;6;5;1;3] guided(E=678.00,mk=167,t=1.21s)
inst_seed=7072208 eps=166 min_eps=143 loads=[61;0;10;143;27] u=[2;6;5;1;3] guided(E=678.00,mk=166,t=1.21s)
inst_seed=7072208 eps=165 min_eps=143 loads=[61;0;10;143;27] u=[2;6;5;1;3] guided(E=678.00,mk=165,t=1.18s)
inst_seed=7072208 eps=164 min_eps=143 loads=[61;0;10;143;27] u=[2;6;5;1;3] guided(E=684.00,mk=164,t=1.09s)
inst_seed=7072208 eps=163 min_eps=143 loads=[61;0;10;143;27] u=[2;6;5;1;3] guided(E=687.00,mk=163,t=1.10s)
inst_seed=7072208 eps=162 min_eps=143 loads=[61;0;10;143;27] u=[2;6;5;1;3] guided(E=682.00,mk=162,t=1.16s)
inst_seed=7072208 eps=161 min_eps=143 loads=[61;0;10;143;27] u=[2;6;5;1;3] guided(E=681.00,mk=161,t=1.08s)
inst_seed=7072208 eps=160 min_eps=143 loads=[61;0;10;143;27] u=[2;6;5;1;3] guided(E=680.00,mk=160,t=1.09s)
inst_seed=7072208 eps=159 min_eps=143 loads=[61;0;10;143;27] u=[2;6;5;1;3] guided(E=680.00,mk=159,t=1.03s)
inst_seed=7072208 eps=158 min_eps=143 loads=[61;0;10;143;27] u=[2;6;5;1;3] guided(E=680.00,mk=158,t=1.04s)
inst_seed=7072208 eps=157 min_eps=143 loads=[61;0;10;143;27] u=[2;6;5;1;3] guided(E=682.00,mk=157,t=1.03s)
inst_seed=7072208 eps=156 min_eps=143 loads=[61;0;10;143;27] u=[2;6;5;1;3] guided(E=684.00,mk=156,t=1.02s)
inst_seed=7072208 eps=155 min_eps=143 loads=[61;0;10;143;27] u=[2;6;5;1;3] guided(E=686.00,mk=155,t=0.99s)
inst_seed=7072208 eps=154 min_eps=143 loads=[61;0;10;143;27] u=[2;6;5;1;3] guided(E=688.00,mk=154,t=0.92s)
inst_seed=7072208 eps=153 min_eps=143 loads=[61;0;10;143;27] u=[2;6;5;1;3] guided(E=686.00,mk=153,t=1.05s)
inst_seed=7072208 eps=152 min_eps=143 loads=[61;0;10;143;27] u=[2;6;5;1;3] guided(E=692.00,mk=152,t=1.09s)
inst_seed=7072208 eps=151 min_eps=143 loads=[61;0;10;143;27] u=[2;6;5;1;3] guided(E=688.00,mk=151,t=0.91s)
inst_seed=7072208 eps=150 min_eps=143 loads=[61;0;10;143;27] u=[2;6;5;1;3] guided(E=684.00,mk=150,t=0.97s)
inst_seed=7072208 eps=149 min_eps=143 loads=[61;0;10;143;27] u=[2;6;5;1;3] guided(E=690.00,mk=149,t=1.00s)
inst_seed=7072208 eps=148 min_eps=143 loads=[61;0;10;143;27] u=[2;6;5;1;3] guided(E=686.00,mk=148,t=0.94s)
inst_seed=7072208 eps=147 min_eps=143 loads=[61;0;10;143;27] u=[2;6;5;1;3] guided(E=692.00,mk=147,t=0.98s)
inst_seed=7072208 eps=146 min_eps=143 loads=[61;0;10;143;27] u=[2;6;5;1;3] guided(E=690.00,mk=146,t=0.97s)
inst_seed=7072208 eps=145 min_eps=143 loads=[61;0;10;143;27] u=[2;6;5;1;3] guided(E=698.00,mk=145,t=0.95s)
inst_seed=7072208 eps=144 min_eps=143 loads=[61;0;10;143;27] u=[2;6;5;1;3] guided(E=698.00,mk=144,t=0.92s)
inst_seed=7072208 eps=143 min_eps=143 loads=[61;0;10;143;27] u=[2;6;5;1;3] guided(E=703.00,mk=143,t=0.87s)
inst_seed=8064167 eps=220 min_eps=215 loads=[21;21;28;215;84] u=[5;6;5;3;4] guided(E=2490.00,mk=220,t=1.64s)
inst_seed=8064167 eps=219 min_eps=215 loads=[21;21;28;215;84] u=[5;6;5;3;4] guided(E=2482.00,mk=219,t=1.63s)
inst_seed=8064167 eps=218 min_eps=215 loads=[21;21;28;215;84] u=[5;6;5;3;4] guided(E=2496.00,mk=218,t=1.61s)
inst_seed=8064167 eps=217 min_eps=215 loads=[21;21;28;215;84] u=[5;6;5;3;4] guided(E=2502.00,mk=217,t=1.61s)
inst_seed=8064167 eps=216 min_eps=215 loads=[21;21;28;215;84] u=[5;6;5;3;4] guided(E=2508.00,mk=216,t=1.56s)
inst_seed=8064167 eps=215 min_eps=215 loads=[21;21;28;215;84] u=[5;6;5;3;4] guided(E=2508.00,mk=215,t=1.54s)
inst_seed=6681288 eps=260 min_eps=260 loads=[12;42;260;4;10] u=[5;2;1;6;5] guided(E=902.00,mk=260,t=1.66s)
inst_seed=1383936 eps=240 min_eps=168 loads=[0;168;14;137;17] u=[6;3;5;3;5] guided(E=1772.00,mk=231,t=3.06s)
inst_seed=1383936 eps=230 min_eps=168 loads=[0;168;14;137;17] u=[6;3;5;3;5] guided(E=1814.00,mk=230,t=3.10s)
inst_seed=1383936 eps=229 min_eps=168 loads=[0;168;14;137;17] u=[6;3;5;3;5] guided(E=1820.00,mk=229,t=3.15s)
inst_seed=1383936 eps=228 min_eps=168 loads=[0;168;14;137;17] u=[6;3;5;3;5] guided(E=1826.00,mk=228,t=3.14s)
inst_seed=1383936 eps=227 min_eps=168 loads=[0;168;14;137;17] u=[6;3;5;3;5] guided(E=1832.00,mk=227,t=3.14s)
inst_seed=1383936 eps=226 min_eps=168 loads=[0;168;14;137;17] u=[6;3;5;3;5] guided(E=1832.00,mk=226,t=3.13s)
inst_seed=1383936 eps=225 min_eps=168 loads=[0;168;14;137;17] u=[6;3;5;3;5] guided(E=1832.00,mk=225,t=3.11s)
inst_seed=1383936 eps=224 min_eps=168 loads=[0;168;14;137;17] u=[6;3;5;3;5] guided(E=1838.00,mk=224,t=3.08s)
inst_seed=1383936 eps=223 min_eps=168 loads=[0;168;14;137;17] u=[6;3;5;3;5] guided(E=1832.00,mk=223,t=2.93s)
inst_seed=1383936 eps=222 min_eps=168 loads=[0;168;14;137;17] u=[6;3;5;3;5] guided(E=1832.00,mk=222,t=2.93s)
inst_seed=1383936 eps=221 min_eps=168 loads=[0;168;14;137;17] u=[6;3;5;3;5] guided(E=1814.00,mk=221,t=2.84s)
inst_seed=1383936 eps=220 min_eps=168 loads=[0;168;14;137;17] u=[6;3;5;3;5] guided(E=1826.00,mk=220,t=2.87s)
inst_seed=1383936 eps=219 min_eps=168 loads=[0;168;14;137;17] u=[6;3;5;3;5] guided(E=1832.00,mk=219,t=2.89s)
inst_seed=1383936 eps=218 min_eps=168 loads=[0;168;14;137;17] u=[6;3;5;3;5] guided(E=1832.00,mk=218,t=2.89s)
inst_seed=1383936 eps=217 min_eps=168 loads=[0;168;14;137;17] u=[6;3;5;3;5] guided(E=1838.00,mk=217,t=2.85s)
inst_seed=1383936 eps=216 min_eps=168 loads=[0;168;14;137;17] u=[6;3;5;3;5] guided(E=1838.00,mk=216,t=2.78s)
inst_seed=1383936 eps=215 min_eps=168 loads=[0;168;14;137;17] u=[6;3;5;3;5] guided(E=1850.00,mk=215,t=2.81s)
inst_seed=1383936 eps=214 min_eps=168 loads=[0;168;14;137;17] u=[6;3;5;3;5] guided(E=1886.00,mk=214,t=2.91s)
inst_seed=1383936 eps=213 min_eps=168 loads=[0;168;14;137;17] u=[6;3;5;3;5] guided(E=1916.00,mk=213,t=2.94s)
inst_seed=1383936 eps=212 min_eps=168 loads=[0;168;14;137;17] u=[6;3;5;3;5] guided(E=1922.00,mk=212,t=2.75s)
inst_seed=1383936 eps=211 min_eps=168 loads=[0;168;14;137;17] u=[6;3;5;3;5] guided(E=1928.00,mk=211,t=2.84s)
inst_seed=1383936 eps=210 min_eps=168 loads=[0;168;14;137;17] u=[6;3;5;3;5] guided(E=1934.00,mk=210,t=2.81s)
inst_seed=1383936 eps=209 min_eps=168 loads=[0;168;14;137;17] u=[6;3;5;3;5] guided(E=1934.00,mk=209,t=2.84s)
inst_seed=1383936 eps=208 min_eps=168 loads=[0;168;14;137;17] u=[6;3;5;3;5] guided(E=1940.00,mk=208,t=2.76s)
inst_seed=1383936 eps=207 min_eps=168 loads=[0;168;14;137;17] u=[6;3;5;3;5] guided(E=1940.00,mk=207,t=2.71s)
inst_seed=1383936 eps=206 min_eps=168 loads=[0;168;14;137;17] u=[6;3;5;3;5] guided(E=1928.00,mk=206,t=2.65s)
inst_seed=1383936 eps=205 min_eps=168 loads=[0;168;14;137;17] u=[6;3;5;3;5] guided(E=1928.00,mk=205,t=2.68s)
inst_seed=1383936 eps=204 min_eps=168 loads=[0;168;14;137;17] u=[6;3;5;3;5] guided(E=1928.00,mk=204,t=2.60s)
inst_seed=1383936 eps=203 min_eps=168 loads=[0;168;14;137;17] u=[6;3;5;3;5] guided(E=1910.00,mk=203,t=2.64s)
inst_seed=1383936 eps=202 min_eps=168 loads=[0;168;14;137;17] u=[6;3;5;3;5] guided(E=1922.00,mk=202,t=2.62s)
inst_seed=1383936 eps=201 min_eps=168 loads=[0;168;14;137;17] u=[6;3;5;3;5] guided(E=1928.00,mk=201,t=2.62s)
inst_seed=1383936 eps=200 min_eps=168 loads=[0;168;14;137;17] u=[6;3;5;3;5] guided(E=1940.00,mk=200,t=2.61s)
inst_seed=1383936 eps=199 min_eps=168 loads=[0;168;14;137;17] u=[6;3;5;3;5] guided(E=1940.00,mk=199,t=2.53s)
inst_seed=1383936 eps=198 min_eps=168 loads=[0;168;14;137;17] u=[6;3;5;3;5] guided(E=1946.00,mk=198,t=2.50s)
inst_seed=1383936 eps=197 min_eps=168 loads=[0;168;14;137;17] u=[6;3;5;3;5] guided(E=1946.00,mk=197,t=2.44s)
inst_seed=1383936 eps=196 min_eps=168 loads=[0;168;14;137;17] u=[6;3;5;3;5] guided(E=1952.00,mk=196,t=2.47s)
inst_seed=1383936 eps=195 min_eps=168 loads=[0;168;14;137;17] u=[6;3;5;3;5] guided(E=1964.00,mk=195,t=2.48s)
inst_seed=1383936 eps=194 min_eps=168 loads=[0;168;14;137;17] u=[6;3;5;3;5] guided(E=1970.00,mk=194,t=2.38s)
inst_seed=1383936 eps=193 min_eps=168 loads=[0;168;14;137;17] u=[6;3;5;3;5] guided(E=1988.00,mk=193,t=2.46s)
inst_seed=1383936 eps=192 min_eps=168 loads=[0;168;14;137;17] u=[6;3;5;3;5] guided(E=2006.00,mk=192,t=2.47s)
inst_seed=1383936 eps=191 min_eps=168 loads=[0;168;14;137;17] u=[6;3;5;3;5] guided(E=2006.00,mk=191,t=2.45s)
inst_seed=1383936 eps=190 min_eps=168 loads=[0;168;14;137;17] u=[6;3;5;3;5] guided(E=2006.00,mk=190,t=2.42s)
inst_seed=1383936 eps=189 min_eps=168 loads=[0;168;14;137;17] u=[6;3;5;3;5] guided(E=2006.00,mk=189,t=2.36s)
inst_seed=1383936 eps=188 min_eps=168 loads=[0;168;14;137;17] u=[6;3;5;3;5] guided(E=2012.00,mk=188,t=2.36s)
inst_seed=1383936 eps=187 min_eps=168 loads=[0;168;14;137;17] u=[6;3;5;3;5] guided(E=2000.00,mk=187,t=2.29s)
inst_seed=1383936 eps=186 min_eps=168 loads=[0;168;14;137;17] u=[6;3;5;3;5] guided(E=1994.00,mk=186,t=2.14s)
inst_seed=1383936 eps=185 min_eps=168 loads=[0;168;14;137;17] u=[6;3;5;3;5] guided(E=2006.00,mk=185,t=2.20s)
inst_seed=1383936 eps=184 min_eps=168 loads=[0;168;14;137;17] u=[6;3;5;3;5] guided(E=2012.00,mk=184,t=2.20s)
inst_seed=1383936 eps=183 min_eps=168 loads=[0;168;14;137;17] u=[6;3;5;3;5] guided(E=2018.00,mk=183,t=2.17s)
inst_seed=1383936 eps=182 min_eps=168 loads=[0;168;14;137;17] u=[6;3;5;3;5] guided(E=2024.00,mk=182,t=2.18s)
inst_seed=1383936 eps=181 min_eps=168 loads=[0;168;14;137;17] u=[6;3;5;3;5] guided(E=2024.00,mk=181,t=2.07s)
inst_seed=1383936 eps=180 min_eps=168 loads=[0;168;14;137;17] u=[6;3;5;3;5] guided(E=2036.00,mk=180,t=2.12s)
inst_seed=1383936 eps=179 min_eps=168 loads=[0;168;14;137;17] u=[6;3;5;3;5] guided(E=2024.00,mk=179,t=2.03s)
inst_seed=1383936 eps=178 min_eps=168 loads=[0;168;14;137;17] u=[6;3;5;3;5] guided(E=2024.00,mk=178,t=2.09s)
inst_seed=1383936 eps=177 min_eps=168 loads=[0;168;14;137;17] u=[6;3;5;3;5] guided(E=2006.00,mk=177,t=1.98s)
inst_seed=1383936 eps=176 min_eps=168 loads=[0;168;14;137;17] u=[6;3;5;3;5] guided(E=2012.00,mk=176,t=1.90s)
inst_seed=1383936 eps=175 min_eps=168 loads=[0;168;14;137;17] u=[6;3;5;3;5] guided(E=2048.00,mk=175,t=2.02s)
inst_seed=1383936 eps=174 min_eps=168 loads=[0;168;14;137;17] u=[6;3;5;3;5] guided(E=2066.00,mk=174,t=1.98s)
inst_seed=1383936 eps=173 min_eps=168 loads=[0;168;14;137;17] u=[6;3;5;3;5] guided(E=2078.00,mk=173,t=1.93s)
inst_seed=1383936 eps=172 min_eps=168 loads=[0;168;14;137;17] u=[6;3;5;3;5] guided(E=2108.00,mk=172,t=1.92s)
inst_seed=1383936 eps=171 min_eps=168 loads=[0;168;14;137;17] u=[6;3;5;3;5] guided(E=2120.00,mk=171,t=1.91s)
inst_seed=1383936 eps=170 min_eps=168 loads=[0;168;14;137;17] u=[6;3;5;3;5] guided(E=2114.00,mk=170,t=1.90s)
inst_seed=1383936 eps=169 min_eps=168 loads=[0;168;14;137;17] u=[6;3;5;3;5] guided(E=2114.00,mk=169,t=1.80s)
inst_seed=1383936 eps=168 min_eps=168 loads=[0;168;14;137;17] u=[6;3;5;3;5] guided(E=2126.00,mk=168,t=1.79s)
inst_seed=9311497 eps=240 min_eps=213 loads=[0;6;0;7;213] u=[6;5;6;5;2] guided(E=984.00,mk=240,t=1.44s)
inst_seed=9311497 eps=239 min_eps=213 loads=[0;6;0;7;213] u=[6;5;6;5;2] guided(E=976.00,mk=239,t=1.58s)
inst_seed=9311497 eps=238 min_eps=213 loads=[0;6;0;7;213] u=[6;5;6;5;2] guided(E=980.00,mk=238,t=1.53s)
inst_seed=9311497 eps=237 min_eps=213 loads=[0;6;0;7;213] u=[6;5;6;5;2] guided(E=984.00,mk=237,t=1.56s)
inst_seed=9311497 eps=236 min_eps=213 loads=[0;6;0;7;213] u=[6;5;6;5;2] guided(E=984.00,mk=236,t=1.54s)
inst_seed=9311497 eps=235 min_eps=213 loads=[0;6;0;7;213] u=[6;5;6;5;2] guided(E=984.00,mk=235,t=1.52s)
inst_seed=9311497 eps=234 min_eps=213 loads=[0;6;0;7;213] u=[6;5;6;5;2] guided(E=984.00,mk=234,t=1.48s)
inst_seed=9311497 eps=233 min_eps=213 loads=[0;6;0;7;213] u=[6;5;6;5;2] guided(E=984.00,mk=233,t=1.44s)
inst_seed=9311497 eps=232 min_eps=213 loads=[0;6;0;7;213] u=[6;5;6;5;2] guided(E=984.00,mk=232,t=1.42s)
inst_seed=9311497 eps=231 min_eps=213 loads=[0;6;0;7;213] u=[6;5;6;5;2] guided(E=984.00,mk=231,t=1.39s)
inst_seed=9311497 eps=230 min_eps=213 loads=[0;6;0;7;213] u=[6;5;6;5;2] guided(E=984.00,mk=230,t=1.38s)
inst_seed=9311497 eps=229 min_eps=213 loads=[0;6;0;7;213] u=[6;5;6;5;2] guided(E=988.00,mk=229,t=1.36s)
inst_seed=9311497 eps=228 min_eps=213 loads=[0;6;0;7;213] u=[6;5;6;5;2] guided(E=988.00,mk=228,t=1.40s)
inst_seed=9311497 eps=227 min_eps=213 loads=[0;6;0;7;213] u=[6;5;6;5;2] guided(E=988.00,mk=227,t=1.37s)
inst_seed=9311497 eps=226 min_eps=213 loads=[0;6;0;7;213] u=[6;5;6;5;2] guided(E=988.00,mk=226,t=1.40s)
inst_seed=9311497 eps=225 min_eps=213 loads=[0;6;0;7;213] u=[6;5;6;5;2] guided(E=988.00,mk=225,t=1.39s)
inst_seed=9311497 eps=224 min_eps=213 loads=[0;6;0;7;213] u=[6;5;6;5;2] guided(E=988.00,mk=224,t=1.32s)
inst_seed=9311497 eps=223 min_eps=213 loads=[0;6;0;7;213] u=[6;5;6;5;2] guided(E=994.00,mk=223,t=1.39s)
inst_seed=9311497 eps=222 min_eps=213 loads=[0;6;0;7;213] u=[6;5;6;5;2] guided(E=992.00,mk=222,t=1.21s)
inst_seed=9311497 eps=221 min_eps=213 loads=[0;6;0;7;213] u=[6;5;6;5;2] guided(E=994.00,mk=221,t=1.33s)
inst_seed=9311497 eps=220 min_eps=213 loads=[0;6;0;7;213] u=[6;5;6;5;2] guided(E=996.00,mk=220,t=1.28s)
inst_seed=9311497 eps=219 min_eps=213 loads=[0;6;0;7;213] u=[6;5;6;5;2] guided(E=996.00,mk=219,t=1.29s)
inst_seed=9311497 eps=218 min_eps=213 loads=[0;6;0;7;213] u=[6;5;6;5;2] guided(E=1000.00,mk=218,t=1.32s)
inst_seed=9311497 eps=217 min_eps=213 loads=[0;6;0;7;213] u=[6;5;6;5;2] guided(E=1004.00,mk=217,t=1.29s)
inst_seed=9311497 eps=216 min_eps=213 loads=[0;6;0;7;213] u=[6;5;6;5;2] guided(E=1008.00,mk=216,t=1.28s)
inst_seed=9311497 eps=215 min_eps=213 loads=[0;6;0;7;213] u=[6;5;6;5;2] guided(E=1008.00,mk=215,t=1.26s)
inst_seed=9311497 eps=214 min_eps=213 loads=[0;6;0;7;213] u=[6;5;6;5;2] guided(E=1008.00,mk=214,t=1.22s)
inst_seed=9311497 eps=213 min_eps=213 loads=[0;6;0;7;213] u=[6;5;6;5;2] guided(E=1008.00,mk=213,t=1.20s)
Wrote PaST/logs/epsilon_nl_LONG_4_cross_medium_to_large_varND_guided.csv
