instance_seed,category,N,M,D,K,assign_alpha,epsilon,loads,u,total_energy,makespan,solve_s,method,beam,prune_factor
3055531.0,large,35.0,5.0,11.0,220.0,1.2,220.0,0;1;15;38;173,6;5;4;4;2,977.0,220.0,1.6315566126722842,guided,50.0,2.0
3055531.0,large,35.0,5.0,11.0,220.0,1.2,219.0,0;1;15;38;173,6;5;4;4;2,981.0,219.0,1.5957014323212206,guided,50.0,2.0
3055531.0,large,35.0,5.0,11.0,220.0,1.2,218.0,0;1;15;38;173,6;5;4;4;2,981.0,218.0,1.5438010836951435,guided,50.0,2.0
3055531.0,large,35.0,5.0,11.0,220.0,1.2,217.0,0;1;15;38;173,6;5;4;4;2,985.0,217.0,1.5535063450224698,guided,50.0,2.0
3055531.0,large,35.0,5.0,11.0,220.0,1.2,216.0,0;1;15;38;173,6;5;4;4;2,985.0,216.0,1.5242114390712231,guided,50.0,2.0
3055531.0,large,35.0,5.0,11.0,220.0,1.2,215.0,0;1;15;38;173,6;5;4;4;2,993.0,215.0,1.586399771971628,guided,50.0,2.0
3055531.0,large,35.0,5.0,11.0,220.0,1.2,214.0,0;1;15;38;173,6;5;4;4;2,1013.0,214.0,1.4699242308270186,guided,50.0,2.0
3055531.0,large,35.0,5.0,11.0,220.0,1.2,213.0,0;1;15;38;173,6;5;4;4;2,1029.0,213.0,1.5733970247674733,guided,50.0,2.0
3055531.0,large,35.0,5.0,11.0,220.0,1.2,212.0,0;1;15;38;173,6;5;4;4;2,1037.0,212.0,1.448529699118808,guided,50.0,2.0
3055531.0,large,35.0,5.0,11.0,220.0,1.2,211.0,0;1;15;38;173,6;5;4;4;2,1037.0,211.0,1.430106472922489,guided,50.0,2.0
3055531.0,large,35.0,5.0,11.0,220.0,1.2,210.0,0;1;15;38;173,6;5;4;4;2,1037.0,210.0,1.37294976785779,guided,50.0,2.0
3055531.0,large,35.0,5.0,11.0,220.0,1.2,209.0,0;1;15;38;173,6;5;4;4;2,1041.0,209.0,1.4766931827180088,guided,50.0,2.0
3055531.0,large,35.0,5.0,11.0,220.0,1.2,208.0,0;1;15;38;173,6;5;4;4;2,1041.0,208.0,1.4086587608326226,guided,50.0,2.0
3055531.0,large,35.0,5.0,11.0,220.0,1.2,207.0,0;1;15;38;173,6;5;4;4;2,1041.0,207.0,1.4508506052661687,guided,50.0,2.0
3055531.0,large,35.0,5.0,11.0,220.0,1.2,206.0,0;1;15;38;173,6;5;4;4;2,1041.0,206.0,1.4123740629293025,guided,50.0,2.0
3055531.0,large,35.0,5.0,11.0,220.0,1.2,205.0,0;1;15;38;173,6;5;4;4;2,1041.0,205.0,1.26582589908503,guided,50.0,2.0
3055531.0,large,35.0,5.0,11.0,220.0,1.2,204.0,0;1;15;38;173,6;5;4;4;2,1029.0,204.0,1.3442469504661858,guided,50.0,2.0
3055531.0,large,35.0,5.0,11.0,220.0,1.2,203.0,0;1;15;38;173,6;5;4;4;2,1031.0,203.0,1.4784967973828316,guided,50.0,2.0
3055531.0,large,35.0,5.0,11.0,220.0,1.2,202.0,0;1;15;38;173,6;5;4;4;2,1037.0,202.0,1.452170399716124,guided,50.0,2.0
3055531.0,large,35.0,5.0,11.0,220.0,1.2,201.0,0;1;15;38;173,6;5;4;4;2,1039.0,201.0,1.3795063581783324,guided,50.0,2.0
3055531.0,large,35.0,5.0,11.0,220.0,1.2,200.0,0;1;15;38;173,6;5;4;4;2,1041.0,200.0,1.3880166558083147,guided,50.0,2.0
3055531.0,large,35.0,5.0,11.0,220.0,1.2,199.0,0;1;15;38;173,6;5;4;4;2,1045.0,199.0,1.3696362529881299,guided,50.0,2.0
3055531.0,large,35.0,5.0,11.0,220.0,1.2,198.0,0;1;15;38;173,6;5;4;4;2,1049.0,198.0,1.3926342569757253,guided,50.0,2.0
3055531.0,large,35.0,5.0,11.0,220.0,1.2,197.0,0;1;15;38;173,6;5;4;4;2,1049.0,197.0,1.3845507518853992,guided,50.0,2.0
3055531.0,large,35.0,5.0,11.0,220.0,1.2,196.0,0;1;15;38;173,6;5;4;4;2,1045.0,196.0,1.388577964855358,guided,50.0,2.0
3055531.0,large,35.0,5.0,11.0,220.0,1.2,195.0,0;1;15;38;173,6;5;4;4;2,1057.0,195.0,1.243310438003391,guided,50.0,2.0
3055531.0,large,35.0,5.0,11.0,220.0,1.2,194.0,0;1;15;38;173,6;5;4;4;2,1061.0,194.0,1.2414292900357395,guided,50.0,2.0
3055531.0,large,35.0,5.0,11.0,220.0,1.2,193.0,0;1;15;38;173,6;5;4;4;2,1061.0,193.0,1.2008673429954797,guided,50.0,2.0
3055531.0,large,35.0,5.0,11.0,220.0,1.2,192.0,0;1;15;38;173,6;5;4;4;2,1061.0,192.0,1.1825076867826283,guided,50.0,2.0
3055531.0,large,35.0,5.0,11.0,220.0,1.2,191.0,0;1;15;38;173,6;5;4;4;2,1061.0,191.0,1.1549796923063695,guided,50.0,2.0
3055531.0,large,35.0,5.0,11.0,220.0,1.2,190.0,0;1;15;38;173,6;5;4;4;2,1065.0,190.0,1.1780369970947504,guided,50.0,2.0
3055531.0,large,35.0,5.0,11.0,220.0,1.2,189.0,0;1;15;38;173,6;5;4;4;2,1065.0,189.0,1.1961442918982357,guided,50.0,2.0
3055531.0,large,35.0,5.0,11.0,220.0,1.2,188.0,0;1;15;38;173,6;5;4;4;2,1065.0,188.0,1.1839852014090866,guided,50.0,2.0
3055531.0,large,35.0,5.0,11.0,220.0,1.2,187.0,0;1;15;38;173,6;5;4;4;2,1065.0,187.0,1.207114318618551,guided,50.0,2.0
3055531.0,large,35.0,5.0,11.0,220.0,1.2,186.0,0;1;15;38;173,6;5;4;4;2,1061.0,186.0,1.118298283778131,guided,50.0,2.0
3055531.0,large,35.0,5.0,11.0,220.0,1.2,185.0,0;1;15;38;173,6;5;4;4;2,1065.0,185.0,1.1211437790188938,guided,50.0,2.0
3055531.0,large,35.0,5.0,11.0,220.0,1.2,184.0,0;1;15;38;173,6;5;4;4;2,1065.0,184.0,1.0780370149295777,guided,50.0,2.0
3055531.0,large,35.0,5.0,11.0,220.0,1.2,183.0,0;1;15;38;173,6;5;4;4;2,1067.0,183.0,1.11358638596721,guided,50.0,2.0
3055531.0,large,35.0,5.0,11.0,220.0,1.2,182.0,0;1;15;38;173,6;5;4;4;2,1069.0,182.0,1.1005049403756857,guided,50.0,2.0
3055531.0,large,35.0,5.0,11.0,220.0,1.2,181.0,0;1;15;38;173,6;5;4;4;2,1067.0,181.0,1.041375688975677,guided,50.0,2.0
3055531.0,large,35.0,5.0,11.0,220.0,1.2,180.0,0;1;15;38;173,6;5;4;4;2,1073.0,180.0,1.066142183728516,guided,50.0,2.0
3055531.0,large,35.0,5.0,11.0,220.0,1.2,179.0,0;1;15;38;173,6;5;4;4;2,1073.0,179.0,1.0566209859680384,guided,50.0,2.0
3055531.0,large,35.0,5.0,11.0,220.0,1.2,178.0,0;1;15;38;173,6;5;4;4;2,1077.0,178.0,1.0741006834432483,guided,50.0,2.0
3055531.0,large,35.0,5.0,11.0,220.0,1.2,177.0,0;1;15;38;173,6;5;4;4;2,1081.0,177.0,1.0275873569771647,guided,50.0,2.0
3055531.0,large,35.0,5.0,11.0,220.0,1.2,176.0,0;1;15;38;173,6;5;4;4;2,1085.0,176.0,1.0101491212844849,guided,50.0,2.0
3055531.0,large,35.0,5.0,11.0,220.0,1.2,175.0,0;1;15;38;173,6;5;4;4;2,1085.0,175.0,0.9993078261613846,guided,50.0,2.0
3055531.0,large,35.0,5.0,11.0,220.0,1.2,174.0,0;1;15;38;173,6;5;4;4;2,1085.0,174.0,0.9586943089962006,guided,50.0,2.0
3055531.0,large,35.0,5.0,11.0,220.0,1.2,173.0,0;1;15;38;173,6;5;4;4;2,1085.0,173.0,0.9290257124230266,guided,50.0,2.0
6601097.0,large,52.0,5.0,14.0,280.0,1.2,280.0,0;0;0;93;233,5;4;5;2;1,774.0,280.0,2.576241500210017,guided,50.0,2.0
6601097.0,large,52.0,5.0,14.0,280.0,1.2,279.0,0;0;0;93;233,5;4;5;2;1,774.0,279.0,2.575106939068064,guided,50.0,2.0
6601097.0,large,52.0,5.0,14.0,280.0,1.2,278.0,0;0;0;93;233,5;4;5;2;1,776.0,278.0,2.588211093796417,guided,50.0,2.0
6601097.0,large,52.0,5.0,14.0,280.0,1.2,277.0,0;0;0;93;233,5;4;5;2;1,776.0,277.0,2.4439559346064925,guided,50.0,2.0
6601097.0,large,52.0,5.0,14.0,280.0,1.2,276.0,0;0;0;93;233,5;4;5;2;1,778.0,276.0,2.4349169267807156,guided,50.0,2.0
6601097.0,large,52.0,5.0,14.0,280.0,1.2,275.0,0;0;0;93;233,5;4;5;2;1,780.0,275.0,2.4207947191316634,guided,50.0,2.0
6601097.0,large,52.0,5.0,14.0,280.0,1.2,274.0,0;0;0;93;233,5;4;5;2;1,784.0,274.0,2.370538979768753,guided,50.0,2.0
6601097.0,large,52.0,5.0,14.0,280.0,1.2,273.0,0;0;0;93;233,5;4;5;2;1,778.0,273.0,2.387362282956019,guided,50.0,2.0
6601097.0,large,52.0,5.0,14.0,280.0,1.2,272.0,0;0;0;93;233,5;4;5;2;1,778.0,272.0,2.3517595580779016,guided,50.0,2.0
6601097.0,large,52.0,5.0,14.0,280.0,1.2,271.0,0;0;0;93;233,5;4;5;2;1,780.0,271.0,2.391940057044849,guided,50.0,2.0
6601097.0,large,52.0,5.0,14.0,280.0,1.2,270.0,0;0;0;93;233,5;4;5;2;1,780.0,270.0,2.334302879171446,guided,50.0,2.0
6601097.0,large,52.0,5.0,14.0,280.0,1.2,269.0,0;0;0;93;233,5;4;5;2;1,780.0,269.0,2.314018685836345,guided,50.0,2.0
6601097.0,large,52.0,5.0,14.0,280.0,1.2,268.0,0;0;0;93;233,5;4;5;2;1,780.0,268.0,2.2378307757899165,guided,50.0,2.0
6601097.0,large,52.0,5.0,14.0,280.0,1.2,267.0,0;0;0;93;233,5;4;5;2;1,780.0,267.0,2.2708209082484245,guided,50.0,2.0
6601097.0,large,52.0,5.0,14.0,280.0,1.2,266.0,0;0;0;93;233,5;4;5;2;1,782.0,266.0,2.2942495602183044,guided,50.0,2.0
6601097.0,large,52.0,5.0,14.0,280.0,1.2,265.0,0;0;0;93;233,5;4;5;2;1,786.0,265.0,2.241263851057738,guided,50.0,2.0
6601097.0,large,52.0,5.0,14.0,280.0,1.2,264.0,0;0;0;93;233,5;4;5;2;1,786.0,264.0,2.1990808909758925,guided,50.0,2.0
6601097.0,large,52.0,5.0,14.0,280.0,1.2,263.0,0;0;0;93;233,5;4;5;2;1,787.0,263.0,2.175456037046388,guided,50.0,2.0
6601097.0,large,52.0,5.0,14.0,280.0,1.2,262.0,0;0;0;93;233,5;4;5;2;1,792.0,262.0,2.1544696646742523,guided,50.0,2.0
6601097.0,large,52.0,5.0,14.0,280.0,1.2,261.0,0;0;0;93;233,5;4;5;2;1,793.0,261.0,2.040464363992214,guided,50.0,2.0
6601097.0,large,52.0,5.0,14.0,280.0,1.2,260.0,0;0;0;93;233,5;4;5;2;1,794.0,260.0,2.139411723939702,guided,50.0,2.0
6601097.0,large,52.0,5.0,14.0,280.0,1.2,259.0,0;0;0;93;233,5;4;5;2;1,792.0,259.0,2.1187940759118646,guided,50.0,2.0
6601097.0,large,52.0,5.0,14.0,280.0,1.2,258.0,0;0;0;93;233,5;4;5;2;1,792.0,258.0,2.0763003260362893,guided,50.0,2.0
6601097.0,large,52.0,5.0,14.0,280.0,1.2,257.0,0;0;0;93;233,5;4;5;2;1,794.0,257.0,2.129825493087992,guided,50.0,2.0
6601097.0,large,52.0,5.0,14.0,280.0,1.2,256.0,0;0;0;93;233,5;4;5;2;1,796.0,256.0,2.0896541448310018,guided,50.0,2.0
6601097.0,large,52.0,5.0,14.0,280.0,1.2,255.0,0;0;0;93;233,5;4;5;2;1,796.0,255.0,2.0597774828784168,guided,50.0,2.0
6601097.0,large,52.0,5.0,14.0,280.0,1.2,254.0,0;0;0;93;233,5;4;5;2;1,796.0,254.0,2.087034344440326,guided,50.0,2.0
6601097.0,large,52.0,5.0,14.0,280.0,1.2,253.0,0;0;0;93;233,5;4;5;2;1,790.0,253.0,2.0744548495858908,guided,50.0,2.0
6601097.0,large,52.0,5.0,14.0,280.0,1.2,252.0,0;0;0;93;233,5;4;5;2;1,786.0,252.0,2.124618001980707,guided,50.0,2.0
6601097.0,large,52.0,5.0,14.0,280.0,1.2,251.0,0;0;0;93;233,5;4;5;2;1,786.0,251.0,2.0626921572256833,guided,50.0,2.0
6601097.0,large,52.0,5.0,14.0,280.0,1.2,250.0,0;0;0;93;233,5;4;5;2;1,788.0,250.0,2.0694783008657396,guided,50.0,2.0
6601097.0,large,52.0,5.0,14.0,280.0,1.2,249.0,0;0;0;93;233,5;4;5;2;1,792.0,249.0,2.075797162950039,guided,50.0,2.0
6601097.0,large,52.0,5.0,14.0,280.0,1.2,248.0,0;0;0;93;233,5;4;5;2;1,796.0,248.0,2.020861549070105,guided,50.0,2.0
6601097.0,large,52.0,5.0,14.0,280.0,1.2,247.0,0;0;0;93;233,5;4;5;2;1,792.0,247.0,2.005448051961139,guided,50.0,2.0
6601097.0,large,52.0,5.0,14.0,280.0,1.2,246.0,0;0;0;93;233,5;4;5;2;1,792.0,246.0,1.954025198938325,guided,50.0,2.0
6601097.0,large,52.0,5.0,14.0,280.0,1.2,245.0,0;0;0;93;233,5;4;5;2;1,796.0,245.0,1.9583446180913597,guided,50.0,2.0
6601097.0,large,52.0,5.0,14.0,280.0,1.2,244.0,0;0;0;93;233,5;4;5;2;1,796.0,244.0,1.9341465663164854,guided,50.0,2.0
6601097.0,large,52.0,5.0,14.0,280.0,1.2,243.0,0;0;0;93;233,5;4;5;2;1,797.0,243.0,1.9452380470465869,guided,50.0,2.0
6601097.0,large,52.0,5.0,14.0,280.0,1.2,242.0,0;0;0;93;233,5;4;5;2;1,798.0,242.0,1.9262110218405724,guided,50.0,2.0
6601097.0,large,52.0,5.0,14.0,280.0,1.2,241.0,0;0;0;93;233,5;4;5;2;1,799.0,241.0,1.8999279730487615,guided,50.0,2.0
6601097.0,large,52.0,5.0,14.0,280.0,1.2,240.0,0;0;0;93;233,5;4;5;2;1,800.0,240.0,1.8717531231231987,guided,50.0,2.0
6601097.0,large,52.0,5.0,14.0,280.0,1.2,239.0,0;0;0;93;233,5;4;5;2;1,800.0,239.0,1.8163820619229227,guided,50.0,2.0
6601097.0,large,52.0,5.0,14.0,280.0,1.2,238.0,0;0;0;93;233,5;4;5;2;1,806.0,238.0,1.7739719501696527,guided,50.0,2.0
6601097.0,large,52.0,5.0,14.0,280.0,1.2,237.0,0;0;0;93;233,5;4;5;2;1,808.0,237.0,1.8094992679543793,guided,50.0,2.0
6601097.0,large,52.0,5.0,14.0,280.0,1.2,236.0,0;0;0;93;233,5;4;5;2;1,808.0,236.0,1.8059615993406624,guided,50.0,2.0
6601097.0,large,52.0,5.0,14.0,280.0,1.2,235.0,0;0;0;93;233,5;4;5;2;1,804.0,235.0,1.8107423700857908,guided,50.0,2.0
6601097.0,large,52.0,5.0,14.0,280.0,1.2,234.0,0;0;0;93;233,5;4;5;2;1,804.0,234.0,1.8121595340780914,guided,50.0,2.0
6601097.0,large,52.0,5.0,14.0,280.0,1.2,233.0,0;0;0;93;233,5;4;5;2;1,804.0,233.0,1.7675958769395947,guided,50.0,2.0
5418965.0,large,49.0,5.0,10.0,200.0,1.2,200.0,16;192;20;11;84,6;1;6;3;1,929.0,200.0,1.5695830520708114,guided,50.0,2.0
5418965.0,large,49.0,5.0,10.0,200.0,1.2,199.0,16;192;20;11;84,6;1;6;3;1,928.0,199.0,1.565599765162915,guided,50.0,2.0
5418965.0,large,49.0,5.0,10.0,200.0,1.2,198.0,16;192;20;11;84,6;1;6;3;1,928.0,198.0,1.5152263650670648,guided,50.0,2.0
5418965.0,large,49.0,5.0,10.0,200.0,1.2,197.0,16;192;20;11;84,6;1;6;3;1,931.0,197.0,1.4936256841756403,guided,50.0,2.0
5418965.0,large,49.0,5.0,10.0,200.0,1.2,196.0,16;192;20;11;84,6;1;6;3;1,933.0,196.0,1.467856015311554,guided,50.0,2.0
5418965.0,large,49.0,5.0,10.0,200.0,1.2,195.0,16;192;20;11;84,6;1;6;3;1,932.0,195.0,1.4966965108178556,guided,50.0,2.0
5418965.0,large,49.0,5.0,10.0,200.0,1.2,194.0,16;192;20;11;84,6;1;6;3;1,931.0,194.0,1.4796706608030945,guided,50.0,2.0
5418965.0,large,49.0,5.0,10.0,200.0,1.2,193.0,16;192;20;11;84,6;1;6;3;1,931.0,193.0,1.5256829299032688,guided,50.0,2.0
5418965.0,large,49.0,5.0,10.0,200.0,1.2,192.0,16;192;20;11;84,6;1;6;3;1,930.0,192.0,1.5556730728130788,guided,50.0,2.0
1052561.0,large,51.0,5.0,11.0,220.0,1.2,220.0,60;10;0;192;101,4;5;5;3;4,2260.0,220.0,1.6984702732879668,guided,50.0,2.0
1052561.0,large,51.0,5.0,11.0,220.0,1.2,219.0,60;10;0;192;101,4;5;5;3;4,2266.0,219.0,1.6732597381342202,guided,50.0,2.0
1052561.0,large,51.0,5.0,11.0,220.0,1.2,218.0,60;10;0;192;101,4;5;5;3;4,2266.0,218.0,1.6765821506269276,guided,50.0,2.0
1052561.0,large,51.0,5.0,11.0,220.0,1.2,217.0,60;10;0;192;101,4;5;5;3;4,2272.0,217.0,1.6693603789899498,guided,50.0,2.0
1052561.0,large,51.0,5.0,11.0,220.0,1.2,216.0,60;10;0;192;101,4;5;5;3;4,2278.0,216.0,1.6601593361701816,guided,50.0,2.0
1052561.0,large,51.0,5.0,11.0,220.0,1.2,215.0,60;10;0;192;101,4;5;5;3;4,2284.0,215.0,1.6038940080907196,guided,50.0,2.0
1052561.0,large,51.0,5.0,11.0,220.0,1.2,214.0,60;10;0;192;101,4;5;5;3;4,2284.0,214.0,1.6203924780711532,guided,50.0,2.0
1052561.0,large,51.0,5.0,11.0,220.0,1.2,213.0,60;10;0;192;101,4;5;5;3;4,2272.0,213.0,1.6074267660733312,guided,50.0,2.0
1052561.0,large,51.0,5.0,11.0,220.0,1.2,212.0,60;10;0;192;101,4;5;5;3;4,2268.0,212.0,1.5825635502114892,guided,50.0,2.0
1052561.0,large,51.0,5.0,11.0,220.0,1.2,211.0,60;10;0;192;101,4;5;5;3;4,2278.0,211.0,1.5489134173840284,guided,50.0,2.0
1052561.0,large,51.0,5.0,11.0,220.0,1.2,210.0,60;10;0;192;101,4;5;5;3;4,2278.0,210.0,1.5586099061183631,guided,50.0,2.0
1052561.0,large,51.0,5.0,11.0,220.0,1.2,209.0,60;10;0;192;101,4;5;5;3;4,2284.0,209.0,1.5905659142881632,guided,50.0,2.0
1052561.0,large,51.0,5.0,11.0,220.0,1.2,208.0,60;10;0;192;101,4;5;5;3;4,2284.0,208.0,1.5295907112304121,guided,50.0,2.0
1052561.0,large,51.0,5.0,11.0,220.0,1.2,207.0,60;10;0;192;101,4;5;5;3;4,2284.0,207.0,1.4927935141604394,guided,50.0,2.0
1052561.0,large,51.0,5.0,11.0,220.0,1.2,206.0,60;10;0;192;101,4;5;5;3;4,2284.0,206.0,1.471092096529901,guided,50.0,2.0
1052561.0,large,51.0,5.0,11.0,220.0,1.2,205.0,60;10;0;192;101,4;5;5;3;4,2284.0,205.0,1.4156541489064693,guided,50.0,2.0
1052561.0,large,51.0,5.0,11.0,220.0,1.2,204.0,60;10;0;192;101,4;5;5;3;4,2296.0,204.0,1.39287548372522,guided,50.0,2.0
1052561.0,large,51.0,5.0,11.0,220.0,1.2,203.0,60;10;0;192;101,4;5;5;3;4,2299.0,203.0,1.4120777831412852,guided,50.0,2.0
1052561.0,large,51.0,5.0,11.0,220.0,1.2,202.0,60;10;0;192;101,4;5;5;3;4,2308.0,202.0,1.4055291649419814,guided,50.0,2.0
1052561.0,large,51.0,5.0,11.0,220.0,1.2,201.0,60;10;0;192;101,4;5;5;3;4,2311.0,201.0,1.395289799431339,guided,50.0,2.0
1052561.0,large,51.0,5.0,11.0,220.0,1.2,200.0,60;10;0;192;101,4;5;5;3;4,2314.0,200.0,1.378519648918882,guided,50.0,2.0
1052561.0,large,51.0,5.0,11.0,220.0,1.2,199.0,60;10;0;192;101,4;5;5;3;4,2308.0,199.0,1.3123823297210038,guided,50.0,2.0
1052561.0,large,51.0,5.0,11.0,220.0,1.2,198.0,60;10;0;192;101,4;5;5;3;4,2314.0,198.0,1.3693915540352464,guided,50.0,2.0
1052561.0,large,51.0,5.0,11.0,220.0,1.2,197.0,60;10;0;192;101,4;5;5;3;4,2320.0,197.0,1.365865470841527,guided,50.0,2.0
1052561.0,large,51.0,5.0,11.0,220.0,1.2,196.0,60;10;0;192;101,4;5;5;3;4,2330.0,196.0,1.3341184572782367,guided,50.0,2.0
1052561.0,large,51.0,5.0,11.0,220.0,1.2,195.0,60;10;0;192;101,4;5;5;3;4,2326.0,195.0,1.3214477030560374,guided,50.0,2.0
1052561.0,large,51.0,5.0,11.0,220.0,1.2,194.0,60;10;0;192;101,4;5;5;3;4,2326.0,194.0,1.3245983661618084,guided,50.0,2.0
1052561.0,large,51.0,5.0,11.0,220.0,1.2,193.0,60;10;0;192;101,4;5;5;3;4,2326.0,193.0,1.3401843851897866,guided,50.0,2.0
1052561.0,large,51.0,5.0,11.0,220.0,1.2,192.0,60;10;0;192;101,4;5;5;3;4,2326.0,192.0,1.3322312769014388,guided,50.0,2.0
5848798.0,large,44.0,5.0,12.0,240.0,1.2,240.0,8;9;236;16;12,4;5;1;6;5,830.0,240.0,1.326319558545947,guided,50.0,2.0
5848798.0,large,44.0,5.0,12.0,240.0,1.2,239.0,8;9;236;16;12,4;5;1;6;5,832.0,239.0,1.5086757789831609,guided,50.0,2.0
5848798.0,large,44.0,5.0,12.0,240.0,1.2,238.0,8;9;236;16;12,4;5;1;6;5,834.0,238.0,1.5024382446426898,guided,50.0,2.0
5848798.0,large,44.0,5.0,12.0,240.0,1.2,237.0,8;9;236;16;12,4;5;1;6;5,836.0,237.0,1.472078242804855,guided,50.0,2.0
5848798.0,large,44.0,5.0,12.0,240.0,1.2,236.0,8;9;236;16;12,4;5;1;6;5,838.0,236.0,1.40952257392928,guided,50.0,2.0
4921818.0,large,35.0,5.0,11.0,220.0,1.2,220.0,0;0;15;189;12,6;5;3;1;4,534.0,220.0,1.7268092040903866,guided,50.0,2.0
4921818.0,large,35.0,5.0,11.0,220.0,1.2,219.0,0;0;15;189;12,6;5;3;1;4,536.0,219.0,1.7019515940919518,guided,50.0,2.0
4921818.0,large,35.0,5.0,11.0,220.0,1.2,218.0,0;0;15;189;12,6;5;3;1;4,536.0,218.0,1.7021179071161896,guided,50.0,2.0
4921818.0,large,35.0,5.0,11.0,220.0,1.2,217.0,0;0;15;189;12,6;5;3;1;4,536.0,217.0,1.667355839163065,guided,50.0,2.0
4921818.0,large,35.0,5.0,11.0,220.0,1.2,216.0,0;0;15;189;12,6;5;3;1;4,538.0,216.0,1.6633428959175944,guided,50.0,2.0
4921818.0,large,35.0,5.0,11.0,220.0,1.2,215.0,0;0;15;189;12,6;5;3;1;4,542.0,215.0,1.5581611231900752,guided,50.0,2.0
4921818.0,large,35.0,5.0,11.0,220.0,1.2,214.0,0;0;15;189;12,6;5;3;1;4,542.0,214.0,1.4742410939652473,guided,50.0,2.0
4921818.0,large,35.0,5.0,11.0,220.0,1.2,213.0,0;0;15;189;12,6;5;3;1;4,544.0,213.0,1.5182127594016492,guided,50.0,2.0
4921818.0,large,35.0,5.0,11.0,220.0,1.2,212.0,0;0;15;189;12,6;5;3;1;4,544.0,212.0,1.4911918777506799,guided,50.0,2.0
4921818.0,large,35.0,5.0,11.0,220.0,1.2,211.0,0;0;15;189;12,6;5;3;1;4,546.0,211.0,1.524738477775827,guided,50.0,2.0
4921818.0,large,35.0,5.0,11.0,220.0,1.2,210.0,0;0;15;189;12,6;5;3;1;4,546.0,210.0,1.4591342851053923,guided,50.0,2.0
4921818.0,large,35.0,5.0,11.0,220.0,1.2,209.0,0;0;15;189;12,6;5;3;1;4,546.0,209.0,1.4246707062702626,guided,50.0,2.0
4921818.0,large,35.0,5.0,11.0,220.0,1.2,208.0,0;0;15;189;12,6;5;3;1;4,546.0,208.0,1.3915387252345681,guided,50.0,2.0
4921818.0,large,35.0,5.0,11.0,220.0,1.2,207.0,0;0;15;189;12,6;5;3;1;4,546.0,207.0,1.3260190128348768,guided,50.0,2.0
4921818.0,large,35.0,5.0,11.0,220.0,1.2,206.0,0;0;15;189;12,6;5;3;1;4,548.0,206.0,1.404366809176281,guided,50.0,2.0
4921818.0,large,35.0,5.0,11.0,220.0,1.2,205.0,0;0;15;189;12,6;5;3;1;4,548.0,205.0,1.2694030040875077,guided,50.0,2.0
4921818.0,large,35.0,5.0,11.0,220.0,1.2,204.0,0;0;15;189;12,6;5;3;1;4,548.0,204.0,1.349440080812201,guided,50.0,2.0
4921818.0,large,35.0,5.0,11.0,220.0,1.2,203.0,0;0;15;189;12,6;5;3;1;4,549.0,203.0,1.342047318816185,guided,50.0,2.0
4921818.0,large,35.0,5.0,11.0,220.0,1.2,202.0,0;0;15;189;12,6;5;3;1;4,550.0,202.0,1.342531066853553,guided,50.0,2.0
4921818.0,large,35.0,5.0,11.0,220.0,1.2,201.0,0;0;15;189;12,6;5;3;1;4,549.0,201.0,1.2207551554311067,guided,50.0,2.0
4921818.0,large,35.0,5.0,11.0,220.0,1.2,200.0,0;0;15;189;12,6;5;3;1;4,552.0,200.0,1.283517881995067,guided,50.0,2.0
4921818.0,large,35.0,5.0,11.0,220.0,1.2,199.0,0;0;15;189;12,6;5;3;1;4,552.0,199.0,1.3007482360117137,guided,50.0,2.0
4921818.0,large,35.0,5.0,11.0,220.0,1.2,198.0,0;0;15;189;12,6;5;3;1;4,550.0,198.0,1.2331091230735183,guided,50.0,2.0
4921818.0,large,35.0,5.0,11.0,220.0,1.2,197.0,0;0;15;189;12,6;5;3;1;4,550.0,197.0,1.1761480292771012,guided,50.0,2.0
4921818.0,large,35.0,5.0,11.0,220.0,1.2,196.0,0;0;15;189;12,6;5;3;1;4,550.0,196.0,1.220949221169576,guided,50.0,2.0
4921818.0,large,35.0,5.0,11.0,220.0,1.2,195.0,0;0;15;189;12,6;5;3;1;4,552.0,195.0,1.2118786619976163,guided,50.0,2.0
4921818.0,large,35.0,5.0,11.0,220.0,1.2,194.0,0;0;15;189;12,6;5;3;1;4,552.0,194.0,1.225808099610731,guided,50.0,2.0
4921818.0,large,35.0,5.0,11.0,220.0,1.2,193.0,0;0;15;189;12,6;5;3;1;4,550.0,193.0,1.1631187018938363,guided,50.0,2.0
4921818.0,large,35.0,5.0,11.0,220.0,1.2,192.0,0;0;15;189;12,6;5;3;1;4,550.0,192.0,1.207319970941171,guided,50.0,2.0
4921818.0,large,35.0,5.0,11.0,220.0,1.2,191.0,0;0;15;189;12,6;5;3;1;4,552.0,191.0,1.1903295889496803,guided,50.0,2.0
4921818.0,large,35.0,5.0,11.0,220.0,1.2,190.0,0;0;15;189;12,6;5;3;1;4,554.0,190.0,1.1749531638342887,guided,50.0,2.0
4921818.0,large,35.0,5.0,11.0,220.0,1.2,189.0,0;0;15;189;12,6;5;3;1;4,556.0,189.0,1.1253838553093374,guided,50.0,2.0
3373076.0,large,48.0,5.0,13.0,260.0,1.2,260.0,60;2;38;163;42,5;6;5;4;5,2138.0,244.0,1.852704431861639,guided,50.0,2.0
3373076.0,large,48.0,5.0,13.0,260.0,1.2,243.0,60;2;38;163;42,5;6;5;4;5,2142.0,243.0,1.8105448891874403,guided,50.0,2.0
3373076.0,large,48.0,5.0,13.0,260.0,1.2,242.0,60;2;38;163;42,5;6;5;4;5,2146.0,242.0,1.854620308848098,guided,50.0,2.0
3373076.0,large,48.0,5.0,13.0,260.0,1.2,241.0,60;2;38;163;42,5;6;5;4;5,2150.0,241.0,1.8135876646265388,guided,50.0,2.0
3373076.0,large,48.0,5.0,13.0,260.0,1.2,240.0,60;2;38;163;42,5;6;5;4;5,2154.0,227.0,1.786858543055132,guided,50.0,2.0
3373076.0,large,48.0,5.0,13.0,260.0,1.2,226.0,60;2;38;163;42,5;6;5;4;5,2186.0,226.0,1.7733277648221701,guided,50.0,2.0
3373076.0,large,48.0,5.0,13.0,260.0,1.2,225.0,60;2;38;163;42,5;6;5;4;5,2194.0,225.0,1.7643703047651798,guided,50.0,2.0
3373076.0,large,48.0,5.0,13.0,260.0,1.2,224.0,60;2;38;163;42,5;6;5;4;5,2194.0,224.0,1.7975948750972748,guided,50.0,2.0
3373076.0,large,48.0,5.0,13.0,260.0,1.2,223.0,60;2;38;163;42,5;6;5;4;5,2190.0,223.0,1.8008097487036139,guided,50.0,2.0
3373076.0,large,48.0,5.0,13.0,260.0,1.2,222.0,60;2;38;163;42,5;6;5;4;5,2178.0,222.0,1.7495476137846708,guided,50.0,2.0
3373076.0,large,48.0,5.0,13.0,260.0,1.2,221.0,60;2;38;163;42,5;6;5;4;5,2186.0,221.0,1.6728612761944532,guided,50.0,2.0
3373076.0,large,48.0,5.0,13.0,260.0,1.2,220.0,60;2;38;163;42,5;6;5;4;5,2198.0,220.0,1.6678780438378453,guided,50.0,2.0
3373076.0,large,48.0,5.0,13.0,260.0,1.2,219.0,60;2;38;163;42,5;6;5;4;5,2188.0,219.0,1.6557066331151873,guided,50.0,2.0
3373076.0,large,48.0,5.0,13.0,260.0,1.2,218.0,60;2;38;163;42,5;6;5;4;5,2188.0,218.0,1.656118667917326,guided,50.0,2.0
3373076.0,large,48.0,5.0,13.0,260.0,1.2,217.0,60;2;38;163;42,5;6;5;4;5,2196.0,212.0,1.6249260196927935,guided,50.0,2.0
3373076.0,large,48.0,5.0,13.0,260.0,1.2,211.0,60;2;38;163;42,5;6;5;4;5,2298.0,211.0,1.6838994950521737,guided,50.0,2.0
3373076.0,large,48.0,5.0,13.0,260.0,1.2,210.0,60;2;38;163;42,5;6;5;4;5,2306.0,210.0,1.6485642369370908,guided,50.0,2.0
3373076.0,large,48.0,5.0,13.0,260.0,1.2,209.0,60;2;38;163;42,5;6;5;4;5,2314.0,209.0,1.6434424668550491,guided,50.0,2.0
3373076.0,large,48.0,5.0,13.0,260.0,1.2,208.0,60;2;38;163;42,5;6;5;4;5,2314.0,208.0,1.6589932932984084,guided,50.0,2.0
3373076.0,large,48.0,5.0,13.0,260.0,1.2,207.0,60;2;38;163;42,5;6;5;4;5,2314.0,207.0,1.6416085637174547,guided,50.0,2.0
3373076.0,large,48.0,5.0,13.0,260.0,1.2,206.0,60;2;38;163;42,5;6;5;4;5,2306.0,206.0,1.6010568840429187,guided,50.0,2.0
3373076.0,large,48.0,5.0,13.0,260.0,1.2,205.0,60;2;38;163;42,5;6;5;4;5,2298.0,205.0,1.637740593869239,guided,50.0,2.0
3373076.0,large,48.0,5.0,13.0,260.0,1.2,204.0,60;2;38;163;42,5;6;5;4;5,2290.0,204.0,1.557987506967038,guided,50.0,2.0
3373076.0,large,48.0,5.0,13.0,260.0,1.2,203.0,60;2;38;163;42,5;6;5;4;5,2290.0,203.0,1.5519332713447511,guided,50.0,2.0
3373076.0,large,48.0,5.0,13.0,260.0,1.2,202.0,60;2;38;163;42,5;6;5;4;5,2302.0,202.0,1.5368081501219422,guided,50.0,2.0
3373076.0,large,48.0,5.0,13.0,260.0,1.2,201.0,60;2;38;163;42,5;6;5;4;5,2294.0,201.0,1.5275383240077645,guided,50.0,2.0
3373076.0,large,48.0,5.0,13.0,260.0,1.2,200.0,60;2;38;163;42,5;6;5;4;5,2298.0,200.0,1.5188136280048639,guided,50.0,2.0
3373076.0,large,48.0,5.0,13.0,260.0,1.2,199.0,60;2;38;163;42,5;6;5;4;5,2316.0,199.0,1.506725496146828,guided,50.0,2.0
3373076.0,large,48.0,5.0,13.0,260.0,1.2,198.0,60;2;38;163;42,5;6;5;4;5,2316.0,198.0,1.4772575460374355,guided,50.0,2.0
3373076.0,large,48.0,5.0,13.0,260.0,1.2,197.0,60;2;38;163;42,5;6;5;4;5,2314.0,197.0,1.4953457780648023,guided,50.0,2.0
3373076.0,large,48.0,5.0,13.0,260.0,1.2,196.0,60;2;38;163;42,5;6;5;4;5,2334.0,196.0,1.4160009040497243,guided,50.0,2.0
3373076.0,large,48.0,5.0,13.0,260.0,1.2,195.0,60;2;38;163;42,5;6;5;4;5,2340.0,195.0,1.4585696710273623,guided,50.0,2.0
3373076.0,large,48.0,5.0,13.0,260.0,1.2,194.0,60;2;38;163;42,5;6;5;4;5,2358.0,194.0,1.4501408298965544,guided,50.0,2.0
3373076.0,large,48.0,5.0,13.0,260.0,1.2,193.0,60;2;38;163;42,5;6;5;4;5,2378.0,193.0,1.3679371266625822,guided,50.0,2.0
3373076.0,large,48.0,5.0,13.0,260.0,1.2,192.0,60;2;38;163;42,5;6;5;4;5,2394.0,192.0,1.3471716791391373,guided,50.0,2.0
3373076.0,large,48.0,5.0,13.0,260.0,1.2,191.0,60;2;38;163;42,5;6;5;4;5,2386.0,191.0,1.2480086151044816,guided,50.0,2.0
3373076.0,large,48.0,5.0,13.0,260.0,1.2,190.0,60;2;38;163;42,5;6;5;4;5,2394.0,190.0,1.3097768558654934,guided,50.0,2.0
3373076.0,large,48.0,5.0,13.0,260.0,1.2,189.0,60;2;38;163;42,5;6;5;4;5,2394.0,189.0,1.2641534190624952,guided,50.0,2.0
3373076.0,large,48.0,5.0,13.0,260.0,1.2,188.0,60;2;38;163;42,5;6;5;4;5,2394.0,188.0,1.2884412128478289,guided,50.0,2.0
3373076.0,large,48.0,5.0,13.0,260.0,1.2,187.0,60;2;38;163;42,5;6;5;4;5,2396.0,187.0,1.2636496592313051,guided,50.0,2.0
3373076.0,large,48.0,5.0,13.0,260.0,1.2,186.0,60;2;38;163;42,5;6;5;4;5,2406.0,186.0,1.243511476321146,guided,50.0,2.0
3373076.0,large,48.0,5.0,13.0,260.0,1.2,185.0,60;2;38;163;42,5;6;5;4;5,2414.0,185.0,1.2404594176914543,guided,50.0,2.0
3373076.0,large,48.0,5.0,13.0,260.0,1.2,184.0,60;2;38;163;42,5;6;5;4;5,2394.0,184.0,1.2253327486105263,guided,50.0,2.0
3373076.0,large,48.0,5.0,13.0,260.0,1.2,183.0,60;2;38;163;42,5;6;5;4;5,2406.0,183.0,1.2204420093912631,guided,50.0,2.0
3373076.0,large,48.0,5.0,13.0,260.0,1.2,182.0,60;2;38;163;42,5;6;5;4;5,2420.0,182.0,1.1656791663262993,guided,50.0,2.0
3373076.0,large,48.0,5.0,13.0,260.0,1.2,181.0,60;2;38;163;42,5;6;5;4;5,2424.0,181.0,1.1643477999605238,guided,50.0,2.0
3373076.0,large,48.0,5.0,13.0,260.0,1.2,180.0,60;2;38;163;42,5;6;5;4;5,2420.0,180.0,1.1503742069471627,guided,50.0,2.0
3373076.0,large,48.0,5.0,13.0,260.0,1.2,179.0,60;2;38;163;42,5;6;5;4;5,2404.0,179.0,1.1487699940335006,guided,50.0,2.0
3373076.0,large,48.0,5.0,13.0,260.0,1.2,178.0,60;2;38;163;42,5;6;5;4;5,2422.0,178.0,1.1268483586609364,guided,50.0,2.0
3373076.0,large,48.0,5.0,13.0,260.0,1.2,177.0,60;2;38;163;42,5;6;5;4;5,2406.0,177.0,1.0623529991135001,guided,50.0,2.0
3373076.0,large,48.0,5.0,13.0,260.0,1.2,176.0,60;2;38;163;42,5;6;5;4;5,2406.0,176.0,1.1389730230439454,guided,50.0,2.0
3373076.0,large,48.0,5.0,13.0,260.0,1.2,175.0,60;2;38;163;42,5;6;5;4;5,2428.0,175.0,1.0787345801945776,guided,50.0,2.0
3373076.0,large,48.0,5.0,13.0,260.0,1.2,174.0,60;2;38;163;42,5;6;5;4;5,2428.0,174.0,1.084545903839171,guided,50.0,2.0
3373076.0,large,48.0,5.0,13.0,260.0,1.2,173.0,60;2;38;163;42,5;6;5;4;5,2433.0,173.0,1.0897806864231825,guided,50.0,2.0
3373076.0,large,48.0,5.0,13.0,260.0,1.2,172.0,60;2;38;163;42,5;6;5;4;5,2418.0,172.0,1.1170328720472753,guided,50.0,2.0
3373076.0,large,48.0,5.0,13.0,260.0,1.2,171.0,60;2;38;163;42,5;6;5;4;5,2418.0,171.0,1.1084376017097384,guided,50.0,2.0
3373076.0,large,48.0,5.0,13.0,260.0,1.2,170.0,60;2;38;163;42,5;6;5;4;5,2428.0,170.0,1.0829192271921784,guided,50.0,2.0
3373076.0,large,48.0,5.0,13.0,260.0,1.2,169.0,60;2;38;163;42,5;6;5;4;5,2438.0,169.0,1.0707342121750116,guided,50.0,2.0
3373076.0,large,48.0,5.0,13.0,260.0,1.2,168.0,60;2;38;163;42,5;6;5;4;5,2438.0,168.0,1.0625960158649832,guided,50.0,2.0
3373076.0,large,48.0,5.0,13.0,260.0,1.2,167.0,60;2;38;163;42,5;6;5;4;5,2426.0,167.0,1.0288256008643657,guided,50.0,2.0
3373076.0,large,48.0,5.0,13.0,260.0,1.2,166.0,60;2;38;163;42,5;6;5;4;5,2434.0,166.0,1.0095372973009944,guided,50.0,2.0
3373076.0,large,48.0,5.0,13.0,260.0,1.2,165.0,60;2;38;163;42,5;6;5;4;5,2452.0,165.0,0.9889932230580598,guided,50.0,2.0
3373076.0,large,48.0,5.0,13.0,260.0,1.2,164.0,60;2;38;163;42,5;6;5;4;5,2470.0,164.0,0.9811857829336077,guided,50.0,2.0
3373076.0,large,48.0,5.0,13.0,260.0,1.2,163.0,60;2;38;163;42,5;6;5;4;5,2472.0,163.0,0.9224900149274617,guided,50.0,2.0
5371501.0,large,48.0,5.0,13.0,260.0,1.2,260.0,21;0;8;67;195,2;6;4;2;1,666.0,260.0,2.6767305948305875,guided,50.0,2.0
5371501.0,large,48.0,5.0,13.0,260.0,1.2,259.0,21;0;8;67;195,2;6;4;2;1,666.0,259.0,2.6666169941890985,guided,50.0,2.0
5371501.0,large,48.0,5.0,13.0,260.0,1.2,258.0,21;0;8;67;195,2;6;4;2;1,660.0,258.0,2.5876528318040073,guided,50.0,2.0
5371501.0,large,48.0,5.0,13.0,260.0,1.2,257.0,21;0;8;67;195,2;6;4;2;1,658.0,257.0,2.62884573219344,guided,50.0,2.0
5371501.0,large,48.0,5.0,13.0,260.0,1.2,256.0,21;0;8;67;195,2;6;4;2;1,658.0,256.0,2.5774877020157874,guided,50.0,2.0
5371501.0,large,48.0,5.0,13.0,260.0,1.2,255.0,21;0;8;67;195,2;6;4;2;1,670.0,255.0,2.6291092541068792,guided,50.0,2.0
5371501.0,large,48.0,5.0,13.0,260.0,1.2,254.0,21;0;8;67;195,2;6;4;2;1,676.0,254.0,2.6354656745679677,guided,50.0,2.0
5371501.0,large,48.0,5.0,13.0,260.0,1.2,253.0,21;0;8;67;195,2;6;4;2;1,676.0,253.0,2.548119578976184,guided,50.0,2.0
5371501.0,large,48.0,5.0,13.0,260.0,1.2,252.0,21;0;8;67;195,2;6;4;2;1,694.0,252.0,2.5195537921972573,guided,50.0,2.0
5371501.0,large,48.0,5.0,13.0,260.0,1.2,251.0,21;0;8;67;195,2;6;4;2;1,690.0,251.0,2.5629150059539825,guided,50.0,2.0
5371501.0,large,48.0,5.0,13.0,260.0,1.2,250.0,21;0;8;67;195,2;6;4;2;1,688.0,250.0,2.4677480729296803,guided,50.0,2.0
5371501.0,large,48.0,5.0,13.0,260.0,1.2,249.0,21;0;8;67;195,2;6;4;2;1,690.0,249.0,2.463713916251436,guided,50.0,2.0
5371501.0,large,48.0,5.0,13.0,260.0,1.2,248.0,21;0;8;67;195,2;6;4;2;1,688.0,248.0,2.4856987793464214,guided,50.0,2.0
5371501.0,large,48.0,5.0,13.0,260.0,1.2,247.0,21;0;8;67;195,2;6;4;2;1,688.0,247.0,2.487852723803371,guided,50.0,2.0
5371501.0,large,48.0,5.0,13.0,260.0,1.2,246.0,21;0;8;67;195,2;6;4;2;1,686.0,246.0,2.484266357496381,guided,50.0,2.0
5371501.0,large,48.0,5.0,13.0,260.0,1.2,245.0,21;0;8;67;195,2;6;4;2;1,692.0,245.0,2.4561196360737085,guided,50.0,2.0
5371501.0,large,48.0,5.0,13.0,260.0,1.2,244.0,21;0;8;67;195,2;6;4;2;1,692.0,244.0,2.429171107010916,guided,50.0,2.0
5371501.0,large,48.0,5.0,13.0,260.0,1.2,243.0,21;0;8;67;195,2;6;4;2;1,691.0,243.0,2.4047216821927577,guided,50.0,2.0
5371501.0,large,48.0,5.0,13.0,260.0,1.2,242.0,21;0;8;67;195,2;6;4;2;1,692.0,242.0,2.3598094021435827,guided,50.0,2.0
5371501.0,large,48.0,5.0,13.0,260.0,1.2,241.0,21;0;8;67;195,2;6;4;2;1,689.0,241.0,2.3169096738565713,guided,50.0,2.0
5371501.0,large,48.0,5.0,13.0,260.0,1.2,240.0,21;0;8;67;195,2;6;4;2;1,688.0,240.0,2.34233741578646,guided,50.0,2.0
5371501.0,large,48.0,5.0,13.0,260.0,1.2,239.0,21;0;8;67;195,2;6;4;2;1,692.0,239.0,2.34660837915726,guided,50.0,2.0
5371501.0,large,48.0,5.0,13.0,260.0,1.2,238.0,21;0;8;67;195,2;6;4;2;1,688.0,238.0,2.3630320650991052,guided,50.0,2.0
5371501.0,large,48.0,5.0,13.0,260.0,1.2,237.0,21;0;8;67;195,2;6;4;2;1,692.0,237.0,2.316844627028331,guided,50.0,2.0
5371501.0,large,48.0,5.0,13.0,260.0,1.2,236.0,21;0;8;67;195,2;6;4;2;1,692.0,236.0,2.340859482763335,guided,50.0,2.0
5371501.0,large,48.0,5.0,13.0,260.0,1.2,235.0,21;0;8;67;195,2;6;4;2;1,696.0,235.0,2.2571865261998028,guided,50.0,2.0
5371501.0,large,48.0,5.0,13.0,260.0,1.2,234.0,21;0;8;67;195,2;6;4;2;1,706.0,234.0,2.092137151863426,guided,50.0,2.0
5371501.0,large,48.0,5.0,13.0,260.0,1.2,233.0,21;0;8;67;195,2;6;4;2;1,708.0,233.0,2.141101446002722,guided,50.0,2.0
5371501.0,large,48.0,5.0,13.0,260.0,1.2,232.0,21;0;8;67;195,2;6;4;2;1,710.0,232.0,2.058756490936503,guided,50.0,2.0
5371501.0,large,48.0,5.0,13.0,260.0,1.2,231.0,21;0;8;67;195,2;6;4;2;1,710.0,231.0,2.0725423332769424,guided,50.0,2.0
5371501.0,large,48.0,5.0,13.0,260.0,1.2,230.0,21;0;8;67;195,2;6;4;2;1,716.0,230.0,2.038229640107602,guided,50.0,2.0
5371501.0,large,48.0,5.0,13.0,260.0,1.2,229.0,21;0;8;67;195,2;6;4;2;1,716.0,229.0,2.0142748670186847,guided,50.0,2.0
5371501.0,large,48.0,5.0,13.0,260.0,1.2,228.0,21;0;8;67;195,2;6;4;2;1,710.0,228.0,1.9933533899020404,guided,50.0,2.0
5371501.0,large,48.0,5.0,13.0,260.0,1.2,227.0,21;0;8;67;195,2;6;4;2;1,714.0,227.0,1.9446002601180226,guided,50.0,2.0
5371501.0,large,48.0,5.0,13.0,260.0,1.2,226.0,21;0;8;67;195,2;6;4;2;1,712.0,226.0,1.9835642143152654,guided,50.0,2.0
5371501.0,large,48.0,5.0,13.0,260.0,1.2,225.0,21;0;8;67;195,2;6;4;2;1,712.0,225.0,1.995170451933518,guided,50.0,2.0
5371501.0,large,48.0,5.0,13.0,260.0,1.2,224.0,21;0;8;67;195,2;6;4;2;1,712.0,224.0,1.9313615066930652,guided,50.0,2.0
5371501.0,large,48.0,5.0,13.0,260.0,1.2,223.0,21;0;8;67;195,2;6;4;2;1,713.0,223.0,1.9101603424642235,guided,50.0,2.0
5371501.0,large,48.0,5.0,13.0,260.0,1.2,222.0,21;0;8;67;195,2;6;4;2;1,714.0,222.0,1.872453010873869,guided,50.0,2.0
5371501.0,large,48.0,5.0,13.0,260.0,1.2,221.0,21;0;8;67;195,2;6;4;2;1,717.0,221.0,1.9379174311179668,guided,50.0,2.0
5371501.0,large,48.0,5.0,13.0,260.0,1.2,220.0,21;0;8;67;195,2;6;4;2;1,722.0,220.0,1.9224619648884982,guided,50.0,2.0
5371501.0,large,48.0,5.0,13.0,260.0,1.2,219.0,21;0;8;67;195,2;6;4;2;1,722.0,219.0,1.8695422203745693,guided,50.0,2.0
5371501.0,large,48.0,5.0,13.0,260.0,1.2,218.0,21;0;8;67;195,2;6;4;2;1,724.0,218.0,1.8227072695735842,guided,50.0,2.0
5371501.0,large,48.0,5.0,13.0,260.0,1.2,217.0,21;0;8;67;195,2;6;4;2;1,724.0,217.0,1.8117602241691202,guided,50.0,2.0
5371501.0,large,48.0,5.0,13.0,260.0,1.2,216.0,21;0;8;67;195,2;6;4;2;1,724.0,216.0,1.777846738928929,guided,50.0,2.0
5371501.0,large,48.0,5.0,13.0,260.0,1.2,215.0,21;0;8;67;195,2;6;4;2;1,726.0,215.0,1.790744932834059,guided,50.0,2.0
5371501.0,large,48.0,5.0,13.0,260.0,1.2,214.0,21;0;8;67;195,2;6;4;2;1,718.0,214.0,1.7861395641230047,guided,50.0,2.0
5371501.0,large,48.0,5.0,13.0,260.0,1.2,213.0,21;0;8;67;195,2;6;4;2;1,718.0,213.0,1.7812524095643312,guided,50.0,2.0
5371501.0,large,48.0,5.0,13.0,260.0,1.2,212.0,21;0;8;67;195,2;6;4;2;1,724.0,212.0,1.7803344854619354,guided,50.0,2.0
5371501.0,large,48.0,5.0,13.0,260.0,1.2,211.0,21;0;8;67;195,2;6;4;2;1,718.0,211.0,1.7729160208255053,guided,50.0,2.0
5371501.0,large,48.0,5.0,13.0,260.0,1.2,210.0,21;0;8;67;195,2;6;4;2;1,724.0,210.0,1.7386486758477986,guided,50.0,2.0
5371501.0,large,48.0,5.0,13.0,260.0,1.2,209.0,21;0;8;67;195,2;6;4;2;1,718.0,209.0,1.6993644319009036,guided,50.0,2.0
5371501.0,large,48.0,5.0,13.0,260.0,1.2,208.0,21;0;8;67;195,2;6;4;2;1,722.0,208.0,1.6970937678124756,guided,50.0,2.0
5371501.0,large,48.0,5.0,13.0,260.0,1.2,207.0,21;0;8;67;195,2;6;4;2;1,718.0,207.0,1.685053942259401,guided,50.0,2.0
5371501.0,large,48.0,5.0,13.0,260.0,1.2,206.0,21;0;8;67;195,2;6;4;2;1,722.0,206.0,1.6136400399263948,guided,50.0,2.0
5371501.0,large,48.0,5.0,13.0,260.0,1.2,205.0,21;0;8;67;195,2;6;4;2;1,724.0,205.0,1.6712443237192929,guided,50.0,2.0
5371501.0,large,48.0,5.0,13.0,260.0,1.2,204.0,21;0;8;67;195,2;6;4;2;1,726.0,204.0,1.6570444649551064,guided,50.0,2.0
5371501.0,large,48.0,5.0,13.0,260.0,1.2,203.0,21;0;8;67;195,2;6;4;2;1,729.0,203.0,1.6194357555359602,guided,50.0,2.0
5371501.0,large,48.0,5.0,13.0,260.0,1.2,202.0,21;0;8;67;195,2;6;4;2;1,728.0,202.0,1.5786381328944117,guided,50.0,2.0
5371501.0,large,48.0,5.0,13.0,260.0,1.2,201.0,21;0;8;67;195,2;6;4;2;1,729.0,201.0,1.5749800112098455,guided,50.0,2.0
5371501.0,large,48.0,5.0,13.0,260.0,1.2,200.0,21;0;8;67;195,2;6;4;2;1,732.0,200.0,1.5687385860364884,guided,50.0,2.0
5371501.0,large,48.0,5.0,13.0,260.0,1.2,199.0,21;0;8;67;195,2;6;4;2;1,734.0,199.0,1.5415953376796097,guided,50.0,2.0
5371501.0,large,48.0,5.0,13.0,260.0,1.2,198.0,21;0;8;67;195,2;6;4;2;1,736.0,198.0,1.518352895276621,guided,50.0,2.0
5371501.0,large,48.0,5.0,13.0,260.0,1.2,197.0,21;0;8;67;195,2;6;4;2;1,738.0,197.0,1.4920432921499014,guided,50.0,2.0
5371501.0,large,48.0,5.0,13.0,260.0,1.2,196.0,21;0;8;67;195,2;6;4;2;1,740.0,196.0,1.4574443695601076,guided,50.0,2.0
5371501.0,large,48.0,5.0,13.0,260.0,1.2,195.0,21;0;8;67;195,2;6;4;2;1,740.0,195.0,1.4739443480502814,guided,50.0,2.0
4801065.0,large,38.0,5.0,14.0,280.0,1.2,280.0,8;0;20;109;121,6;6;5;4;4,1667.0,224.0,1.3327606511302292,guided,50.0,2.0
4801065.0,large,38.0,5.0,14.0,280.0,1.2,223.0,8;0;20;109;121,6;6;5;4;4,1683.0,222.0,1.2589622160885483,guided,50.0,2.0
4801065.0,large,38.0,5.0,14.0,280.0,1.2,221.0,8;0;20;109;121,6;6;5;4;4,1695.0,221.0,1.1589315151795745,guided,50.0,2.0
4801065.0,large,38.0,5.0,14.0,280.0,1.2,220.0,8;0;20;109;121,6;6;5;4;4,1699.0,204.0,1.1397585340309888,guided,50.0,2.0
4801065.0,large,38.0,5.0,14.0,280.0,1.2,203.0,8;0;20;109;121,6;6;5;4;4,1703.0,203.0,1.1510180819313973,guided,50.0,2.0
4801065.0,large,38.0,5.0,14.0,280.0,1.2,202.0,8;0;20;109;121,6;6;5;4;4,1711.0,202.0,1.1219380439724773,guided,50.0,2.0
4801065.0,large,38.0,5.0,14.0,280.0,1.2,201.0,8;0;20;109;121,6;6;5;4;4,1719.0,201.0,1.1095606801100075,guided,50.0,2.0
4801065.0,large,38.0,5.0,14.0,280.0,1.2,200.0,8;0;20;109;121,6;6;5;4;4,1727.0,184.0,1.0954353252891451,guided,50.0,2.0
4801065.0,large,38.0,5.0,14.0,280.0,1.2,183.0,8;0;20;109;121,6;6;5;4;4,1735.0,183.0,1.0808128688950092,guided,50.0,2.0
4801065.0,large,38.0,5.0,14.0,280.0,1.2,182.0,8;0;20;109;121,6;6;5;4;4,1743.0,182.0,1.0712549609597772,guided,50.0,2.0
4801065.0,large,38.0,5.0,14.0,280.0,1.2,181.0,8;0;20;109;121,6;6;5;4;4,1751.0,181.0,1.073500638594851,guided,50.0,2.0
4801065.0,large,38.0,5.0,14.0,280.0,1.2,180.0,8;0;20;109;121,6;6;5;4;4,1759.0,167.0,1.0768874783534557,guided,50.0,2.0
4801065.0,large,38.0,5.0,14.0,280.0,1.2,166.0,8;0;20;109;121,6;6;5;4;4,1775.0,166.0,1.0375734011176974,guided,50.0,2.0
4801065.0,large,38.0,5.0,14.0,280.0,1.2,165.0,8;0;20;109;121,6;6;5;4;4,1775.0,165.0,1.040203865384683,guided,50.0,2.0
4801065.0,large,38.0,5.0,14.0,280.0,1.2,164.0,8;0;20;109;121,6;6;5;4;4,1783.0,164.0,1.0368503148201853,guided,50.0,2.0
4801065.0,large,38.0,5.0,14.0,280.0,1.2,163.0,8;0;20;109;121,6;6;5;4;4,1783.0,163.0,1.0228332770057023,guided,50.0,2.0
4801065.0,large,38.0,5.0,14.0,280.0,1.2,162.0,8;0;20;109;121,6;6;5;4;4,1791.0,162.0,1.0835757919121534,guided,50.0,2.0
4801065.0,large,38.0,5.0,14.0,280.0,1.2,161.0,8;0;20;109;121,6;6;5;4;4,1799.0,161.0,1.0046497241128236,guided,50.0,2.0
4801065.0,large,38.0,5.0,14.0,280.0,1.2,160.0,8;0;20;109;121,6;6;5;4;4,1815.0,148.0,0.9594393360894173,guided,50.0,2.0
4801065.0,large,38.0,5.0,14.0,280.0,1.2,147.0,8;0;20;109;121,6;6;5;4;4,1871.0,147.0,0.9221838179510087,guided,50.0,2.0
4801065.0,large,38.0,5.0,14.0,280.0,1.2,146.0,8;0;20;109;121,6;6;5;4;4,1871.0,146.0,0.910303674871102,guided,50.0,2.0
4801065.0,large,38.0,5.0,14.0,280.0,1.2,145.0,8;0;20;109;121,6;6;5;4;4,1863.0,145.0,0.9118700199760497,guided,50.0,2.0
4801065.0,large,38.0,5.0,14.0,280.0,1.2,144.0,8;0;20;109;121,6;6;5;4;4,1871.0,144.0,0.9632506361231208,guided,50.0,2.0
4801065.0,large,38.0,5.0,14.0,280.0,1.2,143.0,8;0;20;109;121,6;6;5;4;4,1855.0,143.0,0.8667026145849377,guided,50.0,2.0
4801065.0,large,38.0,5.0,14.0,280.0,1.2,142.0,8;0;20;109;121,6;6;5;4;4,1863.0,142.0,0.8610186332371086,guided,50.0,2.0
4801065.0,large,38.0,5.0,14.0,280.0,1.2,141.0,8;0;20;109;121,6;6;5;4;4,1879.0,141.0,0.8506342153996229,guided,50.0,2.0
4801065.0,large,38.0,5.0,14.0,280.0,1.2,140.0,8;0;20;109;121,6;6;5;4;4,1895.0,140.0,0.8230692502111197,guided,50.0,2.0
4801065.0,large,38.0,5.0,14.0,280.0,1.2,139.0,8;0;20;109;121,6;6;5;4;4,1903.0,139.0,0.8153967440593988,guided,50.0,2.0
4801065.0,large,38.0,5.0,14.0,280.0,1.2,138.0,8;0;20;109;121,6;6;5;4;4,1919.0,138.0,0.8206163358408958,guided,50.0,2.0
4801065.0,large,38.0,5.0,14.0,280.0,1.2,137.0,8;0;20;109;121,6;6;5;4;4,1927.0,137.0,0.8037127121351659,guided,50.0,2.0
4801065.0,large,38.0,5.0,14.0,280.0,1.2,136.0,8;0;20;109;121,6;6;5;4;4,1935.0,133.0,0.7864198621828109,guided,50.0,2.0
4801065.0,large,38.0,5.0,14.0,280.0,1.2,132.0,8;0;20;109;121,6;6;5;4;4,2039.0,132.0,0.5636336791794747,guided,50.0,2.0
4801065.0,large,38.0,5.0,14.0,280.0,1.2,131.0,8;0;20;109;121,6;6;5;4;4,2047.0,131.0,0.5527660078369081,guided,50.0,2.0
4801065.0,large,38.0,5.0,14.0,280.0,1.2,130.0,8;0;20;109;121,6;6;5;4;4,2039.0,130.0,0.5561691981274635,guided,50.0,2.0
4801065.0,large,38.0,5.0,14.0,280.0,1.2,129.0,8;0;20;109;121,6;6;5;4;4,2047.0,129.0,0.534123865654692,guided,50.0,2.0
4801065.0,large,38.0,5.0,14.0,280.0,1.2,128.0,8;0;20;109;121,6;6;5;4;4,2063.0,128.0,0.49819713551551104,guided,50.0,2.0
4801065.0,large,38.0,5.0,14.0,280.0,1.2,127.0,8;0;20;109;121,6;6;5;4;4,2071.0,127.0,0.4530401402153075,guided,50.0,2.0
4801065.0,large,38.0,5.0,14.0,280.0,1.2,126.0,8;0;20;109;121,6;6;5;4;4,2063.0,126.0,0.5085479042027146,guided,50.0,2.0
4801065.0,large,38.0,5.0,14.0,280.0,1.2,125.0,8;0;20;109;121,6;6;5;4;4,2063.0,125.0,0.5473326495848596,guided,50.0,2.0
4801065.0,large,38.0,5.0,14.0,280.0,1.2,124.0,8;0;20;109;121,6;6;5;4;4,2079.0,124.0,0.5208459389396012,guided,50.0,2.0
4801065.0,large,38.0,5.0,14.0,280.0,1.2,123.0,8;0;20;109;121,6;6;5;4;4,2087.0,123.0,0.49952148366719484,guided,50.0,2.0
4801065.0,large,38.0,5.0,14.0,280.0,1.2,122.0,8;0;20;109;121,6;6;5;4;4,2111.0,122.0,0.49272430525161326,guided,50.0,2.0
4801065.0,large,38.0,5.0,14.0,280.0,1.2,121.0,8;0;20;109;121,6;6;5;4;4,2135.0,121.0,0.44008157798089087,guided,50.0,2.0
9314321.0,large,39.0,5.0,11.0,220.0,1.2,220.0,23;52;0;7;172,3;2;6;5;1,636.0,220.0,1.772190681193024,guided,50.0,2.0
9314321.0,large,39.0,5.0,11.0,220.0,1.2,219.0,23;52;0;7;172,3;2;6;5;1,638.0,219.0,1.7681820571888238,guided,50.0,2.0
9314321.0,large,39.0,5.0,11.0,220.0,1.2,218.0,23;52;0;7;172,3;2;6;5;1,640.0,218.0,1.7727841057348996,guided,50.0,2.0
9314321.0,large,39.0,5.0,11.0,220.0,1.2,217.0,23;52;0;7;172,3;2;6;5;1,640.0,217.0,1.736684349598363,guided,50.0,2.0
9314321.0,large,39.0,5.0,11.0,220.0,1.2,216.0,23;52;0;7;172,3;2;6;5;1,640.0,216.0,1.6760330721735954,guided,50.0,2.0
9314321.0,large,39.0,5.0,11.0,220.0,1.2,215.0,23;52;0;7;172,3;2;6;5;1,644.0,215.0,1.7510592280887067,guided,50.0,2.0
9314321.0,large,39.0,5.0,11.0,220.0,1.2,214.0,23;52;0;7;172,3;2;6;5;1,656.0,214.0,1.6884170267730951,guided,50.0,2.0
9314321.0,large,39.0,5.0,11.0,220.0,1.2,213.0,23;52;0;7;172,3;2;6;5;1,664.0,213.0,1.6814367761835456,guided,50.0,2.0
9314321.0,large,39.0,5.0,11.0,220.0,1.2,212.0,23;52;0;7;172,3;2;6;5;1,668.0,212.0,1.5997597959358245,guided,50.0,2.0
9314321.0,large,39.0,5.0,11.0,220.0,1.2,211.0,23;52;0;7;172,3;2;6;5;1,670.0,211.0,1.5952320147771388,guided,50.0,2.0
9314321.0,large,39.0,5.0,11.0,220.0,1.2,210.0,23;52;0;7;172,3;2;6;5;1,670.0,210.0,1.5643815048970282,guided,50.0,2.0
9314321.0,large,39.0,5.0,11.0,220.0,1.2,209.0,23;52;0;7;172,3;2;6;5;1,670.0,209.0,1.5398501502349973,guided,50.0,2.0
9314321.0,large,39.0,5.0,11.0,220.0,1.2,208.0,23;52;0;7;172,3;2;6;5;1,670.0,208.0,1.473088523838669,guided,50.0,2.0
9314321.0,large,39.0,5.0,11.0,220.0,1.2,207.0,23;52;0;7;172,3;2;6;5;1,672.0,207.0,1.576345201348886,guided,50.0,2.0
9314321.0,large,39.0,5.0,11.0,220.0,1.2,206.0,23;52;0;7;172,3;2;6;5;1,670.0,206.0,1.5525648829061538,guided,50.0,2.0
9314321.0,large,39.0,5.0,11.0,220.0,1.2,205.0,23;52;0;7;172,3;2;6;5;1,670.0,205.0,1.4898835902567953,guided,50.0,2.0
9314321.0,large,39.0,5.0,11.0,220.0,1.2,204.0,23;52;0;7;172,3;2;6;5;1,670.0,204.0,1.3805725299753249,guided,50.0,2.0
9314321.0,large,39.0,5.0,11.0,220.0,1.2,203.0,23;52;0;7;172,3;2;6;5;1,665.0,203.0,1.4815532299689949,guided,50.0,2.0
9314321.0,large,39.0,5.0,11.0,220.0,1.2,202.0,23;52;0;7;172,3;2;6;5;1,666.0,202.0,1.6089071012102067,guided,50.0,2.0
9314321.0,large,39.0,5.0,11.0,220.0,1.2,201.0,23;52;0;7;172,3;2;6;5;1,669.0,201.0,1.576555895153433,guided,50.0,2.0
9314321.0,large,39.0,5.0,11.0,220.0,1.2,200.0,23;52;0;7;172,3;2;6;5;1,670.0,200.0,1.549933681031689,guided,50.0,2.0
9314321.0,large,39.0,5.0,11.0,220.0,1.2,199.0,23;52;0;7;172,3;2;6;5;1,670.0,199.0,1.4699345920234919,guided,50.0,2.0
9314321.0,large,39.0,5.0,11.0,220.0,1.2,198.0,23;52;0;7;172,3;2;6;5;1,672.0,198.0,1.4338269361760467,guided,50.0,2.0
9314321.0,large,39.0,5.0,11.0,220.0,1.2,197.0,23;52;0;7;172,3;2;6;5;1,674.0,197.0,1.4937392179854214,guided,50.0,2.0
9314321.0,large,39.0,5.0,11.0,220.0,1.2,196.0,23;52;0;7;172,3;2;6;5;1,674.0,196.0,1.4879443161189556,guided,50.0,2.0
9314321.0,large,39.0,5.0,11.0,220.0,1.2,195.0,23;52;0;7;172,3;2;6;5;1,678.0,195.0,1.3730951941106468,guided,50.0,2.0
9314321.0,large,39.0,5.0,11.0,220.0,1.2,194.0,23;52;0;7;172,3;2;6;5;1,680.0,194.0,1.3612468265928328,guided,50.0,2.0
9314321.0,large,39.0,5.0,11.0,220.0,1.2,193.0,23;52;0;7;172,3;2;6;5;1,680.0,193.0,1.28579022991471,guided,50.0,2.0
9314321.0,large,39.0,5.0,11.0,220.0,1.2,192.0,23;52;0;7;172,3;2;6;5;1,680.0,192.0,1.2718513419386,guided,50.0,2.0
9314321.0,large,39.0,5.0,11.0,220.0,1.2,191.0,23;52;0;7;172,3;2;6;5;1,680.0,191.0,1.2883136190939695,guided,50.0,2.0
9314321.0,large,39.0,5.0,11.0,220.0,1.2,190.0,23;52;0;7;172,3;2;6;5;1,680.0,190.0,1.2125363310333341,guided,50.0,2.0
9314321.0,large,39.0,5.0,11.0,220.0,1.2,189.0,23;52;0;7;172,3;2;6;5;1,682.0,189.0,1.2822969029657543,guided,50.0,2.0
9314321.0,large,39.0,5.0,11.0,220.0,1.2,188.0,23;52;0;7;172,3;2;6;5;1,682.0,188.0,1.2572245527990162,guided,50.0,2.0
9314321.0,large,39.0,5.0,11.0,220.0,1.2,187.0,23;52;0;7;172,3;2;6;5;1,682.0,187.0,1.215534372255206,guided,50.0,2.0
9314321.0,large,39.0,5.0,11.0,220.0,1.2,186.0,23;52;0;7;172,3;2;6;5;1,682.0,186.0,1.2351645880844444,guided,50.0,2.0
9314321.0,large,39.0,5.0,11.0,220.0,1.2,185.0,23;52;0;7;172,3;2;6;5;1,680.0,185.0,1.1625568042509258,guided,50.0,2.0
9314321.0,large,39.0,5.0,11.0,220.0,1.2,184.0,23;52;0;7;172,3;2;6;5;1,682.0,184.0,1.1594665490556508,guided,50.0,2.0
9314321.0,large,39.0,5.0,11.0,220.0,1.2,183.0,23;52;0;7;172,3;2;6;5;1,683.0,183.0,1.1921747068408877,guided,50.0,2.0
9314321.0,large,39.0,5.0,11.0,220.0,1.2,182.0,23;52;0;7;172,3;2;6;5;1,684.0,182.0,1.1824700708966702,guided,50.0,2.0
9314321.0,large,39.0,5.0,11.0,220.0,1.2,181.0,23;52;0;7;172,3;2;6;5;1,683.0,181.0,1.1414294219575822,guided,50.0,2.0
9314321.0,large,39.0,5.0,11.0,220.0,1.2,180.0,23;52;0;7;172,3;2;6;5;1,684.0,180.0,1.1350245617795736,guided,50.0,2.0
9314321.0,large,39.0,5.0,11.0,220.0,1.2,179.0,23;52;0;7;172,3;2;6;5;1,686.0,179.0,1.154632696416229,guided,50.0,2.0
9314321.0,large,39.0,5.0,11.0,220.0,1.2,178.0,23;52;0;7;172,3;2;6;5;1,686.0,178.0,1.0897158943116665,guided,50.0,2.0
9314321.0,large,39.0,5.0,11.0,220.0,1.2,177.0,23;52;0;7;172,3;2;6;5;1,688.0,177.0,1.0916928728111088,guided,50.0,2.0
9314321.0,large,39.0,5.0,11.0,220.0,1.2,176.0,23;52;0;7;172,3;2;6;5;1,690.0,176.0,1.1088194258045405,guided,50.0,2.0
9314321.0,large,39.0,5.0,11.0,220.0,1.2,175.0,23;52;0;7;172,3;2;6;5;1,690.0,175.0,1.0834850373212248,guided,50.0,2.0
9314321.0,large,39.0,5.0,11.0,220.0,1.2,174.0,23;52;0;7;172,3;2;6;5;1,690.0,174.0,1.070015789475292,guided,50.0,2.0
9314321.0,large,39.0,5.0,11.0,220.0,1.2,173.0,23;52;0;7;172,3;2;6;5;1,690.0,173.0,1.0384591100737453,guided,50.0,2.0
9314321.0,large,39.0,5.0,11.0,220.0,1.2,172.0,23;52;0;7;172,3;2;6;5;1,690.0,172.0,0.9987484482116997,guided,50.0,2.0
8614656.0,large,37.0,5.0,10.0,200.0,1.2,200.0,9;9;196;17;51,5;6;1;4;2,840.0,200.0,0.9483234013896435,guided,50.0,2.0
8614656.0,large,37.0,5.0,10.0,200.0,1.2,199.0,9;9;196;17;51,5;6;1;4;2,842.0,199.0,0.9536233760882169,guided,50.0,2.0
8614656.0,large,37.0,5.0,10.0,200.0,1.2,198.0,9;9;196;17;51,5;6;1;4;2,844.0,198.0,0.9499170717317611,guided,50.0,2.0
8614656.0,large,37.0,5.0,10.0,200.0,1.2,197.0,9;9;196;17;51,5;6;1;4;2,846.0,197.0,0.9311062679626048,guided,50.0,2.0
8614656.0,large,37.0,5.0,10.0,200.0,1.2,196.0,9;9;196;17;51,5;6;1;4;2,848.0,196.0,0.9381572471465915,guided,50.0,2.0
5443234.0,large,38.0,5.0,10.0,200.0,1.2,200.0,20;54;5;11;191,4;3;5;6;2,1329.0,200.0,1.3669202888850123,guided,50.0,2.0
5443234.0,large,38.0,5.0,10.0,200.0,1.2,199.0,20;54;5;11;191,4;3;5;6;2,1325.0,199.0,1.3252032231539488,guided,50.0,2.0
5443234.0,large,38.0,5.0,10.0,200.0,1.2,198.0,20;54;5;11;191,4;3;5;6;2,1329.0,198.0,1.3477056100964546,guided,50.0,2.0
5443234.0,large,38.0,5.0,10.0,200.0,1.2,197.0,20;54;5;11;191,4;3;5;6;2,1329.0,197.0,1.3478063542861491,guided,50.0,2.0
5443234.0,large,38.0,5.0,10.0,200.0,1.2,196.0,20;54;5;11;191,4;3;5;6;2,1333.0,196.0,1.3307471540756524,guided,50.0,2.0
5443234.0,large,38.0,5.0,10.0,200.0,1.2,195.0,20;54;5;11;191,4;3;5;6;2,1333.0,195.0,1.324368050787598,guided,50.0,2.0
5443234.0,large,38.0,5.0,10.0,200.0,1.2,194.0,20;54;5;11;191,4;3;5;6;2,1333.0,194.0,1.3075869341846555,guided,50.0,2.0
5443234.0,large,38.0,5.0,10.0,200.0,1.2,193.0,20;54;5;11;191,4;3;5;6;2,1333.0,193.0,1.2904196716845036,guided,50.0,2.0
5443234.0,large,38.0,5.0,10.0,200.0,1.2,192.0,20;54;5;11;191,4;3;5;6;2,1333.0,192.0,1.255880457116291,guided,50.0,2.0
5443234.0,large,38.0,5.0,10.0,200.0,1.2,191.0,20;54;5;11;191,4;3;5;6;2,1337.0,191.0,1.2106548617593944,guided,50.0,2.0
3805224.0,large,36.0,5.0,10.0,200.0,1.2,200.0,20;23;195;12;13,5;3;1;3;5,854.0,200.0,1.1801830746699125,guided,50.0,2.0
3805224.0,large,36.0,5.0,10.0,200.0,1.2,199.0,20;23;195;12;13,5;3;1;3;5,856.0,199.0,1.1573503748513758,guided,50.0,2.0
3805224.0,large,36.0,5.0,10.0,200.0,1.2,198.0,20;23;195;12;13,5;3;1;3;5,858.0,198.0,1.1797811882570386,guided,50.0,2.0
3805224.0,large,36.0,5.0,10.0,200.0,1.2,197.0,20;23;195;12;13,5;3;1;3;5,860.0,197.0,1.141312553314492,guided,50.0,2.0
3805224.0,large,36.0,5.0,10.0,200.0,1.2,196.0,20;23;195;12;13,5;3;1;3;5,862.0,196.0,1.1250219168141484,guided,50.0,2.0
3805224.0,large,36.0,5.0,10.0,200.0,1.2,195.0,20;23;195;12;13,5;3;1;3;5,862.0,195.0,1.0905008160043508,guided,50.0,2.0
4652797.0,large,41.0,5.0,11.0,220.0,1.2,220.0,1;2;28;213;0,5;6;4;2;6,1113.0,220.0,1.5719039901159704,guided,50.0,2.0
4652797.0,large,41.0,5.0,11.0,220.0,1.2,219.0,1;2;28;213;0,5;6;4;2;6,1113.0,219.0,1.5418393418658525,guided,50.0,2.0
4652797.0,large,41.0,5.0,11.0,220.0,1.2,218.0,1;2;28;213;0,5;6;4;2;6,1117.0,218.0,1.5094780188519508,guided,50.0,2.0
4652797.0,large,41.0,5.0,11.0,220.0,1.2,217.0,1;2;28;213;0,5;6;4;2;6,1117.0,217.0,1.4676201837137341,guided,50.0,2.0
4652797.0,large,41.0,5.0,11.0,220.0,1.2,216.0,1;2;28;213;0,5;6;4;2;6,1121.0,216.0,1.4858796943444759,guided,50.0,2.0
4652797.0,large,41.0,5.0,11.0,220.0,1.2,215.0,1;2;28;213;0,5;6;4;2;6,1121.0,215.0,1.4848093481268734,guided,50.0,2.0
4652797.0,large,41.0,5.0,11.0,220.0,1.2,214.0,1;2;28;213;0,5;6;4;2;6,1121.0,214.0,1.4474548576399684,guided,50.0,2.0
4652797.0,large,41.0,5.0,11.0,220.0,1.2,213.0,1;2;28;213;0,5;6;4;2;6,1121.0,213.0,1.385756760602817,guided,50.0,2.0
8870342.0,large,51.0,5.0,13.0,260.0,1.2,260.0,137;0;189;0;0,1;6;1;5;6,554.0,260.0,3.576221196912229,guided,50.0,2.0
8870342.0,large,51.0,5.0,13.0,260.0,1.2,259.0,137;0;189;0;0,1;6;1;5;6,556.0,259.0,3.527032255893573,guided,50.0,2.0
8870342.0,large,51.0,5.0,13.0,260.0,1.2,258.0,137;0;189;0;0,1;6;1;5;6,560.0,258.0,3.5845018478576094,guided,50.0,2.0
8870342.0,large,51.0,5.0,13.0,260.0,1.2,257.0,137;0;189;0;0,1;6;1;5;6,556.0,257.0,3.6114765219390392,guided,50.0,2.0
8870342.0,large,51.0,5.0,13.0,260.0,1.2,256.0,137;0;189;0;0,1;6;1;5;6,556.0,255.0,3.6235467880032957,guided,50.0,2.0
8870342.0,large,51.0,5.0,13.0,260.0,1.2,254.0,137;0;189;0;0,1;6;1;5;6,568.0,254.0,3.6243516609538347,guided,50.0,2.0
8870342.0,large,51.0,5.0,13.0,260.0,1.2,253.0,137;0;189;0;0,1;6;1;5;6,576.0,253.0,3.5910932978149503,guided,50.0,2.0
8870342.0,large,51.0,5.0,13.0,260.0,1.2,252.0,137;0;189;0;0,1;6;1;5;6,584.0,252.0,3.611124170012772,guided,50.0,2.0
8870342.0,large,51.0,5.0,13.0,260.0,1.2,251.0,137;0;189;0;0,1;6;1;5;6,586.0,251.0,3.6980237062089145,guided,50.0,2.0
8870342.0,large,51.0,5.0,13.0,260.0,1.2,250.0,137;0;189;0;0,1;6;1;5;6,584.0,250.0,3.6707807963248342,guided,50.0,2.0
8870342.0,large,51.0,5.0,13.0,260.0,1.2,249.0,137;0;189;0;0,1;6;1;5;6,582.0,249.0,3.5881758858449757,guided,50.0,2.0
8870342.0,large,51.0,5.0,13.0,260.0,1.2,248.0,137;0;189;0;0,1;6;1;5;6,578.0,248.0,3.5110509237274528,guided,50.0,2.0
8870342.0,large,51.0,5.0,13.0,260.0,1.2,247.0,137;0;189;0;0,1;6;1;5;6,580.0,247.0,3.624219259247184,guided,50.0,2.0
8870342.0,large,51.0,5.0,13.0,260.0,1.2,246.0,137;0;189;0;0,1;6;1;5;6,581.0,246.0,3.610376905184239,guided,50.0,2.0
8870342.0,large,51.0,5.0,13.0,260.0,1.2,245.0,137;0;189;0;0,1;6;1;5;6,582.0,245.0,3.5529836469795555,guided,50.0,2.0
8870342.0,large,51.0,5.0,13.0,260.0,1.2,244.0,137;0;189;0;0,1;6;1;5;6,584.0,244.0,3.5348800313659012,guided,50.0,2.0
8870342.0,large,51.0,5.0,13.0,260.0,1.2,243.0,137;0;189;0;0,1;6;1;5;6,584.0,243.0,3.539217583136633,guided,50.0,2.0
8870342.0,large,51.0,5.0,13.0,260.0,1.2,242.0,137;0;189;0;0,1;6;1;5;6,586.0,242.0,3.4198421528562903,guided,50.0,2.0
8870342.0,large,51.0,5.0,13.0,260.0,1.2,241.0,137;0;189;0;0,1;6;1;5;6,590.0,241.0,3.4217254952527583,guided,50.0,2.0
8870342.0,large,51.0,5.0,13.0,260.0,1.2,240.0,137;0;189;0;0,1;6;1;5;6,588.0,240.0,3.4533417890779674,guided,50.0,2.0
8870342.0,large,51.0,5.0,13.0,260.0,1.2,239.0,137;0;189;0;0,1;6;1;5;6,588.0,239.0,3.273552550934255,guided,50.0,2.0
8870342.0,large,51.0,5.0,13.0,260.0,1.2,238.0,137;0;189;0;0,1;6;1;5;6,582.0,238.0,3.337025956250727,guided,50.0,2.0
8870342.0,large,51.0,5.0,13.0,260.0,1.2,237.0,137;0;189;0;0,1;6;1;5;6,584.0,237.0,3.308731473283842,guided,50.0,2.0
8870342.0,large,51.0,5.0,13.0,260.0,1.2,236.0,137;0;189;0;0,1;6;1;5;6,584.0,236.0,3.2883434819523245,guided,50.0,2.0
8870342.0,large,51.0,5.0,13.0,260.0,1.2,235.0,137;0;189;0;0,1;6;1;5;6,596.0,235.0,3.3896305945236236,guided,50.0,2.0
8870342.0,large,51.0,5.0,13.0,260.0,1.2,234.0,137;0;189;0;0,1;6;1;5;6,604.0,234.0,3.319535579998046,guided,50.0,2.0
8870342.0,large,51.0,5.0,13.0,260.0,1.2,233.0,137;0;189;0;0,1;6;1;5;6,608.0,233.0,3.3250101937446743,guided,50.0,2.0
8870342.0,large,51.0,5.0,13.0,260.0,1.2,232.0,137;0;189;0;0,1;6;1;5;6,612.0,232.0,3.1795614352449775,guided,50.0,2.0
8870342.0,large,51.0,5.0,13.0,260.0,1.2,231.0,137;0;189;0;0,1;6;1;5;6,612.0,231.0,3.139563344884664,guided,50.0,2.0
8870342.0,large,51.0,5.0,13.0,260.0,1.2,230.0,137;0;189;0;0,1;6;1;5;6,614.0,230.0,3.174033588031307,guided,50.0,2.0
8870342.0,large,51.0,5.0,13.0,260.0,1.2,229.0,137;0;189;0;0,1;6;1;5;6,616.0,229.0,3.142208379227668,guided,50.0,2.0
8870342.0,large,51.0,5.0,13.0,260.0,1.2,228.0,137;0;189;0;0,1;6;1;5;6,616.0,228.0,3.1011764188297093,guided,50.0,2.0
8870342.0,large,51.0,5.0,13.0,260.0,1.2,227.0,137;0;189;0;0,1;6;1;5;6,616.0,227.0,3.0851283818483353,guided,50.0,2.0
8870342.0,large,51.0,5.0,13.0,260.0,1.2,226.0,137;0;189;0;0,1;6;1;5;6,616.0,226.0,3.09157203277573,guided,50.0,2.0
8870342.0,large,51.0,5.0,13.0,260.0,1.2,225.0,137;0;189;0;0,1;6;1;5;6,616.0,225.0,3.0616519388277084,guided,50.0,2.0
8870342.0,large,51.0,5.0,13.0,260.0,1.2,224.0,137;0;189;0;0,1;6;1;5;6,618.0,224.0,3.0546653368510306,guided,50.0,2.0
8870342.0,large,51.0,5.0,13.0,260.0,1.2,223.0,137;0;189;0;0,1;6;1;5;6,616.0,223.0,3.0021398831158876,guided,50.0,2.0
8870342.0,large,51.0,5.0,13.0,260.0,1.2,222.0,137;0;189;0;0,1;6;1;5;6,620.0,222.0,3.0572795507032424,guided,50.0,2.0
8870342.0,large,51.0,5.0,13.0,260.0,1.2,221.0,137;0;189;0;0,1;6;1;5;6,614.0,221.0,3.0024431636556983,guided,50.0,2.0
8870342.0,large,51.0,5.0,13.0,260.0,1.2,220.0,137;0;189;0;0,1;6;1;5;6,618.0,220.0,3.0109696618746966,guided,50.0,2.0
8870342.0,large,51.0,5.0,13.0,260.0,1.2,219.0,137;0;189;0;0,1;6;1;5;6,620.0,219.0,3.0067089637741446,guided,50.0,2.0
8870342.0,large,51.0,5.0,13.0,260.0,1.2,218.0,137;0;189;0;0,1;6;1;5;6,620.0,218.0,2.974317956715822,guided,50.0,2.0
8870342.0,large,51.0,5.0,13.0,260.0,1.2,217.0,137;0;189;0;0,1;6;1;5;6,620.0,217.0,2.9635276470799,guided,50.0,2.0
8870342.0,large,51.0,5.0,13.0,260.0,1.2,216.0,137;0;189;0;0,1;6;1;5;6,622.0,216.0,2.9265436842106283,guided,50.0,2.0
8870342.0,large,51.0,5.0,13.0,260.0,1.2,215.0,137;0;189;0;0,1;6;1;5;6,626.0,215.0,2.796939841005951,guided,50.0,2.0
8870342.0,large,51.0,5.0,13.0,260.0,1.2,214.0,137;0;189;0;0,1;6;1;5;6,626.0,214.0,2.850059676915407,guided,50.0,2.0
8870342.0,large,51.0,5.0,13.0,260.0,1.2,213.0,137;0;189;0;0,1;6;1;5;6,628.0,213.0,2.9375321650877595,guided,50.0,2.0
8870342.0,large,51.0,5.0,13.0,260.0,1.2,212.0,137;0;189;0;0,1;6;1;5;6,628.0,212.0,2.821858359966427,guided,50.0,2.0
8870342.0,large,51.0,5.0,13.0,260.0,1.2,211.0,137;0;189;0;0,1;6;1;5;6,630.0,211.0,2.8652667040005326,guided,50.0,2.0
8870342.0,large,51.0,5.0,13.0,260.0,1.2,210.0,137;0;189;0;0,1;6;1;5;6,630.0,210.0,2.7946613118983805,guided,50.0,2.0
8870342.0,large,51.0,5.0,13.0,260.0,1.2,209.0,137;0;189;0;0,1;6;1;5;6,630.0,209.0,2.7292527738027275,guided,50.0,2.0
8870342.0,large,51.0,5.0,13.0,260.0,1.2,208.0,137;0;189;0;0,1;6;1;5;6,630.0,208.0,2.795705243712291,guided,50.0,2.0
8870342.0,large,51.0,5.0,13.0,260.0,1.2,207.0,137;0;189;0;0,1;6;1;5;6,630.0,207.0,2.7097441132646054,guided,50.0,2.0
8870342.0,large,51.0,5.0,13.0,260.0,1.2,206.0,137;0;189;0;0,1;6;1;5;6,632.0,206.0,2.6916817610617727,guided,50.0,2.0
8870342.0,large,51.0,5.0,13.0,260.0,1.2,205.0,137;0;189;0;0,1;6;1;5;6,632.0,205.0,2.740283612627536,guided,50.0,2.0
8870342.0,large,51.0,5.0,13.0,260.0,1.2,204.0,137;0;189;0;0,1;6;1;5;6,632.0,204.0,2.547422628849745,guided,50.0,2.0
8870342.0,large,51.0,5.0,13.0,260.0,1.2,203.0,137;0;189;0;0,1;6;1;5;6,634.0,203.0,2.5672310867812485,guided,50.0,2.0
8870342.0,large,51.0,5.0,13.0,260.0,1.2,202.0,137;0;189;0;0,1;6;1;5;6,636.0,202.0,2.5454334227833897,guided,50.0,2.0
8870342.0,large,51.0,5.0,13.0,260.0,1.2,201.0,137;0;189;0;0,1;6;1;5;6,636.0,201.0,2.5044923389796168,guided,50.0,2.0
8870342.0,large,51.0,5.0,13.0,260.0,1.2,200.0,137;0;189;0;0,1;6;1;5;6,640.0,200.0,2.4851603494025767,guided,50.0,2.0
8870342.0,large,51.0,5.0,13.0,260.0,1.2,199.0,137;0;189;0;0,1;6;1;5;6,640.0,199.0,2.527574219973758,guided,50.0,2.0
8870342.0,large,51.0,5.0,13.0,260.0,1.2,198.0,137;0;189;0;0,1;6;1;5;6,640.0,198.0,2.5119457880500704,guided,50.0,2.0
8870342.0,large,51.0,5.0,13.0,260.0,1.2,197.0,137;0;189;0;0,1;6;1;5;6,638.0,197.0,2.4629214238375425,guided,50.0,2.0
8870342.0,large,51.0,5.0,13.0,260.0,1.2,196.0,137;0;189;0;0,1;6;1;5;6,638.0,196.0,2.4525762901175767,guided,50.0,2.0
8870342.0,large,51.0,5.0,13.0,260.0,1.2,195.0,137;0;189;0;0,1;6;1;5;6,640.0,195.0,2.4540889309719205,guided,50.0,2.0
8870342.0,large,51.0,5.0,13.0,260.0,1.2,194.0,137;0;189;0;0,1;6;1;5;6,640.0,194.0,2.447155739646405,guided,50.0,2.0
8870342.0,large,51.0,5.0,13.0,260.0,1.2,193.0,137;0;189;0;0,1;6;1;5;6,638.0,193.0,2.5399484417866915,guided,50.0,2.0
8870342.0,large,51.0,5.0,13.0,260.0,1.2,192.0,137;0;189;0;0,1;6;1;5;6,648.0,192.0,2.504526955774054,guided,50.0,2.0
8870342.0,large,51.0,5.0,13.0,260.0,1.2,191.0,137;0;189;0;0,1;6;1;5;6,650.0,191.0,2.5254150670953095,guided,50.0,2.0
8870342.0,large,51.0,5.0,13.0,260.0,1.2,190.0,137;0;189;0;0,1;6;1;5;6,652.0,190.0,2.4430071760434657,guided,50.0,2.0
8870342.0,large,51.0,5.0,13.0,260.0,1.2,189.0,137;0;189;0;0,1;6;1;5;6,652.0,189.0,2.385540929855779,guided,50.0,2.0
623074.0,large,51.0,5.0,14.0,280.0,1.2,280.0,115;0;39;96;69,2;5;2;2;3,1089.0,223.0,1.995704387081787,guided,50.0,2.0
623074.0,large,51.0,5.0,14.0,280.0,1.2,222.0,115;0;39;96;69,2;5;2;2;3,1093.0,222.0,1.798451793147251,guided,50.0,2.0
623074.0,large,51.0,5.0,14.0,280.0,1.2,221.0,115;0;39;96;69,2;5;2;2;3,1103.0,203.0,1.7271660703700036,guided,50.0,2.0
623074.0,large,51.0,5.0,14.0,280.0,1.2,202.0,115;0;39;96;69,2;5;2;2;3,1103.0,202.0,1.6576330319512635,guided,50.0,2.0
623074.0,large,51.0,5.0,14.0,280.0,1.2,201.0,115;0;39;96;69,2;5;2;2;3,1105.0,201.0,1.6796001277398318,guided,50.0,2.0
623074.0,large,51.0,5.0,14.0,280.0,1.2,200.0,115;0;39;96;69,2;5;2;2;3,1107.0,184.0,1.6339668012224138,guided,50.0,2.0
623074.0,large,51.0,5.0,14.0,280.0,1.2,183.0,115;0;39;96;69,2;5;2;2;3,1111.0,183.0,1.644566937815398,guided,50.0,2.0
623074.0,large,51.0,5.0,14.0,280.0,1.2,182.0,115;0;39;96;69,2;5;2;2;3,1115.0,182.0,1.6256088351365179,guided,50.0,2.0
623074.0,large,51.0,5.0,14.0,280.0,1.2,181.0,115;0;39;96;69,2;5;2;2;3,1119.0,181.0,1.5906222299672663,guided,50.0,2.0
623074.0,large,51.0,5.0,14.0,280.0,1.2,180.0,115;0;39;96;69,2;5;2;2;3,1123.0,164.0,1.5165291549637914,guided,50.0,2.0
623074.0,large,51.0,5.0,14.0,280.0,1.2,163.0,115;0;39;96;69,2;5;2;2;3,1127.0,163.0,1.5664994658436626,guided,50.0,2.0
623074.0,large,51.0,5.0,14.0,280.0,1.2,162.0,115;0;39;96;69,2;5;2;2;3,1137.0,162.0,1.4668024990241975,guided,50.0,2.0
623074.0,large,51.0,5.0,14.0,280.0,1.2,161.0,115;0;39;96;69,2;5;2;2;3,1144.0,161.0,1.4266763862688094,guided,50.0,2.0
623074.0,large,51.0,5.0,14.0,280.0,1.2,160.0,115;0;39;96;69,2;5;2;2;3,1148.0,147.0,1.3709913031198084,guided,50.0,2.0
623074.0,large,51.0,5.0,14.0,280.0,1.2,146.0,115;0;39;96;69,2;5;2;2;3,1176.0,146.0,1.496518523665145,guided,50.0,2.0
623074.0,large,51.0,5.0,14.0,280.0,1.2,145.0,115;0;39;96;69,2;5;2;2;3,1172.0,145.0,1.4376238812692463,guided,50.0,2.0
623074.0,large,51.0,5.0,14.0,280.0,1.2,144.0,115;0;39;96;69,2;5;2;2;3,1164.0,144.0,1.4420676848385483,guided,50.0,2.0
623074.0,large,51.0,5.0,14.0,280.0,1.2,143.0,115;0;39;96;69,2;5;2;2;3,1159.0,143.0,1.3711102409288287,guided,50.0,2.0
623074.0,large,51.0,5.0,14.0,280.0,1.2,142.0,115;0;39;96;69,2;5;2;2;3,1170.0,142.0,1.3548013686668128,guided,50.0,2.0
623074.0,large,51.0,5.0,14.0,280.0,1.2,141.0,115;0;39;96;69,2;5;2;2;3,1177.0,141.0,1.3163946182467043,guided,50.0,2.0
623074.0,large,51.0,5.0,14.0,280.0,1.2,140.0,115;0;39;96;69,2;5;2;2;3,1188.0,140.0,1.2980224082712084,guided,50.0,2.0
623074.0,large,51.0,5.0,14.0,280.0,1.2,139.0,115;0;39;96;69,2;5;2;2;3,1192.0,139.0,1.2880212729796767,guided,50.0,2.0
623074.0,large,51.0,5.0,14.0,280.0,1.2,138.0,115;0;39;96;69,2;5;2;2;3,1196.0,138.0,1.2857109126634896,guided,50.0,2.0
623074.0,large,51.0,5.0,14.0,280.0,1.2,137.0,115;0;39;96;69,2;5;2;2;3,1200.0,137.0,1.2639299123547971,guided,50.0,2.0
623074.0,large,51.0,5.0,14.0,280.0,1.2,136.0,115;0;39;96;69,2;5;2;2;3,1204.0,135.0,1.2463168539106846,guided,50.0,2.0
623074.0,large,51.0,5.0,14.0,280.0,1.2,134.0,115;0;39;96;69,2;5;2;2;3,1208.0,134.0,1.2576035626698285,guided,50.0,2.0
623074.0,large,51.0,5.0,14.0,280.0,1.2,133.0,115;0;39;96;69,2;5;2;2;3,1228.0,133.0,1.317294523352757,guided,50.0,2.0
623074.0,large,51.0,5.0,14.0,280.0,1.2,132.0,115;0;39;96;69,2;5;2;2;3,1240.0,132.0,1.2623118010815233,guided,50.0,2.0
623074.0,large,51.0,5.0,14.0,280.0,1.2,131.0,115;0;39;96;69,2;5;2;2;3,1244.0,131.0,1.3150838539004326,guided,50.0,2.0
623074.0,large,51.0,5.0,14.0,280.0,1.2,130.0,115;0;39;96;69,2;5;2;2;3,1240.0,130.0,1.2837768532335758,guided,50.0,2.0
623074.0,large,51.0,5.0,14.0,280.0,1.2,129.0,115;0;39;96;69,2;5;2;2;3,1236.0,129.0,1.2099723480641842,guided,50.0,2.0
623074.0,large,51.0,5.0,14.0,280.0,1.2,128.0,115;0;39;96;69,2;5;2;2;3,1240.0,128.0,1.2066802901681513,guided,50.0,2.0
623074.0,large,51.0,5.0,14.0,280.0,1.2,127.0,115;0;39;96;69,2;5;2;2;3,1228.0,127.0,1.1726948285941035,guided,50.0,2.0
623074.0,large,51.0,5.0,14.0,280.0,1.2,126.0,115;0;39;96;69,2;5;2;2;3,1232.0,126.0,1.1475132191553712,guided,50.0,2.0
623074.0,large,51.0,5.0,14.0,280.0,1.2,125.0,115;0;39;96;69,2;5;2;2;3,1232.0,125.0,1.1025287276133895,guided,50.0,2.0
623074.0,large,51.0,5.0,14.0,280.0,1.2,124.0,115;0;39;96;69,2;5;2;2;3,1236.0,124.0,1.1203872789628804,guided,50.0,2.0
623074.0,large,51.0,5.0,14.0,280.0,1.2,123.0,115;0;39;96;69,2;5;2;2;3,1247.0,123.0,1.0934487448539585,guided,50.0,2.0
623074.0,large,51.0,5.0,14.0,280.0,1.2,122.0,115;0;39;96;69,2;5;2;2;3,1258.0,122.0,1.052019919268787,guided,50.0,2.0
623074.0,large,51.0,5.0,14.0,280.0,1.2,121.0,115;0;39;96;69,2;5;2;2;3,1269.0,121.0,1.0420182622037828,guided,50.0,2.0
623074.0,large,51.0,5.0,14.0,280.0,1.2,120.0,115;0;39;96;69,2;5;2;2;3,1280.0,120.0,1.0282256219070405,guided,50.0,2.0
623074.0,large,51.0,5.0,14.0,280.0,1.2,119.0,115;0;39;96;69,2;5;2;2;3,1288.0,119.0,0.9941563745960593,guided,50.0,2.0
623074.0,large,51.0,5.0,14.0,280.0,1.2,118.0,115;0;39;96;69,2;5;2;2;3,1296.0,118.0,0.9806152812670916,guided,50.0,2.0
623074.0,large,51.0,5.0,14.0,280.0,1.2,117.0,115;0;39;96;69,2;5;2;2;3,1304.0,117.0,0.9608292488846928,guided,50.0,2.0
623074.0,large,51.0,5.0,14.0,280.0,1.2,116.0,115;0;39;96;69,2;5;2;2;3,1312.0,116.0,0.9492292432114482,guided,50.0,2.0
623074.0,large,51.0,5.0,14.0,280.0,1.2,115.0,115;0;39;96;69,2;5;2;2;3,1312.0,115.0,0.9136335209477693,guided,50.0,2.0
1677649.0,large,38.0,5.0,10.0,200.0,1.2,200.0,63;4;145;17;0,2;6;1;4;4,558.0,198.0,1.5193564589135349,guided,50.0,2.0
1677649.0,large,38.0,5.0,10.0,200.0,1.2,197.0,63;4;145;17;0,2;6;1;4;4,566.0,191.0,1.4872887062374502,guided,50.0,2.0
1677649.0,large,38.0,5.0,10.0,200.0,1.2,190.0,63;4;145;17;0,2;6;1;4;4,584.0,190.0,1.5038122828118503,guided,50.0,2.0
1677649.0,large,38.0,5.0,10.0,200.0,1.2,189.0,63;4;145;17;0,2;6;1;4;4,584.0,189.0,1.4870596101973206,guided,50.0,2.0
1677649.0,large,38.0,5.0,10.0,200.0,1.2,188.0,63;4;145;17;0,2;6;1;4;4,586.0,188.0,1.4936168550048023,guided,50.0,2.0
1677649.0,large,38.0,5.0,10.0,200.0,1.2,187.0,63;4;145;17;0,2;6;1;4;4,588.0,187.0,1.3980737689416856,guided,50.0,2.0
1677649.0,large,38.0,5.0,10.0,200.0,1.2,186.0,63;4;145;17;0,2;6;1;4;4,582.0,186.0,1.4427215692121536,guided,50.0,2.0
1677649.0,large,38.0,5.0,10.0,200.0,1.2,185.0,63;4;145;17;0,2;6;1;4;4,586.0,185.0,1.3773166679311544,guided,50.0,2.0
1677649.0,large,38.0,5.0,10.0,200.0,1.2,184.0,63;4;145;17;0,2;6;1;4;4,588.0,184.0,1.3959109871648252,guided,50.0,2.0
1677649.0,large,38.0,5.0,10.0,200.0,1.2,183.0,63;4;145;17;0,2;6;1;4;4,589.0,183.0,1.3763811509124935,guided,50.0,2.0
1677649.0,large,38.0,5.0,10.0,200.0,1.2,182.0,63;4;145;17;0,2;6;1;4;4,584.0,182.0,1.3915940809529275,guided,50.0,2.0
1677649.0,large,38.0,5.0,10.0,200.0,1.2,181.0,63;4;145;17;0,2;6;1;4;4,585.0,181.0,1.3949256071355194,guided,50.0,2.0
1677649.0,large,38.0,5.0,10.0,200.0,1.2,180.0,63;4;145;17;0,2;6;1;4;4,592.0,180.0,1.3757662209682167,guided,50.0,2.0
1677649.0,large,38.0,5.0,10.0,200.0,1.2,179.0,63;4;145;17;0,2;6;1;4;4,588.0,179.0,1.3064412681851536,guided,50.0,2.0
1677649.0,large,38.0,5.0,10.0,200.0,1.2,178.0,63;4;145;17;0,2;6;1;4;4,588.0,178.0,1.2956811462063342,guided,50.0,2.0
1677649.0,large,38.0,5.0,10.0,200.0,1.2,177.0,63;4;145;17;0,2;6;1;4;4,584.0,177.0,1.2951361380983144,guided,50.0,2.0
1677649.0,large,38.0,5.0,10.0,200.0,1.2,176.0,63;4;145;17;0,2;6;1;4;4,584.0,176.0,1.2550586287397891,guided,50.0,2.0
1677649.0,large,38.0,5.0,10.0,200.0,1.2,175.0,63;4;145;17;0,2;6;1;4;4,598.0,175.0,1.2897627658676356,guided,50.0,2.0
1677649.0,large,38.0,5.0,10.0,200.0,1.2,174.0,63;4;145;17;0,2;6;1;4;4,606.0,174.0,1.2448782660067081,guided,50.0,2.0
1677649.0,large,38.0,5.0,10.0,200.0,1.2,173.0,63;4;145;17;0,2;6;1;4;4,602.0,173.0,1.1429190132766962,guided,50.0,2.0
1677649.0,large,38.0,5.0,10.0,200.0,1.2,172.0,63;4;145;17;0,2;6;1;4;4,604.0,172.0,1.1262767750304192,guided,50.0,2.0
1677649.0,large,38.0,5.0,10.0,200.0,1.2,171.0,63;4;145;17;0,2;6;1;4;4,604.0,171.0,1.1480464006308466,guided,50.0,2.0
1677649.0,large,38.0,5.0,10.0,200.0,1.2,170.0,63;4;145;17;0,2;6;1;4;4,606.0,170.0,1.1367180661763996,guided,50.0,2.0
1677649.0,large,38.0,5.0,10.0,200.0,1.2,169.0,63;4;145;17;0,2;6;1;4;4,616.0,169.0,1.1022910880856216,guided,50.0,2.0
1677649.0,large,38.0,5.0,10.0,200.0,1.2,168.0,63;4;145;17;0,2;6;1;4;4,616.0,168.0,1.0120954955928028,guided,50.0,2.0
1677649.0,large,38.0,5.0,10.0,200.0,1.2,167.0,63;4;145;17;0,2;6;1;4;4,608.0,167.0,1.044256272027269,guided,50.0,2.0
1677649.0,large,38.0,5.0,10.0,200.0,1.2,166.0,63;4;145;17;0,2;6;1;4;4,610.0,166.0,1.072219675173983,guided,50.0,2.0
1677649.0,large,38.0,5.0,10.0,200.0,1.2,165.0,63;4;145;17;0,2;6;1;4;4,616.0,165.0,1.0268240980803967,guided,50.0,2.0
1677649.0,large,38.0,5.0,10.0,200.0,1.2,164.0,63;4;145;17;0,2;6;1;4;4,608.0,164.0,1.0354981548152864,guided,50.0,2.0
1677649.0,large,38.0,5.0,10.0,200.0,1.2,163.0,63;4;145;17;0,2;6;1;4;4,611.0,163.0,1.001763956155628,guided,50.0,2.0
1677649.0,large,38.0,5.0,10.0,200.0,1.2,162.0,63;4;145;17;0,2;6;1;4;4,616.0,162.0,0.9887320683337748,guided,50.0,2.0
1677649.0,large,38.0,5.0,10.0,200.0,1.2,161.0,63;4;145;17;0,2;6;1;4;4,615.0,161.0,0.9857696699909866,guided,50.0,2.0
1677649.0,large,38.0,5.0,10.0,200.0,1.2,160.0,63;4;145;17;0,2;6;1;4;4,612.0,160.0,1.0199115828145295,guided,50.0,2.0
1677649.0,large,38.0,5.0,10.0,200.0,1.2,159.0,63;4;145;17;0,2;6;1;4;4,612.0,159.0,1.0438774479553103,guided,50.0,2.0
1677649.0,large,38.0,5.0,10.0,200.0,1.2,158.0,63;4;145;17;0,2;6;1;4;4,614.0,158.0,1.0230955719016492,guided,50.0,2.0
1677649.0,large,38.0,5.0,10.0,200.0,1.2,157.0,63;4;145;17;0,2;6;1;4;4,616.0,157.0,1.010403792373836,guided,50.0,2.0
1677649.0,large,38.0,5.0,10.0,200.0,1.2,156.0,63;4;145;17;0,2;6;1;4;4,618.0,156.0,0.9837577790021896,guided,50.0,2.0
1677649.0,large,38.0,5.0,10.0,200.0,1.2,155.0,63;4;145;17;0,2;6;1;4;4,618.0,155.0,0.9424558680038899,guided,50.0,2.0
1677649.0,large,38.0,5.0,10.0,200.0,1.2,154.0,63;4;145;17;0,2;6;1;4;4,618.0,154.0,0.8920184632297605,guided,50.0,2.0
1677649.0,large,38.0,5.0,10.0,200.0,1.2,153.0,63;4;145;17;0,2;6;1;4;4,620.0,153.0,0.8727594099473208,guided,50.0,2.0
1677649.0,large,38.0,5.0,10.0,200.0,1.2,152.0,63;4;145;17;0,2;6;1;4;4,620.0,152.0,0.9023408230859786,guided,50.0,2.0
1677649.0,large,38.0,5.0,10.0,200.0,1.2,151.0,63;4;145;17;0,2;6;1;4;4,622.0,151.0,0.8846906288526952,guided,50.0,2.0
1677649.0,large,38.0,5.0,10.0,200.0,1.2,150.0,63;4;145;17;0,2;6;1;4;4,622.0,150.0,0.8579881731420755,guided,50.0,2.0
1677649.0,large,38.0,5.0,10.0,200.0,1.2,149.0,63;4;145;17;0,2;6;1;4;4,624.0,149.0,0.855583013035357,guided,50.0,2.0
1677649.0,large,38.0,5.0,10.0,200.0,1.2,148.0,63;4;145;17;0,2;6;1;4;4,624.0,148.0,0.8530483120121062,guided,50.0,2.0
1677649.0,large,38.0,5.0,10.0,200.0,1.2,147.0,63;4;145;17;0,2;6;1;4;4,626.0,147.0,0.8678175990935415,guided,50.0,2.0
1677649.0,large,38.0,5.0,10.0,200.0,1.2,146.0,63;4;145;17;0,2;6;1;4;4,628.0,146.0,0.8280201898887753,guided,50.0,2.0
1677649.0,large,38.0,5.0,10.0,200.0,1.2,145.0,63;4;145;17;0,2;6;1;4;4,630.0,145.0,0.7818703518714756,guided,50.0,2.0
2207391.0,large,36.0,5.0,13.0,260.0,1.2,260.0,67;152;22;0;0,2;1;3;6;6,561.0,244.0,1.6609826912172139,guided,50.0,2.0
2207391.0,large,36.0,5.0,13.0,260.0,1.2,243.0,67;152;22;0;0,2;1;3;6;6,562.0,243.0,1.668743428075686,guided,50.0,2.0
2207391.0,large,36.0,5.0,13.0,260.0,1.2,242.0,67;152;22;0;0,2;1;3;6;6,563.0,242.0,1.5323655460961163,guided,50.0,2.0
2207391.0,large,36.0,5.0,13.0,260.0,1.2,241.0,67;152;22;0;0,2;1;3;6;6,564.0,241.0,1.608868305804208,guided,50.0,2.0
2207391.0,large,36.0,5.0,13.0,260.0,1.2,240.0,67;152;22;0;0,2;1;3;6;6,565.0,224.0,1.5544196439441293,guided,50.0,2.0
2207391.0,large,36.0,5.0,13.0,260.0,1.2,223.0,67;152;22;0;0,2;1;3;6;6,566.0,223.0,1.5732427123002708,guided,50.0,2.0
2207391.0,large,36.0,5.0,13.0,260.0,1.2,222.0,67;152;22;0;0,2;1;3;6;6,567.0,222.0,1.541945430682972,guided,50.0,2.0
2207391.0,large,36.0,5.0,13.0,260.0,1.2,221.0,67;152;22;0;0,2;1;3;6;6,568.0,221.0,1.4140154221095145,guided,50.0,2.0
2207391.0,large,36.0,5.0,13.0,260.0,1.2,220.0,67;152;22;0;0,2;1;3;6;6,569.0,206.0,1.4503265931271017,guided,50.0,2.0
2207391.0,large,36.0,5.0,13.0,260.0,1.2,205.0,67;152;22;0;0,2;1;3;6;6,581.0,205.0,1.4745082119479775,guided,50.0,2.0
2207391.0,large,36.0,5.0,13.0,260.0,1.2,204.0,67;152;22;0;0,2;1;3;6;6,577.0,204.0,1.4540825739968568,guided,50.0,2.0
2207391.0,large,36.0,5.0,13.0,260.0,1.2,203.0,67;152;22;0;0,2;1;3;6;6,578.0,203.0,1.3749948861077428,guided,50.0,2.0
2207391.0,large,36.0,5.0,13.0,260.0,1.2,202.0,67;152;22;0;0,2;1;3;6;6,577.0,202.0,1.4236793019808829,guided,50.0,2.0
2207391.0,large,36.0,5.0,13.0,260.0,1.2,201.0,67;152;22;0;0,2;1;3;6;6,580.0,201.0,1.5327216067817062,guided,50.0,2.0
2207391.0,large,36.0,5.0,13.0,260.0,1.2,200.0,67;152;22;0;0,2;1;3;6;6,581.0,200.0,1.3682593801058829,guided,50.0,2.0
2207391.0,large,36.0,5.0,13.0,260.0,1.2,199.0,67;152;22;0;0,2;1;3;6;6,583.0,199.0,1.4565381987486035,guided,50.0,2.0
2207391.0,large,36.0,5.0,13.0,260.0,1.2,198.0,67;152;22;0;0,2;1;3;6;6,585.0,198.0,1.434338454157114,guided,50.0,2.0
2207391.0,large,36.0,5.0,13.0,260.0,1.2,197.0,67;152;22;0;0,2;1;3;6;6,585.0,197.0,1.4572159396484494,guided,50.0,2.0
2207391.0,large,36.0,5.0,13.0,260.0,1.2,196.0,67;152;22;0;0,2;1;3;6;6,585.0,196.0,1.413707793224603,guided,50.0,2.0
2207391.0,large,36.0,5.0,13.0,260.0,1.2,195.0,67;152;22;0;0,2;1;3;6;6,589.0,195.0,1.3202853994444013,guided,50.0,2.0
2207391.0,large,36.0,5.0,13.0,260.0,1.2,194.0,67;152;22;0;0,2;1;3;6;6,593.0,194.0,1.214273538440466,guided,50.0,2.0
2207391.0,large,36.0,5.0,13.0,260.0,1.2,193.0,67;152;22;0;0,2;1;3;6;6,603.0,193.0,1.3700585011392832,guided,50.0,2.0
2207391.0,large,36.0,5.0,13.0,260.0,1.2,192.0,67;152;22;0;0,2;1;3;6;6,613.0,192.0,1.202557876938954,guided,50.0,2.0
2207391.0,large,36.0,5.0,13.0,260.0,1.2,191.0,67;152;22;0;0,2;1;3;6;6,615.0,191.0,1.288822118891403,guided,50.0,2.0
2207391.0,large,36.0,5.0,13.0,260.0,1.2,190.0,67;152;22;0;0,2;1;3;6;6,613.0,190.0,1.3408855956513435,guided,50.0,2.0
2207391.0,large,36.0,5.0,13.0,260.0,1.2,189.0,67;152;22;0;0,2;1;3;6;6,611.0,189.0,1.297212388832122,guided,50.0,2.0
2207391.0,large,36.0,5.0,13.0,260.0,1.2,188.0,67;152;22;0;0,2;1;3;6;6,611.0,188.0,1.265616036951542,guided,50.0,2.0
2207391.0,large,36.0,5.0,13.0,260.0,1.2,187.0,67;152;22;0;0,2;1;3;6;6,607.0,187.0,1.2808042066171765,guided,50.0,2.0
2207391.0,large,36.0,5.0,13.0,260.0,1.2,186.0,67;152;22;0;0,2;1;3;6;6,609.0,186.0,1.2935614415910095,guided,50.0,2.0
2207391.0,large,36.0,5.0,13.0,260.0,1.2,185.0,67;152;22;0;0,2;1;3;6;6,609.0,185.0,1.228335069026798,guided,50.0,2.0
2207391.0,large,36.0,5.0,13.0,260.0,1.2,184.0,67;152;22;0;0,2;1;3;6;6,607.0,184.0,1.1261929422616959,guided,50.0,2.0
2207391.0,large,36.0,5.0,13.0,260.0,1.2,183.0,67;152;22;0;0,2;1;3;6;6,610.0,183.0,1.3108177296817303,guided,50.0,2.0
2207391.0,large,36.0,5.0,13.0,260.0,1.2,182.0,67;152;22;0;0,2;1;3;6;6,611.0,182.0,1.2035049831029028,guided,50.0,2.0
2207391.0,large,36.0,5.0,13.0,260.0,1.2,181.0,67;152;22;0;0,2;1;3;6;6,614.0,181.0,1.2513960711658,guided,50.0,2.0
2207391.0,large,36.0,5.0,13.0,260.0,1.2,180.0,67;152;22;0;0,2;1;3;6;6,613.0,180.0,1.2381828369107097,guided,50.0,2.0
2207391.0,large,36.0,5.0,13.0,260.0,1.2,179.0,67;152;22;0;0,2;1;3;6;6,611.0,179.0,1.2224933868274093,guided,50.0,2.0
2207391.0,large,36.0,5.0,13.0,260.0,1.2,178.0,67;152;22;0;0,2;1;3;6;6,611.0,178.0,1.1570313817355782,guided,50.0,2.0
2207391.0,large,36.0,5.0,13.0,260.0,1.2,177.0,67;152;22;0;0,2;1;3;6;6,605.0,177.0,1.128804833162576,guided,50.0,2.0
2207391.0,large,36.0,5.0,13.0,260.0,1.2,176.0,67;152;22;0;0,2;1;3;6;6,607.0,176.0,1.1351958189625293,guided,50.0,2.0
2207391.0,large,36.0,5.0,13.0,260.0,1.2,175.0,67;152;22;0;0,2;1;3;6;6,619.0,175.0,1.1969994409009814,guided,50.0,2.0
2207391.0,large,36.0,5.0,13.0,260.0,1.2,174.0,67;152;22;0;0,2;1;3;6;6,625.0,174.0,1.0035517835058272,guided,50.0,2.0
2207391.0,large,36.0,5.0,13.0,260.0,1.2,173.0,67;152;22;0;0,2;1;3;6;6,627.0,173.0,1.0262481272220612,guided,50.0,2.0
2207391.0,large,36.0,5.0,13.0,260.0,1.2,172.0,67;152;22;0;0,2;1;3;6;6,627.0,172.0,1.0335079631768167,guided,50.0,2.0
2207391.0,large,36.0,5.0,13.0,260.0,1.2,171.0,67;152;22;0;0,2;1;3;6;6,627.0,171.0,0.9423854004126042,guided,50.0,2.0
2207391.0,large,36.0,5.0,13.0,260.0,1.2,170.0,67;152;22;0;0,2;1;3;6;6,629.0,170.0,1.0404317686334252,guided,50.0,2.0
2207391.0,large,36.0,5.0,13.0,260.0,1.2,169.0,67;152;22;0;0,2;1;3;6;6,629.0,169.0,1.053006662754342,guided,50.0,2.0
2207391.0,large,36.0,5.0,13.0,260.0,1.2,168.0,67;152;22;0;0,2;1;3;6;6,629.0,168.0,1.00889806705527,guided,50.0,2.0
2207391.0,large,36.0,5.0,13.0,260.0,1.2,167.0,67;152;22;0;0,2;1;3;6;6,627.0,167.0,0.9524502977728844,guided,50.0,2.0
2207391.0,large,36.0,5.0,13.0,260.0,1.2,166.0,67;152;22;0;0,2;1;3;6;6,627.0,166.0,0.9100126123521477,guided,50.0,2.0
2207391.0,large,36.0,5.0,13.0,260.0,1.2,165.0,67;152;22;0;0,2;1;3;6;6,629.0,165.0,0.993262846255675,guided,50.0,2.0
2207391.0,large,36.0,5.0,13.0,260.0,1.2,164.0,67;152;22;0;0,2;1;3;6;6,629.0,164.0,0.9879910170566291,guided,50.0,2.0
2207391.0,large,36.0,5.0,13.0,260.0,1.2,163.0,67;152;22;0;0,2;1;3;6;6,628.0,163.0,0.9278278010897338,guided,50.0,2.0
2207391.0,large,36.0,5.0,13.0,260.0,1.2,162.0,67;152;22;0;0,2;1;3;6;6,627.0,162.0,0.7946738328319043,guided,50.0,2.0
2207391.0,large,36.0,5.0,13.0,260.0,1.2,161.0,67;152;22;0;0,2;1;3;6;6,628.0,161.0,0.9030913449823856,guided,50.0,2.0
2207391.0,large,36.0,5.0,13.0,260.0,1.2,160.0,67;152;22;0;0,2;1;3;6;6,631.0,160.0,0.9098606479819864,guided,50.0,2.0
2207391.0,large,36.0,5.0,13.0,260.0,1.2,159.0,67;152;22;0;0,2;1;3;6;6,633.0,159.0,0.9167338320985436,guided,50.0,2.0
2207391.0,large,36.0,5.0,13.0,260.0,1.2,158.0,67;152;22;0;0,2;1;3;6;6,633.0,158.0,0.9222582133952528,guided,50.0,2.0
2207391.0,large,36.0,5.0,13.0,260.0,1.2,157.0,67;152;22;0;0,2;1;3;6;6,635.0,157.0,0.9214732747059315,guided,50.0,2.0
2207391.0,large,36.0,5.0,13.0,260.0,1.2,156.0,67;152;22;0;0,2;1;3;6;6,637.0,156.0,0.9042077751364559,guided,50.0,2.0
2207391.0,large,36.0,5.0,13.0,260.0,1.2,155.0,67;152;22;0;0,2;1;3;6;6,637.0,155.0,0.8945065648294985,guided,50.0,2.0
2207391.0,large,36.0,5.0,13.0,260.0,1.2,154.0,67;152;22;0;0,2;1;3;6;6,637.0,154.0,0.8671414996497333,guided,50.0,2.0
2207391.0,large,36.0,5.0,13.0,260.0,1.2,153.0,67;152;22;0;0,2;1;3;6;6,637.0,153.0,0.8483698258642107,guided,50.0,2.0
2207391.0,large,36.0,5.0,13.0,260.0,1.2,152.0,67;152;22;0;0,2;1;3;6;6,637.0,152.0,0.8207089640200138,guided,50.0,2.0
9005101.0,large,38.0,5.0,11.0,220.0,1.2,220.0,157;9;0;49;0,1;4;4;2;5,458.0,210.0,1.6686291547957808,guided,50.0,2.0
9005101.0,large,38.0,5.0,11.0,220.0,1.2,209.0,157;9;0;49;0,1;4;4;2;5,480.0,209.0,1.7102146039251238,guided,50.0,2.0
9005101.0,large,38.0,5.0,11.0,220.0,1.2,208.0,157;9;0;49;0,1;4;4;2;5,482.0,208.0,1.702062968397513,guided,50.0,2.0
9005101.0,large,38.0,5.0,11.0,220.0,1.2,207.0,157;9;0;49;0,1;4;4;2;5,480.0,207.0,1.6320890916977078,guided,50.0,2.0
9005101.0,large,38.0,5.0,11.0,220.0,1.2,206.0,157;9;0;49;0,1;4;4;2;5,484.0,206.0,1.6762476586736739,guided,50.0,2.0
9005101.0,large,38.0,5.0,11.0,220.0,1.2,205.0,157;9;0;49;0,1;4;4;2;5,480.0,205.0,1.5990826801862568,guided,50.0,2.0
9005101.0,large,38.0,5.0,11.0,220.0,1.2,204.0,157;9;0;49;0,1;4;4;2;5,476.0,204.0,1.5942137041129172,guided,50.0,2.0
9005101.0,large,38.0,5.0,11.0,220.0,1.2,203.0,157;9;0;49;0,1;4;4;2;5,473.0,203.0,1.645383341005072,guided,50.0,2.0
9005101.0,large,38.0,5.0,11.0,220.0,1.2,202.0,157;9;0;49;0,1;4;4;2;5,476.0,202.0,1.606658284086734,guided,50.0,2.0
9005101.0,large,38.0,5.0,11.0,220.0,1.2,201.0,157;9;0;49;0,1;4;4;2;5,477.0,201.0,1.591035429853946,guided,50.0,2.0
9005101.0,large,38.0,5.0,11.0,220.0,1.2,200.0,157;9;0;49;0,1;4;4;2;5,480.0,200.0,1.5715945621486753,guided,50.0,2.0
9005101.0,large,38.0,5.0,11.0,220.0,1.2,199.0,157;9;0;49;0,1;4;4;2;5,486.0,199.0,1.5492768320254982,guided,50.0,2.0
9005101.0,large,38.0,5.0,11.0,220.0,1.2,198.0,157;9;0;49;0,1;4;4;2;5,486.0,198.0,1.5152300968766212,guided,50.0,2.0
9005101.0,large,38.0,5.0,11.0,220.0,1.2,197.0,157;9;0;49;0,1;4;4;2;5,484.0,197.0,1.4947001573164016,guided,50.0,2.0
9005101.0,large,38.0,5.0,11.0,220.0,1.2,196.0,157;9;0;49;0,1;4;4;2;5,484.0,196.0,1.5410013892687857,guided,50.0,2.0
9005101.0,large,38.0,5.0,11.0,220.0,1.2,195.0,157;9;0;49;0,1;4;4;2;5,488.0,195.0,1.5197662450373173,guided,50.0,2.0
9005101.0,large,38.0,5.0,11.0,220.0,1.2,194.0,157;9;0;49;0,1;4;4;2;5,494.0,194.0,1.507222581654787,guided,50.0,2.0
9005101.0,large,38.0,5.0,11.0,220.0,1.2,193.0,157;9;0;49;0,1;4;4;2;5,508.0,193.0,1.3494173910003155,guided,50.0,2.0
9005101.0,large,38.0,5.0,11.0,220.0,1.2,192.0,157;9;0;49;0,1;4;4;2;5,506.0,192.0,1.349862212780863,guided,50.0,2.0
9005101.0,large,38.0,5.0,11.0,220.0,1.2,191.0,157;9;0;49;0,1;4;4;2;5,506.0,191.0,1.3332493482157588,guided,50.0,2.0
9005101.0,large,38.0,5.0,11.0,220.0,1.2,190.0,157;9;0;49;0,1;4;4;2;5,508.0,190.0,1.3190461988560855,guided,50.0,2.0
9005101.0,large,38.0,5.0,11.0,220.0,1.2,189.0,157;9;0;49;0,1;4;4;2;5,510.0,189.0,1.3382088646758348,guided,50.0,2.0
9005101.0,large,38.0,5.0,11.0,220.0,1.2,188.0,157;9;0;49;0,1;4;4;2;5,504.0,188.0,1.2389018167741597,guided,50.0,2.0
9005101.0,large,38.0,5.0,11.0,220.0,1.2,187.0,157;9;0;49;0,1;4;4;2;5,508.0,187.0,1.3545284932479262,guided,50.0,2.0
9005101.0,large,38.0,5.0,11.0,220.0,1.2,186.0,157;9;0;49;0,1;4;4;2;5,504.0,186.0,1.3679979799780995,guided,50.0,2.0
9005101.0,large,38.0,5.0,11.0,220.0,1.2,185.0,157;9;0;49;0,1;4;4;2;5,504.0,185.0,1.3327940010931343,guided,50.0,2.0
9005101.0,large,38.0,5.0,11.0,220.0,1.2,184.0,157;9;0;49;0,1;4;4;2;5,506.0,184.0,1.3067113826982677,guided,50.0,2.0
9005101.0,large,38.0,5.0,11.0,220.0,1.2,183.0,157;9;0;49;0,1;4;4;2;5,513.0,183.0,1.3022067041601986,guided,50.0,2.0
9005101.0,large,38.0,5.0,11.0,220.0,1.2,182.0,157;9;0;49;0,1;4;4;2;5,510.0,182.0,1.2872764253988862,guided,50.0,2.0
9005101.0,large,38.0,5.0,11.0,220.0,1.2,181.0,157;9;0;49;0,1;4;4;2;5,517.0,181.0,1.27416448504664,guided,50.0,2.0
9005101.0,large,38.0,5.0,11.0,220.0,1.2,180.0,157;9;0;49;0,1;4;4;2;5,514.0,180.0,1.2243106055539101,guided,50.0,2.0
9005101.0,large,38.0,5.0,11.0,220.0,1.2,179.0,157;9;0;49;0,1;4;4;2;5,512.0,179.0,1.303683710983023,guided,50.0,2.0
9005101.0,large,38.0,5.0,11.0,220.0,1.2,178.0,157;9;0;49;0,1;4;4;2;5,512.0,178.0,1.2766863589640707,guided,50.0,2.0
9005101.0,large,38.0,5.0,11.0,220.0,1.2,177.0,157;9;0;49;0,1;4;4;2;5,514.0,177.0,1.2883855761028826,guided,50.0,2.0
9005101.0,large,38.0,5.0,11.0,220.0,1.2,176.0,157;9;0;49;0,1;4;4;2;5,512.0,176.0,1.1872080450411886,guided,50.0,2.0
9005101.0,large,38.0,5.0,11.0,220.0,1.2,175.0,157;9;0;49;0,1;4;4;2;5,516.0,175.0,1.1572990254499018,guided,50.0,2.0
9005101.0,large,38.0,5.0,11.0,220.0,1.2,174.0,157;9;0;49;0,1;4;4;2;5,516.0,174.0,1.0706978063099086,guided,50.0,2.0
9005101.0,large,38.0,5.0,11.0,220.0,1.2,173.0,157;9;0;49;0,1;4;4;2;5,522.0,173.0,1.065689458977431,guided,50.0,2.0
9005101.0,large,38.0,5.0,11.0,220.0,1.2,172.0,157;9;0;49;0,1;4;4;2;5,518.0,172.0,1.1618023118935525,guided,50.0,2.0
9005101.0,large,38.0,5.0,11.0,220.0,1.2,171.0,157;9;0;49;0,1;4;4;2;5,522.0,171.0,1.1331747558433563,guided,50.0,2.0
9005101.0,large,38.0,5.0,11.0,220.0,1.2,170.0,157;9;0;49;0,1;4;4;2;5,520.0,170.0,1.0900339516811073,guided,50.0,2.0
9005101.0,large,38.0,5.0,11.0,220.0,1.2,169.0,157;9;0;49;0,1;4;4;2;5,518.0,169.0,1.0923960900399834,guided,50.0,2.0
9005101.0,large,38.0,5.0,11.0,220.0,1.2,168.0,157;9;0;49;0,1;4;4;2;5,518.0,168.0,1.0622474742121994,guided,50.0,2.0
9005101.0,large,38.0,5.0,11.0,220.0,1.2,167.0,157;9;0;49;0,1;4;4;2;5,516.0,167.0,1.0532669180538505,guided,50.0,2.0
9005101.0,large,38.0,5.0,11.0,220.0,1.2,166.0,157;9;0;49;0,1;4;4;2;5,516.0,166.0,1.0609736612532288,guided,50.0,2.0
9005101.0,large,38.0,5.0,11.0,220.0,1.2,165.0,157;9;0;49;0,1;4;4;2;5,516.0,165.0,1.0537974936887622,guided,50.0,2.0
9005101.0,large,38.0,5.0,11.0,220.0,1.2,164.0,157;9;0;49;0,1;4;4;2;5,524.0,164.0,1.0485937520861626,guided,50.0,2.0
9005101.0,large,38.0,5.0,11.0,220.0,1.2,163.0,157;9;0;49;0,1;4;4;2;5,527.0,163.0,1.0216164581943303,guided,50.0,2.0
9005101.0,large,38.0,5.0,11.0,220.0,1.2,162.0,157;9;0;49;0,1;4;4;2;5,526.0,162.0,0.99392593302764,guided,50.0,2.0
9005101.0,large,38.0,5.0,11.0,220.0,1.2,161.0,157;9;0;49;0,1;4;4;2;5,533.0,161.0,0.9695443550590426,guided,50.0,2.0
9005101.0,large,38.0,5.0,11.0,220.0,1.2,160.0,157;9;0;49;0,1;4;4;2;5,540.0,160.0,0.9587505948729813,guided,50.0,2.0
9005101.0,large,38.0,5.0,11.0,220.0,1.2,159.0,157;9;0;49;0,1;4;4;2;5,542.0,159.0,0.9585940511897206,guided,50.0,2.0
9005101.0,large,38.0,5.0,11.0,220.0,1.2,158.0,157;9;0;49;0,1;4;4;2;5,544.0,158.0,0.9409364298917353,guided,50.0,2.0
9005101.0,large,38.0,5.0,11.0,220.0,1.2,157.0,157;9;0;49;0,1;4;4;2;5,542.0,157.0,0.8766958168707788,guided,50.0,2.0
3227420.0,large,37.0,5.0,12.0,240.0,1.2,240.0,35;69;151;0;21,3;2;1;6;3,712.0,224.0,1.4508474350441247,guided,50.0,2.0
3227420.0,large,37.0,5.0,12.0,240.0,1.2,223.0,35;69;151;0;21,3;2;1;6;3,713.0,223.0,1.4519509871024638,guided,50.0,2.0
3227420.0,large,37.0,5.0,12.0,240.0,1.2,222.0,35;69;151;0;21,3;2;1;6;3,714.0,222.0,1.4512940461281687,guided,50.0,2.0
3227420.0,large,37.0,5.0,12.0,240.0,1.2,221.0,35;69;151;0;21,3;2;1;6;3,715.0,221.0,1.3142332138959318,guided,50.0,2.0
3227420.0,large,37.0,5.0,12.0,240.0,1.2,220.0,35;69;151;0;21,3;2;1;6;3,716.0,208.0,1.371915009105578,guided,50.0,2.0
3227420.0,large,37.0,5.0,12.0,240.0,1.2,207.0,35;69;151;0;21,3;2;1;6;3,724.0,207.0,1.353704527951777,guided,50.0,2.0
3227420.0,large,37.0,5.0,12.0,240.0,1.2,206.0,35;69;151;0;21,3;2;1;6;3,726.0,206.0,1.42991376016289,guided,50.0,2.0
3227420.0,large,37.0,5.0,12.0,240.0,1.2,205.0,35;69;151;0;21,3;2;1;6;3,722.0,205.0,1.4078042027540505,guided,50.0,2.0
3227420.0,large,37.0,5.0,12.0,240.0,1.2,204.0,35;69;151;0;21,3;2;1;6;3,722.0,204.0,1.3154224143363535,guided,50.0,2.0
3227420.0,large,37.0,5.0,12.0,240.0,1.2,203.0,35;69;151;0;21,3;2;1;6;3,721.0,203.0,1.2961773572023958,guided,50.0,2.0
3227420.0,large,37.0,5.0,12.0,240.0,1.2,202.0,35;69;151;0;21,3;2;1;6;3,722.0,202.0,1.3395015741698444,guided,50.0,2.0
3227420.0,large,37.0,5.0,12.0,240.0,1.2,201.0,35;69;151;0;21,3;2;1;6;3,725.0,201.0,1.3398755446542054,guided,50.0,2.0
3227420.0,large,37.0,5.0,12.0,240.0,1.2,200.0,35;69;151;0;21,3;2;1;6;3,726.0,199.0,1.3472484396770597,guided,50.0,2.0
3227420.0,large,37.0,5.0,12.0,240.0,1.2,198.0,35;69;151;0;21,3;2;1;6;3,726.0,198.0,1.274293415248394,guided,50.0,2.0
3227420.0,large,37.0,5.0,12.0,240.0,1.2,197.0,35;69;151;0;21,3;2;1;6;3,728.0,197.0,1.3258914190810174,guided,50.0,2.0
3227420.0,large,37.0,5.0,12.0,240.0,1.2,196.0,35;69;151;0;21,3;2;1;6;3,728.0,192.0,1.30967470491305,guided,50.0,2.0
3227420.0,large,37.0,5.0,12.0,240.0,1.2,191.0,35;69;151;0;21,3;2;1;6;3,756.0,191.0,1.2602785758208483,guided,50.0,2.0
3227420.0,large,37.0,5.0,12.0,240.0,1.2,190.0,35;69;151;0;21,3;2;1;6;3,756.0,190.0,1.248923656065017,guided,50.0,2.0
3227420.0,large,37.0,5.0,12.0,240.0,1.2,189.0,35;69;151;0;21,3;2;1;6;3,756.0,189.0,1.2539316220209002,guided,50.0,2.0
3227420.0,large,37.0,5.0,12.0,240.0,1.2,188.0,35;69;151;0;21,3;2;1;6;3,752.0,188.0,1.2346314310561866,guided,50.0,2.0
3227420.0,large,37.0,5.0,12.0,240.0,1.2,187.0,35;69;151;0;21,3;2;1;6;3,752.0,187.0,1.2220578400883824,guided,50.0,2.0
3227420.0,large,37.0,5.0,12.0,240.0,1.2,186.0,35;69;151;0;21,3;2;1;6;3,750.0,186.0,1.2028326923027635,guided,50.0,2.0
3227420.0,large,37.0,5.0,12.0,240.0,1.2,185.0,35;69;151;0;21,3;2;1;6;3,750.0,185.0,1.1716731532942504,guided,50.0,2.0
3227420.0,large,37.0,5.0,12.0,240.0,1.2,184.0,35;69;151;0;21,3;2;1;6;3,752.0,184.0,1.2243304431904107,guided,50.0,2.0
3227420.0,large,37.0,5.0,12.0,240.0,1.2,183.0,35;69;151;0;21,3;2;1;6;3,753.0,183.0,1.2181718959473073,guided,50.0,2.0
3227420.0,large,37.0,5.0,12.0,240.0,1.2,182.0,35;69;151;0;21,3;2;1;6;3,754.0,182.0,1.2146638829726726,guided,50.0,2.0
3227420.0,large,37.0,5.0,12.0,240.0,1.2,181.0,35;69;151;0;21,3;2;1;6;3,755.0,181.0,1.1539625809527934,guided,50.0,2.0
3227420.0,large,37.0,5.0,12.0,240.0,1.2,180.0,35;69;151;0;21,3;2;1;6;3,758.0,180.0,1.1892005049157888,guided,50.0,2.0
3227420.0,large,37.0,5.0,12.0,240.0,1.2,179.0,35;69;151;0;21,3;2;1;6;3,758.0,179.0,1.187916818773374,guided,50.0,2.0
3227420.0,large,37.0,5.0,12.0,240.0,1.2,178.0,35;69;151;0;21,3;2;1;6;3,750.0,178.0,1.1219256080221385,guided,50.0,2.0
3227420.0,large,37.0,5.0,12.0,240.0,1.2,177.0,35;69;151;0;21,3;2;1;6;3,752.0,177.0,1.1114409922156483,guided,50.0,2.0
3227420.0,large,37.0,5.0,12.0,240.0,1.2,176.0,35;69;151;0;21,3;2;1;6;3,748.0,176.0,1.08614942105487,guided,50.0,2.0
3227420.0,large,37.0,5.0,12.0,240.0,1.2,175.0,35;69;151;0;21,3;2;1;6;3,764.0,175.0,1.1172679846640676,guided,50.0,2.0
3227420.0,large,37.0,5.0,12.0,240.0,1.2,174.0,35;69;151;0;21,3;2;1;6;3,768.0,174.0,0.991882607107982,guided,50.0,2.0
3227420.0,large,37.0,5.0,12.0,240.0,1.2,173.0,35;69;151;0;21,3;2;1;6;3,770.0,173.0,0.9319922961294651,guided,50.0,2.0
3227420.0,large,37.0,5.0,12.0,240.0,1.2,172.0,35;69;151;0;21,3;2;1;6;3,772.0,172.0,0.9604542390443385,guided,50.0,2.0
3227420.0,large,37.0,5.0,12.0,240.0,1.2,171.0,35;69;151;0;21,3;2;1;6;3,772.0,171.0,0.9471182459965348,guided,50.0,2.0
3227420.0,large,37.0,5.0,12.0,240.0,1.2,170.0,35;69;151;0;21,3;2;1;6;3,772.0,170.0,0.9274642562959343,guided,50.0,2.0
3227420.0,large,37.0,5.0,12.0,240.0,1.2,169.0,35;69;151;0;21,3;2;1;6;3,772.0,169.0,0.8919130226131529,guided,50.0,2.0
3227420.0,large,37.0,5.0,12.0,240.0,1.2,168.0,35;69;151;0;21,3;2;1;6;3,774.0,168.0,0.909584527136758,guided,50.0,2.0
3227420.0,large,37.0,5.0,12.0,240.0,1.2,167.0,35;69;151;0;21,3;2;1;6;3,774.0,167.0,0.8797165569849312,guided,50.0,2.0
3227420.0,large,37.0,5.0,12.0,240.0,1.2,166.0,35;69;151;0;21,3;2;1;6;3,776.0,166.0,0.947089855093509,guided,50.0,2.0
3227420.0,large,37.0,5.0,12.0,240.0,1.2,165.0,35;69;151;0;21,3;2;1;6;3,774.0,165.0,0.8715165168978274,guided,50.0,2.0
3227420.0,large,37.0,5.0,12.0,240.0,1.2,164.0,35;69;151;0;21,3;2;1;6;3,774.0,164.0,0.8821800930891186,guided,50.0,2.0
3227420.0,large,37.0,5.0,12.0,240.0,1.2,163.0,35;69;151;0;21,3;2;1;6;3,773.0,163.0,0.8073200196959078,guided,50.0,2.0
3227420.0,large,37.0,5.0,12.0,240.0,1.2,162.0,35;69;151;0;21,3;2;1;6;3,776.0,162.0,0.8556678588502109,guided,50.0,2.0
3227420.0,large,37.0,5.0,12.0,240.0,1.2,161.0,35;69;151;0;21,3;2;1;6;3,777.0,161.0,0.86851945403032,guided,50.0,2.0
3227420.0,large,37.0,5.0,12.0,240.0,1.2,160.0,35;69;151;0;21,3;2;1;6;3,774.0,160.0,0.8674553872551769,guided,50.0,2.0
3227420.0,large,37.0,5.0,12.0,240.0,1.2,159.0,35;69;151;0;21,3;2;1;6;3,776.0,159.0,0.8387710810638964,guided,50.0,2.0
3227420.0,large,37.0,5.0,12.0,240.0,1.2,158.0,35;69;151;0;21,3;2;1;6;3,778.0,158.0,0.846752718091011,guided,50.0,2.0
3227420.0,large,37.0,5.0,12.0,240.0,1.2,157.0,35;69;151;0;21,3;2;1;6;3,780.0,157.0,0.8169630072079599,guided,50.0,2.0
3227420.0,large,37.0,5.0,12.0,240.0,1.2,156.0,35;69;151;0;21,3;2;1;6;3,782.0,156.0,0.8033332363702357,guided,50.0,2.0
3227420.0,large,37.0,5.0,12.0,240.0,1.2,155.0,35;69;151;0;21,3;2;1;6;3,782.0,155.0,0.7729914430528879,guided,50.0,2.0
3227420.0,large,37.0,5.0,12.0,240.0,1.2,154.0,35;69;151;0;21,3;2;1;6;3,782.0,154.0,0.7543268161825836,guided,50.0,2.0
3227420.0,large,37.0,5.0,12.0,240.0,1.2,153.0,35;69;151;0;21,3;2;1;6;3,782.0,153.0,0.7450006110593677,guided,50.0,2.0
3227420.0,large,37.0,5.0,12.0,240.0,1.2,152.0,35;69;151;0;21,3;2;1;6;3,782.0,152.0,0.7212605779059231,guided,50.0,2.0
3227420.0,large,37.0,5.0,12.0,240.0,1.2,151.0,35;69;151;0;21,3;2;1;6;3,784.0,151.0,0.6918944849167019,guided,50.0,2.0
5158510.0,large,51.0,5.0,10.0,200.0,1.2,200.0,6;140;19;129;23,4;1;3;1;3,652.0,188.0,2.303239612840116,guided,50.0,2.0
5158510.0,large,51.0,5.0,10.0,200.0,1.2,187.0,6;140;19;129;23,4;1;3;1;3,666.0,187.0,2.2960343179292977,guided,50.0,2.0
5158510.0,large,51.0,5.0,10.0,200.0,1.2,186.0,6;140;19;129;23,4;1;3;1;3,662.0,186.0,2.115114194806665,guided,50.0,2.0
5158510.0,large,51.0,5.0,10.0,200.0,1.2,185.0,6;140;19;129;23,4;1;3;1;3,660.0,185.0,2.108903979184106,guided,50.0,2.0
5158510.0,large,51.0,5.0,10.0,200.0,1.2,184.0,6;140;19;129;23,4;1;3;1;3,662.0,184.0,2.1591062319930643,guided,50.0,2.0
5158510.0,large,51.0,5.0,10.0,200.0,1.2,183.0,6;140;19;129;23,4;1;3;1;3,668.0,183.0,2.1994632417336106,guided,50.0,2.0
5158510.0,large,51.0,5.0,10.0,200.0,1.2,182.0,6;140;19;129;23,4;1;3;1;3,670.0,182.0,2.169365376001224,guided,50.0,2.0
5158510.0,large,51.0,5.0,10.0,200.0,1.2,181.0,6;140;19;129;23,4;1;3;1;3,670.0,181.0,2.1600197597872466,guided,50.0,2.0
5158510.0,large,51.0,5.0,10.0,200.0,1.2,180.0,6;140;19;129;23,4;1;3;1;3,674.0,180.0,2.1471192908938974,guided,50.0,2.0
5158510.0,large,51.0,5.0,10.0,200.0,1.2,179.0,6;140;19;129;23,4;1;3;1;3,672.0,179.0,2.2440077962819487,guided,50.0,2.0
5158510.0,large,51.0,5.0,10.0,200.0,1.2,178.0,6;140;19;129;23,4;1;3;1;3,666.0,178.0,2.0593357293400913,guided,50.0,2.0
5158510.0,large,51.0,5.0,10.0,200.0,1.2,177.0,6;140;19;129;23,4;1;3;1;3,668.0,177.0,2.0057006957940757,guided,50.0,2.0
5158510.0,large,51.0,5.0,10.0,200.0,1.2,176.0,6;140;19;129;23,4;1;3;1;3,662.0,172.0,1.9438134930096567,guided,50.0,2.0
5158510.0,large,51.0,5.0,10.0,200.0,1.2,171.0,6;140;19;129;23,4;1;3;1;3,712.0,171.0,1.976583450101316,guided,50.0,2.0
5158510.0,large,51.0,5.0,10.0,200.0,1.2,170.0,6;140;19;129;23,4;1;3;1;3,712.0,170.0,1.902586014708504,guided,50.0,2.0
5158510.0,large,51.0,5.0,10.0,200.0,1.2,169.0,6;140;19;129;23,4;1;3;1;3,706.0,169.0,1.8520608220715076,guided,50.0,2.0
5158510.0,large,51.0,5.0,10.0,200.0,1.2,168.0,6;140;19;129;23,4;1;3;1;3,704.0,168.0,1.9236637947615236,guided,50.0,2.0
5158510.0,large,51.0,5.0,10.0,200.0,1.2,167.0,6;140;19;129;23,4;1;3;1;3,706.0,167.0,1.94267913303338,guided,50.0,2.0
5158510.0,large,51.0,5.0,10.0,200.0,1.2,166.0,6;140;19;129;23,4;1;3;1;3,710.0,166.0,1.9189823898486793,guided,50.0,2.0
5158510.0,large,51.0,5.0,10.0,200.0,1.2,165.0,6;140;19;129;23,4;1;3;1;3,712.0,165.0,1.9439344226848334,guided,50.0,2.0
5158510.0,large,51.0,5.0,10.0,200.0,1.2,164.0,6;140;19;129;23,4;1;3;1;3,714.0,164.0,1.8540788351092488,guided,50.0,2.0
5158510.0,large,51.0,5.0,10.0,200.0,1.2,163.0,6;140;19;129;23,4;1;3;1;3,718.0,163.0,1.8293671081773937,guided,50.0,2.0
5158510.0,large,51.0,5.0,10.0,200.0,1.2,162.0,6;140;19;129;23,4;1;3;1;3,718.0,162.0,1.9442991488613188,guided,50.0,2.0
5158510.0,large,51.0,5.0,10.0,200.0,1.2,161.0,6;140;19;129;23,4;1;3;1;3,708.0,161.0,1.8329359551426023,guided,50.0,2.0
5158510.0,large,51.0,5.0,10.0,200.0,1.2,160.0,6;140;19;129;23,4;1;3;1;3,700.0,160.0,1.7602257740218192,guided,50.0,2.0
5158510.0,large,51.0,5.0,10.0,200.0,1.2,159.0,6;140;19;129;23,4;1;3;1;3,702.0,159.0,1.8069005988072604,guided,50.0,2.0
5158510.0,large,51.0,5.0,10.0,200.0,1.2,158.0,6;140;19;129;23,4;1;3;1;3,704.0,158.0,1.8208643042016774,guided,50.0,2.0
5158510.0,large,51.0,5.0,10.0,200.0,1.2,157.0,6;140;19;129;23,4;1;3;1;3,706.0,157.0,1.728303018026054,guided,50.0,2.0
5158510.0,large,51.0,5.0,10.0,200.0,1.2,156.0,6;140;19;129;23,4;1;3;1;3,710.0,156.0,1.7439156451728195,guided,50.0,2.0
5158510.0,large,51.0,5.0,10.0,200.0,1.2,155.0,6;140;19;129;23,4;1;3;1;3,714.0,155.0,1.6668382068164647,guided,50.0,2.0
5158510.0,large,51.0,5.0,10.0,200.0,1.2,154.0,6;140;19;129;23,4;1;3;1;3,738.0,154.0,1.5704618671443313,guided,50.0,2.0
5158510.0,large,51.0,5.0,10.0,200.0,1.2,153.0,6;140;19;129;23,4;1;3;1;3,744.0,153.0,1.5986892848741263,guided,50.0,2.0
5158510.0,large,51.0,5.0,10.0,200.0,1.2,152.0,6;140;19;129;23,4;1;3;1;3,746.0,152.0,1.5495776867028326,guided,50.0,2.0
5158510.0,large,51.0,5.0,10.0,200.0,1.2,151.0,6;140;19;129;23,4;1;3;1;3,748.0,151.0,1.502677591983229,guided,50.0,2.0
5158510.0,large,51.0,5.0,10.0,200.0,1.2,150.0,6;140;19;129;23,4;1;3;1;3,750.0,150.0,1.4948005550540984,guided,50.0,2.0
5158510.0,large,51.0,5.0,10.0,200.0,1.2,149.0,6;140;19;129;23,4;1;3;1;3,748.0,149.0,1.3453504294157028,guided,50.0,2.0
5158510.0,large,51.0,5.0,10.0,200.0,1.2,148.0,6;140;19;129;23,4;1;3;1;3,750.0,148.0,1.4519105672370642,guided,50.0,2.0
5158510.0,large,51.0,5.0,10.0,200.0,1.2,147.0,6;140;19;129;23,4;1;3;1;3,750.0,147.0,1.3676890858914703,guided,50.0,2.0
5158510.0,large,51.0,5.0,10.0,200.0,1.2,146.0,6;140;19;129;23,4;1;3;1;3,750.0,146.0,1.4026966167148203,guided,50.0,2.0
5158510.0,large,51.0,5.0,10.0,200.0,1.2,145.0,6;140;19;129;23,4;1;3;1;3,750.0,145.0,1.4261847108136863,guided,50.0,2.0
5158510.0,large,51.0,5.0,10.0,200.0,1.2,144.0,6;140;19;129;23,4;1;3;1;3,752.0,144.0,1.3546631271019578,guided,50.0,2.0
5158510.0,large,51.0,5.0,10.0,200.0,1.2,143.0,6;140;19;129;23,4;1;3;1;3,752.0,143.0,1.413517810869962,guided,50.0,2.0
5158510.0,large,51.0,5.0,10.0,200.0,1.2,142.0,6;140;19;129;23,4;1;3;1;3,756.0,142.0,1.3180800233967602,guided,50.0,2.0
5158510.0,large,51.0,5.0,10.0,200.0,1.2,141.0,6;140;19;129;23,4;1;3;1;3,760.0,141.0,1.2999531128443778,guided,50.0,2.0
5158510.0,large,51.0,5.0,10.0,200.0,1.2,140.0,6;140;19;129;23,4;1;3;1;3,766.0,140.0,1.2947229284327477,guided,50.0,2.0
1219110.0,large,43.0,5.0,12.0,240.0,1.2,240.0,0;89;0;153;26,4;2;6;2;3,899.0,224.0,2.1543033660855144,guided,50.0,2.0
1219110.0,large,43.0,5.0,12.0,240.0,1.2,223.0,0;89;0;153;26,4;2;6;2;3,901.0,223.0,2.1364714493975043,guided,50.0,2.0
1219110.0,large,43.0,5.0,12.0,240.0,1.2,222.0,0;89;0;153;26,4;2;6;2;3,903.0,222.0,2.145705563016236,guided,50.0,2.0
1219110.0,large,43.0,5.0,12.0,240.0,1.2,221.0,0;89;0;153;26,4;2;6;2;3,909.0,221.0,1.998445059871301,guided,50.0,2.0
1219110.0,large,43.0,5.0,12.0,240.0,1.2,220.0,0;89;0;153;26,4;2;6;2;3,909.0,206.0,1.9863729656208307,guided,50.0,2.0
1219110.0,large,43.0,5.0,12.0,240.0,1.2,205.0,0;89;0;153;26,4;2;6;2;3,935.0,205.0,2.051671667257324,guided,50.0,2.0
1219110.0,large,43.0,5.0,12.0,240.0,1.2,204.0,0;89;0;153;26,4;2;6;2;3,931.0,204.0,1.9869142938405275,guided,50.0,2.0
1219110.0,large,43.0,5.0,12.0,240.0,1.2,203.0,0;89;0;153;26,4;2;6;2;3,929.0,203.0,1.968801521928981,guided,50.0,2.0
1219110.0,large,43.0,5.0,12.0,240.0,1.2,202.0,0;89;0;153;26,4;2;6;2;3,929.0,202.0,1.951350663555786,guided,50.0,2.0
1219110.0,large,43.0,5.0,12.0,240.0,1.2,201.0,0;89;0;153;26,4;2;6;2;3,935.0,201.0,2.030624482082203,guided,50.0,2.0
1219110.0,large,43.0,5.0,12.0,240.0,1.2,200.0,0;89;0;153;26,4;2;6;2;3,937.0,200.0,1.9413507471326739,guided,50.0,2.0
1219110.0,large,43.0,5.0,12.0,240.0,1.2,199.0,0;89;0;153;26,4;2;6;2;3,941.0,199.0,1.9527628866489977,guided,50.0,2.0
1219110.0,large,43.0,5.0,12.0,240.0,1.2,198.0,0;89;0;153;26,4;2;6;2;3,943.0,198.0,1.9117219999898225,guided,50.0,2.0
1219110.0,large,43.0,5.0,12.0,240.0,1.2,197.0,0;89;0;153;26,4;2;6;2;3,939.0,197.0,1.875399713171646,guided,50.0,2.0
1219110.0,large,43.0,5.0,12.0,240.0,1.2,196.0,0;89;0;153;26,4;2;6;2;3,941.0,196.0,1.8919161569792777,guided,50.0,2.0
1219110.0,large,43.0,5.0,12.0,240.0,1.2,195.0,0;89;0;153;26,4;2;6;2;3,957.0,195.0,1.8599652769044042,guided,50.0,2.0
1219110.0,large,43.0,5.0,12.0,240.0,1.2,194.0,0;89;0;153;26,4;2;6;2;3,955.0,194.0,1.888023029314354,guided,50.0,2.0
1219110.0,large,43.0,5.0,12.0,240.0,1.2,193.0,0;89;0;153;26,4;2;6;2;3,979.0,193.0,1.9244447818491608,guided,50.0,2.0
1219110.0,large,43.0,5.0,12.0,240.0,1.2,192.0,0;89;0;153;26,4;2;6;2;3,995.0,192.0,1.8642835000064224,guided,50.0,2.0
1219110.0,large,43.0,5.0,12.0,240.0,1.2,191.0,0;89;0;153;26,4;2;6;2;3,995.0,191.0,1.8699966450221837,guided,50.0,2.0
1219110.0,large,43.0,5.0,12.0,240.0,1.2,190.0,0;89;0;153;26,4;2;6;2;3,995.0,190.0,1.8441149268765002,guided,50.0,2.0
1219110.0,large,43.0,5.0,12.0,240.0,1.2,189.0,0;89;0;153;26,4;2;6;2;3,995.0,189.0,1.7895035077817738,guided,50.0,2.0
1219110.0,large,43.0,5.0,12.0,240.0,1.2,188.0,0;89;0;153;26,4;2;6;2;3,995.0,188.0,1.7285778503865004,guided,50.0,2.0
1219110.0,large,43.0,5.0,12.0,240.0,1.2,187.0,0;89;0;153;26,4;2;6;2;3,991.0,187.0,1.766017286106944,guided,50.0,2.0
1219110.0,large,43.0,5.0,12.0,240.0,1.2,186.0,0;89;0;153;26,4;2;6;2;3,991.0,186.0,1.692806243430823,guided,50.0,2.0
1219110.0,large,43.0,5.0,12.0,240.0,1.2,185.0,0;89;0;153;26,4;2;6;2;3,989.0,185.0,1.6179937541019171,guided,50.0,2.0
1219110.0,large,43.0,5.0,12.0,240.0,1.2,184.0,0;89;0;153;26,4;2;6;2;3,993.0,184.0,1.7500398501288146,guided,50.0,2.0
1219110.0,large,43.0,5.0,12.0,240.0,1.2,183.0,0;89;0;153;26,4;2;6;2;3,995.0,183.0,1.8116308408789337,guided,50.0,2.0
1219110.0,large,43.0,5.0,12.0,240.0,1.2,182.0,0;89;0;153;26,4;2;6;2;3,997.0,182.0,1.7255918332375586,guided,50.0,2.0
1219110.0,large,43.0,5.0,12.0,240.0,1.2,181.0,0;89;0;153;26,4;2;6;2;3,1005.0,181.0,1.744951558765024,guided,50.0,2.0
1219110.0,large,43.0,5.0,12.0,240.0,1.2,180.0,0;89;0;153;26,4;2;6;2;3,1005.0,180.0,1.7151081119664013,guided,50.0,2.0
1219110.0,large,43.0,5.0,12.0,240.0,1.2,179.0,0;89;0;153;26,4;2;6;2;3,997.0,179.0,1.66472872113809,guided,50.0,2.0
1219110.0,large,43.0,5.0,12.0,240.0,1.2,178.0,0;89;0;153;26,4;2;6;2;3,997.0,178.0,1.600621556630358,guided,50.0,2.0
1219110.0,large,43.0,5.0,12.0,240.0,1.2,177.0,0;89;0;153;26,4;2;6;2;3,991.0,177.0,1.6058463738299906,guided,50.0,2.0
1219110.0,large,43.0,5.0,12.0,240.0,1.2,176.0,0;89;0;153;26,4;2;6;2;3,991.0,176.0,1.5086543750949204,guided,50.0,2.0
1219110.0,large,43.0,5.0,12.0,240.0,1.2,175.0,0;89;0;153;26,4;2;6;2;3,1017.0,175.0,1.6090089199133217,guided,50.0,2.0
1219110.0,large,43.0,5.0,12.0,240.0,1.2,174.0,0;89;0;153;26,4;2;6;2;3,1029.0,174.0,1.561854048864916,guided,50.0,2.0
1219110.0,large,43.0,5.0,12.0,240.0,1.2,173.0,0;89;0;153;26,4;2;6;2;3,1029.0,173.0,1.4482467130292207,guided,50.0,2.0
1219110.0,large,43.0,5.0,12.0,240.0,1.2,172.0,0;89;0;153;26,4;2;6;2;3,1029.0,172.0,1.5043506068177521,guided,50.0,2.0
1219110.0,large,43.0,5.0,12.0,240.0,1.2,171.0,0;89;0;153;26,4;2;6;2;3,1033.0,171.0,1.5808335021138191,guided,50.0,2.0
1219110.0,large,43.0,5.0,12.0,240.0,1.2,170.0,0;89;0;153;26,4;2;6;2;3,1033.0,170.0,1.5495025583077222,guided,50.0,2.0
1219110.0,large,43.0,5.0,12.0,240.0,1.2,169.0,0;89;0;153;26,4;2;6;2;3,1033.0,169.0,1.526896130060777,guided,50.0,2.0
1219110.0,large,43.0,5.0,12.0,240.0,1.2,168.0,0;89;0;153;26,4;2;6;2;3,1033.0,168.0,1.4643341607879847,guided,50.0,2.0
1219110.0,large,43.0,5.0,12.0,240.0,1.2,167.0,0;89;0;153;26,4;2;6;2;3,1029.0,167.0,1.4429141120053828,guided,50.0,2.0
1219110.0,large,43.0,5.0,12.0,240.0,1.2,166.0,0;89;0;153;26,4;2;6;2;3,1029.0,166.0,1.4251324681099504,guided,50.0,2.0
1219110.0,large,43.0,5.0,12.0,240.0,1.2,165.0,0;89;0;153;26,4;2;6;2;3,1033.0,165.0,1.4614082891494036,guided,50.0,2.0
1219110.0,large,43.0,5.0,12.0,240.0,1.2,164.0,0;89;0;153;26,4;2;6;2;3,1033.0,164.0,1.4674220350570977,guided,50.0,2.0
1219110.0,large,43.0,5.0,12.0,240.0,1.2,163.0,0;89;0;153;26,4;2;6;2;3,1033.0,163.0,1.4036744991317391,guided,50.0,2.0
1219110.0,large,43.0,5.0,12.0,240.0,1.2,162.0,0;89;0;153;26,4;2;6;2;3,1033.0,162.0,1.2456851804163307,guided,50.0,2.0
1219110.0,large,43.0,5.0,12.0,240.0,1.2,161.0,0;89;0;153;26,4;2;6;2;3,1041.0,161.0,1.343970320187509,guided,50.0,2.0
1219110.0,large,43.0,5.0,12.0,240.0,1.2,160.0,0;89;0;153;26,4;2;6;2;3,1049.0,160.0,1.327618344919756,guided,50.0,2.0
1219110.0,large,43.0,5.0,12.0,240.0,1.2,159.0,0;89;0;153;26,4;2;6;2;3,1049.0,159.0,1.2957926969975233,guided,50.0,2.0
1219110.0,large,43.0,5.0,12.0,240.0,1.2,158.0,0;89;0;153;26,4;2;6;2;3,1053.0,158.0,1.3034149399027228,guided,50.0,2.0
1219110.0,large,43.0,5.0,12.0,240.0,1.2,157.0,0;89;0;153;26,4;2;6;2;3,1057.0,157.0,1.2865185330156237,guided,50.0,2.0
1219110.0,large,43.0,5.0,12.0,240.0,1.2,156.0,0;89;0;153;26,4;2;6;2;3,1061.0,156.0,1.252658963901922,guided,50.0,2.0
1219110.0,large,43.0,5.0,12.0,240.0,1.2,155.0,0;89;0;153;26,4;2;6;2;3,1061.0,155.0,1.2875723273027688,guided,50.0,2.0
1219110.0,large,43.0,5.0,12.0,240.0,1.2,154.0,0;89;0;153;26,4;2;6;2;3,1061.0,154.0,1.296961632790044,guided,50.0,2.0
1219110.0,large,43.0,5.0,12.0,240.0,1.2,153.0,0;89;0;153;26,4;2;6;2;3,1061.0,153.0,1.2834895052947104,guided,50.0,2.0
6717036.0,large,47.0,5.0,14.0,280.0,1.2,280.0,0;201;1;3;79,6;1;6;6;2,618.0,280.0,2.7330954123754054,guided,50.0,2.0
6717036.0,large,47.0,5.0,14.0,280.0,1.2,279.0,0;201;1;3;79,6;1;6;6;2,618.0,279.0,2.7299380907788873,guided,50.0,2.0
6717036.0,large,47.0,5.0,14.0,280.0,1.2,278.0,0;201;1;3;79,6;1;6;6;2,618.0,278.0,2.7343953349627554,guided,50.0,2.0
6717036.0,large,47.0,5.0,14.0,280.0,1.2,277.0,0;201;1;3;79,6;1;6;6;2,618.0,277.0,2.6042504529468715,guided,50.0,2.0
6717036.0,large,47.0,5.0,14.0,280.0,1.2,276.0,0;201;1;3;79,6;1;6;6;2,620.0,272.0,2.575180923100561,guided,50.0,2.0
6717036.0,large,47.0,5.0,14.0,280.0,1.2,271.0,0;201;1;3;79,6;1;6;6;2,640.0,271.0,2.796631472185254,guided,50.0,2.0
6717036.0,large,47.0,5.0,14.0,280.0,1.2,270.0,0;201;1;3;79,6;1;6;6;2,650.0,270.0,2.7729186459910125,guided,50.0,2.0
6717036.0,large,47.0,5.0,14.0,280.0,1.2,269.0,0;201;1;3;79,6;1;6;6;2,648.0,269.0,2.627894439967349,guided,50.0,2.0
6717036.0,large,47.0,5.0,14.0,280.0,1.2,268.0,0;201;1;3;79,6;1;6;6;2,650.0,268.0,2.8113306500017643,guided,50.0,2.0
6717036.0,large,47.0,5.0,14.0,280.0,1.2,267.0,0;201;1;3;79,6;1;6;6;2,648.0,267.0,2.715960405068472,guided,50.0,2.0
6717036.0,large,47.0,5.0,14.0,280.0,1.2,266.0,0;201;1;3;79,6;1;6;6;2,650.0,266.0,2.7457546358928084,guided,50.0,2.0
6717036.0,large,47.0,5.0,14.0,280.0,1.2,265.0,0;201;1;3;79,6;1;6;6;2,648.0,265.0,2.538298479747027,guided,50.0,2.0
6717036.0,large,47.0,5.0,14.0,280.0,1.2,264.0,0;201;1;3;79,6;1;6;6;2,644.0,264.0,2.5958171368110925,guided,50.0,2.0
6717036.0,large,47.0,5.0,14.0,280.0,1.2,263.0,0;201;1;3;79,6;1;6;6;2,645.0,263.0,2.6098323890473694,guided,50.0,2.0
6717036.0,large,47.0,5.0,14.0,280.0,1.2,262.0,0;201;1;3;79,6;1;6;6;2,648.0,262.0,2.6131042409688234,guided,50.0,2.0
6717036.0,large,47.0,5.0,14.0,280.0,1.2,261.0,0;201;1;3;79,6;1;6;6;2,649.0,261.0,2.610978894867003,guided,50.0,2.0
6717036.0,large,47.0,5.0,14.0,280.0,1.2,260.0,0;201;1;3;79,6;1;6;6;2,648.0,260.0,2.478864584583789,guided,50.0,2.0
6717036.0,large,47.0,5.0,14.0,280.0,1.2,259.0,0;201;1;3;79,6;1;6;6;2,650.0,259.0,2.526298541110009,guided,50.0,2.0
6717036.0,large,47.0,5.0,14.0,280.0,1.2,258.0,0;201;1;3;79,6;1;6;6;2,650.0,258.0,2.5637161682825536,guided,50.0,2.0
6717036.0,large,47.0,5.0,14.0,280.0,1.2,257.0,0;201;1;3;79,6;1;6;6;2,646.0,257.0,2.406896283850074,guided,50.0,2.0
6717036.0,large,47.0,5.0,14.0,280.0,1.2,256.0,0;201;1;3;79,6;1;6;6;2,656.0,256.0,2.3731768131256104,guided,50.0,2.0
6717036.0,large,47.0,5.0,14.0,280.0,1.2,255.0,0;201;1;3;79,6;1;6;6;2,656.0,255.0,2.445240007247776,guided,50.0,2.0
6717036.0,large,47.0,5.0,14.0,280.0,1.2,254.0,0;201;1;3;79,6;1;6;6;2,662.0,254.0,2.533358578570187,guided,50.0,2.0
6717036.0,large,47.0,5.0,14.0,280.0,1.2,253.0,0;201;1;3;79,6;1;6;6;2,670.0,253.0,2.377268353011459,guided,50.0,2.0
6717036.0,large,47.0,5.0,14.0,280.0,1.2,252.0,0;201;1;3;79,6;1;6;6;2,678.0,252.0,2.2944673281162977,guided,50.0,2.0
6717036.0,large,47.0,5.0,14.0,280.0,1.2,251.0,0;201;1;3;79,6;1;6;6;2,678.0,251.0,2.4357995786704123,guided,50.0,2.0
6717036.0,large,47.0,5.0,14.0,280.0,1.2,250.0,0;201;1;3;79,6;1;6;6;2,678.0,250.0,2.352438491769135,guided,50.0,2.0
6717036.0,large,47.0,5.0,14.0,280.0,1.2,249.0,0;201;1;3;79,6;1;6;6;2,676.0,249.0,2.249380159424618,guided,50.0,2.0
6717036.0,large,47.0,5.0,14.0,280.0,1.2,248.0,0;201;1;3;79,6;1;6;6;2,672.0,248.0,2.3592781459446996,guided,50.0,2.0
6717036.0,large,47.0,5.0,14.0,280.0,1.2,247.0,0;201;1;3;79,6;1;6;6;2,674.0,247.0,2.305027324007824,guided,50.0,2.0
6717036.0,large,47.0,5.0,14.0,280.0,1.2,246.0,0;201;1;3;79,6;1;6;6;2,674.0,246.0,2.385948097333312,guided,50.0,2.0
6717036.0,large,47.0,5.0,14.0,280.0,1.2,245.0,0;201;1;3;79,6;1;6;6;2,676.0,245.0,2.4000513809733093,guided,50.0,2.0
6717036.0,large,47.0,5.0,14.0,280.0,1.2,244.0,0;201;1;3;79,6;1;6;6;2,678.0,244.0,2.356130894040689,guided,50.0,2.0
6717036.0,large,47.0,5.0,14.0,280.0,1.2,243.0,0;201;1;3;79,6;1;6;6;2,677.0,243.0,2.338706459151581,guided,50.0,2.0
6717036.0,large,47.0,5.0,14.0,280.0,1.2,242.0,0;201;1;3;79,6;1;6;6;2,678.0,242.0,2.2682874009478837,guided,50.0,2.0
6717036.0,large,47.0,5.0,14.0,280.0,1.2,241.0,0;201;1;3;79,6;1;6;6;2,685.0,241.0,2.300700747175142,guided,50.0,2.0
6717036.0,large,47.0,5.0,14.0,280.0,1.2,240.0,0;201;1;3;79,6;1;6;6;2,676.0,240.0,2.195787969045341,guided,50.0,2.0
6717036.0,large,47.0,5.0,14.0,280.0,1.2,239.0,0;201;1;3;79,6;1;6;6;2,686.0,239.0,2.236356684938073,guided,50.0,2.0
6717036.0,large,47.0,5.0,14.0,280.0,1.2,238.0,0;201;1;3;79,6;1;6;6;2,678.0,238.0,2.2295990989077836,guided,50.0,2.0
6717036.0,large,47.0,5.0,14.0,280.0,1.2,237.0,0;201;1;3;79,6;1;6;6;2,680.0,237.0,2.262702164007351,guided,50.0,2.0
6717036.0,large,47.0,5.0,14.0,280.0,1.2,236.0,0;201;1;3;79,6;1;6;6;2,682.0,236.0,2.287969126366079,guided,50.0,2.0
6717036.0,large,47.0,5.0,14.0,280.0,1.2,235.0,0;201;1;3;79,6;1;6;6;2,684.0,235.0,2.086454910458997,guided,50.0,2.0
6717036.0,large,47.0,5.0,14.0,280.0,1.2,234.0,0;201;1;3;79,6;1;6;6;2,690.0,234.0,2.08722966699861,guided,50.0,2.0
6717036.0,large,47.0,5.0,14.0,280.0,1.2,233.0,0;201;1;3;79,6;1;6;6;2,690.0,233.0,2.103517798706889,guided,50.0,2.0
6717036.0,large,47.0,5.0,14.0,280.0,1.2,232.0,0;201;1;3;79,6;1;6;6;2,690.0,232.0,2.0914634843356907,guided,50.0,2.0
6717036.0,large,47.0,5.0,14.0,280.0,1.2,231.0,0;201;1;3;79,6;1;6;6;2,690.0,231.0,2.0492770727723837,guided,50.0,2.0
6717036.0,large,47.0,5.0,14.0,280.0,1.2,230.0,0;201;1;3;79,6;1;6;6;2,690.0,230.0,2.0071632633917034,guided,50.0,2.0
6717036.0,large,47.0,5.0,14.0,280.0,1.2,229.0,0;201;1;3;79,6;1;6;6;2,692.0,229.0,2.0852562251966447,guided,50.0,2.0
6717036.0,large,47.0,5.0,14.0,280.0,1.2,228.0,0;201;1;3;79,6;1;6;6;2,692.0,228.0,2.048559464979917,guided,50.0,2.0
6717036.0,large,47.0,5.0,14.0,280.0,1.2,227.0,0;201;1;3;79,6;1;6;6;2,692.0,227.0,2.0049823748413473,guided,50.0,2.0
6717036.0,large,47.0,5.0,14.0,280.0,1.2,226.0,0;201;1;3;79,6;1;6;6;2,690.0,226.0,1.9739061961881816,guided,50.0,2.0
6717036.0,large,47.0,5.0,14.0,280.0,1.2,225.0,0;201;1;3;79,6;1;6;6;2,692.0,225.0,1.9838995968457311,guided,50.0,2.0
6717036.0,large,47.0,5.0,14.0,280.0,1.2,224.0,0;201;1;3;79,6;1;6;6;2,692.0,224.0,1.9305350109934807,guided,50.0,2.0
6717036.0,large,47.0,5.0,14.0,280.0,1.2,223.0,0;201;1;3;79,6;1;6;6;2,693.0,223.0,1.9056020791176707,guided,50.0,2.0
6717036.0,large,47.0,5.0,14.0,280.0,1.2,222.0,0;201;1;3;79,6;1;6;6;2,702.0,222.0,1.8786298627965152,guided,50.0,2.0
6717036.0,large,47.0,5.0,14.0,280.0,1.2,221.0,0;201;1;3;79,6;1;6;6;2,705.0,221.0,1.8420945247635245,guided,50.0,2.0
6717036.0,large,47.0,5.0,14.0,280.0,1.2,220.0,0;201;1;3;79,6;1;6;6;2,706.0,220.0,1.767676018876955,guided,50.0,2.0
6717036.0,large,47.0,5.0,14.0,280.0,1.2,219.0,0;201;1;3;79,6;1;6;6;2,708.0,219.0,1.7928172419779003,guided,50.0,2.0
6717036.0,large,47.0,5.0,14.0,280.0,1.2,218.0,0;201;1;3;79,6;1;6;6;2,706.0,218.0,1.7525716968812048,guided,50.0,2.0
6717036.0,large,47.0,5.0,14.0,280.0,1.2,217.0,0;201;1;3;79,6;1;6;6;2,708.0,217.0,1.7730555387679487,guided,50.0,2.0
6717036.0,large,47.0,5.0,14.0,280.0,1.2,216.0,0;201;1;3;79,6;1;6;6;2,698.0,216.0,1.7256229892373085,guided,50.0,2.0
6717036.0,large,47.0,5.0,14.0,280.0,1.2,215.0,0;201;1;3;79,6;1;6;6;2,708.0,215.0,1.7700927159748971,guided,50.0,2.0
6717036.0,large,47.0,5.0,14.0,280.0,1.2,214.0,0;201;1;3;79,6;1;6;6;2,698.0,214.0,1.7408270202577114,guided,50.0,2.0
6717036.0,large,47.0,5.0,14.0,280.0,1.2,213.0,0;201;1;3;79,6;1;6;6;2,696.0,213.0,1.7067346428520977,guided,50.0,2.0
6717036.0,large,47.0,5.0,14.0,280.0,1.2,212.0,0;201;1;3;79,6;1;6;6;2,696.0,212.0,1.7984926539938897,guided,50.0,2.0
6717036.0,large,47.0,5.0,14.0,280.0,1.2,211.0,0;201;1;3;79,6;1;6;6;2,696.0,211.0,1.7492282220628113,guided,50.0,2.0
6717036.0,large,47.0,5.0,14.0,280.0,1.2,210.0,0;201;1;3;79,6;1;6;6;2,696.0,210.0,1.7618512478657067,guided,50.0,2.0
6717036.0,large,47.0,5.0,14.0,280.0,1.2,209.0,0;201;1;3;79,6;1;6;6;2,696.0,209.0,1.7596893270965666,guided,50.0,2.0
6717036.0,large,47.0,5.0,14.0,280.0,1.2,208.0,0;201;1;3;79,6;1;6;6;2,696.0,208.0,1.7286096473690122,guided,50.0,2.0
6717036.0,large,47.0,5.0,14.0,280.0,1.2,207.0,0;201;1;3;79,6;1;6;6;2,696.0,207.0,1.711595899425447,guided,50.0,2.0
6717036.0,large,47.0,5.0,14.0,280.0,1.2,206.0,0;201;1;3;79,6;1;6;6;2,698.0,206.0,1.656203243881464,guided,50.0,2.0
6717036.0,large,47.0,5.0,14.0,280.0,1.2,205.0,0;201;1;3;79,6;1;6;6;2,698.0,205.0,1.658988431096077,guided,50.0,2.0
6717036.0,large,47.0,5.0,14.0,280.0,1.2,204.0,0;201;1;3;79,6;1;6;6;2,700.0,204.0,1.651940539246425,guided,50.0,2.0
6717036.0,large,47.0,5.0,14.0,280.0,1.2,203.0,0;201;1;3;79,6;1;6;6;2,711.0,203.0,1.6236999058164656,guided,50.0,2.0
6717036.0,large,47.0,5.0,14.0,280.0,1.2,202.0,0;201;1;3;79,6;1;6;6;2,714.0,202.0,1.574344330932945,guided,50.0,2.0
6717036.0,large,47.0,5.0,14.0,280.0,1.2,201.0,0;201;1;3;79,6;1;6;6;2,717.0,201.0,1.530237807892263,guided,50.0,2.0
5522391.0,large,46.0,5.0,12.0,240.0,1.2,240.0,232;21;9;12;9,1;4;4;5;5,836.0,240.0,1.7766721283551306,guided,50.0,2.0
5522391.0,large,46.0,5.0,12.0,240.0,1.2,239.0,232;21;9;12;9,1;4;4;5;5,836.0,239.0,1.7291577919386327,guided,50.0,2.0
5522391.0,large,46.0,5.0,12.0,240.0,1.2,238.0,232;21;9;12;9,1;4;4;5;5,836.0,238.0,1.7072768369689584,guided,50.0,2.0
5522391.0,large,46.0,5.0,12.0,240.0,1.2,237.0,232;21;9;12;9,1;4;4;5;5,838.0,237.0,1.682305701309815,guided,50.0,2.0
5522391.0,large,46.0,5.0,12.0,240.0,1.2,236.0,232;21;9;12;9,1;4;4;5;5,838.0,236.0,1.6095690065994859,guided,50.0,2.0
5522391.0,large,46.0,5.0,12.0,240.0,1.2,235.0,232;21;9;12;9,1;4;4;5;5,838.0,235.0,1.6676339039113373,guided,50.0,2.0
5522391.0,large,46.0,5.0,12.0,240.0,1.2,234.0,232;21;9;12;9,1;4;4;5;5,838.0,234.0,1.673108700895682,guided,50.0,2.0
5522391.0,large,46.0,5.0,12.0,240.0,1.2,233.0,232;21;9;12;9,1;4;4;5;5,838.0,233.0,1.6194545440375805,guided,50.0,2.0
5522391.0,large,46.0,5.0,12.0,240.0,1.2,232.0,232;21;9;12;9,1;4;4;5;5,838.0,232.0,1.5691956486552954,guided,50.0,2.0
1370812.0,large,49.0,5.0,10.0,200.0,1.2,200.0,0;7;33;176;97,5;3;3;1;1,678.0,200.0,1.617246022215113,guided,50.0,2.0
1370812.0,large,49.0,5.0,10.0,200.0,1.2,199.0,0;7;33;176;97,5;3;3;1;1,678.0,199.0,1.570792840095237,guided,50.0,2.0
1370812.0,large,49.0,5.0,10.0,200.0,1.2,198.0,0;7;33;176;97,5;3;3;1;1,680.0,198.0,1.548273806925863,guided,50.0,2.0
1370812.0,large,49.0,5.0,10.0,200.0,1.2,197.0,0;7;33;176;97,5;3;3;1;1,676.0,197.0,1.5755321239121258,guided,50.0,2.0
1370812.0,large,49.0,5.0,10.0,200.0,1.2,196.0,0;7;33;176;97,5;3;3;1;1,677.0,196.0,1.4794823250267655,guided,50.0,2.0
1370812.0,large,49.0,5.0,10.0,200.0,1.2,195.0,0;7;33;176;97,5;3;3;1;1,682.0,195.0,1.4414064788725227,guided,50.0,2.0
1370812.0,large,49.0,5.0,10.0,200.0,1.2,194.0,0;7;33;176;97,5;3;3;1;1,683.0,194.0,1.513275622855872,guided,50.0,2.0
1370812.0,large,49.0,5.0,10.0,200.0,1.2,193.0,0;7;33;176;97,5;3;3;1;1,682.0,193.0,1.5414025732316077,guided,50.0,2.0
1370812.0,large,49.0,5.0,10.0,200.0,1.2,192.0,0;7;33;176;97,5;3;3;1;1,682.0,192.0,1.5911907409317791,guided,50.0,2.0
1370812.0,large,49.0,5.0,10.0,200.0,1.2,191.0,0;7;33;176;97,5;3;3;1;1,681.0,191.0,1.5592186353169382,guided,50.0,2.0
1370812.0,large,49.0,5.0,10.0,200.0,1.2,190.0,0;7;33;176;97,5;3;3;1;1,681.0,190.0,1.430119568714872,guided,50.0,2.0
1370812.0,large,49.0,5.0,10.0,200.0,1.2,189.0,0;7;33;176;97,5;3;3;1;1,682.0,189.0,1.5254537279251963,guided,50.0,2.0
1370812.0,large,49.0,5.0,10.0,200.0,1.2,188.0,0;7;33;176;97,5;3;3;1;1,682.0,188.0,1.428159613860771,guided,50.0,2.0
1370812.0,large,49.0,5.0,10.0,200.0,1.2,187.0,0;7;33;176;97,5;3;3;1;1,684.0,187.0,1.4544823169708252,guided,50.0,2.0
1370812.0,large,49.0,5.0,10.0,200.0,1.2,186.0,0;7;33;176;97,5;3;3;1;1,682.0,186.0,1.3239936577156186,guided,50.0,2.0
1370812.0,large,49.0,5.0,10.0,200.0,1.2,185.0,0;7;33;176;97,5;3;3;1;1,683.0,185.0,1.3218446939717978,guided,50.0,2.0
1370812.0,large,49.0,5.0,10.0,200.0,1.2,184.0,0;7;33;176;97,5;3;3;1;1,683.0,184.0,1.3749476918019354,guided,50.0,2.0
1370812.0,large,49.0,5.0,10.0,200.0,1.2,183.0,0;7;33;176;97,5;3;3;1;1,684.0,183.0,1.3378021391108632,guided,50.0,2.0
1370812.0,large,49.0,5.0,10.0,200.0,1.2,182.0,0;7;33;176;97,5;3;3;1;1,687.0,182.0,1.3730021493975073,guided,50.0,2.0
1370812.0,large,49.0,5.0,10.0,200.0,1.2,181.0,0;7;33;176;97,5;3;3;1;1,691.0,181.0,1.378262413199991,guided,50.0,2.0
1370812.0,large,49.0,5.0,10.0,200.0,1.2,180.0,0;7;33;176;97,5;3;3;1;1,695.0,180.0,1.3470196989364922,guided,50.0,2.0
1370812.0,large,49.0,5.0,10.0,200.0,1.2,179.0,0;7;33;176;97,5;3;3;1;1,696.0,179.0,1.3033930577803403,guided,50.0,2.0
1370812.0,large,49.0,5.0,10.0,200.0,1.2,178.0,0;7;33;176;97,5;3;3;1;1,700.0,178.0,1.2752902656793594,guided,50.0,2.0
1370812.0,large,49.0,5.0,10.0,200.0,1.2,177.0,0;7;33;176;97,5;3;3;1;1,701.0,177.0,1.2331191562116146,guided,50.0,2.0
1370812.0,large,49.0,5.0,10.0,200.0,1.2,176.0,0;7;33;176;97,5;3;3;1;1,704.0,176.0,1.2053272649645805,guided,50.0,2.0
7072208.0,large,37.0,5.0,11.0,220.0,1.2,220.0,61;0;10;143;27,2;6;5;1;3,626.0,206.0,1.4847795409150422,guided,50.0,2.0
7072208.0,large,37.0,5.0,11.0,220.0,1.2,205.0,61;0;10;143;27,2;6;5;1;3,628.0,204.0,1.4993789652362466,guided,50.0,2.0
7072208.0,large,37.0,5.0,11.0,220.0,1.2,203.0,61;0;10;143;27,2;6;5;1;3,633.0,203.0,1.4513535010628402,guided,50.0,2.0
7072208.0,large,37.0,5.0,11.0,220.0,1.2,202.0,61;0;10;143;27,2;6;5;1;3,630.0,202.0,1.4657293271739036,guided,50.0,2.0
7072208.0,large,37.0,5.0,11.0,220.0,1.2,201.0,61;0;10;143;27,2;6;5;1;3,631.0,201.0,1.4450795841403306,guided,50.0,2.0
7072208.0,large,37.0,5.0,11.0,220.0,1.2,200.0,61;0;10;143;27,2;6;5;1;3,638.0,190.0,1.427716214908287,guided,50.0,2.0
7072208.0,large,37.0,5.0,11.0,220.0,1.2,189.0,61;0;10;143;27,2;6;5;1;3,652.0,189.0,1.4653279676567763,guided,50.0,2.0
7072208.0,large,37.0,5.0,11.0,220.0,1.2,188.0,61;0;10;143;27,2;6;5;1;3,656.0,188.0,1.395521866157651,guided,50.0,2.0
7072208.0,large,37.0,5.0,11.0,220.0,1.2,187.0,61;0;10;143;27,2;6;5;1;3,656.0,187.0,1.339144729776308,guided,50.0,2.0
7072208.0,large,37.0,5.0,11.0,220.0,1.2,186.0,61;0;10;143;27,2;6;5;1;3,650.0,186.0,1.3529291374143213,guided,50.0,2.0
7072208.0,large,37.0,5.0,11.0,220.0,1.2,185.0,61;0;10;143;27,2;6;5;1;3,654.0,185.0,1.3920325166545808,guided,50.0,2.0
7072208.0,large,37.0,5.0,11.0,220.0,1.2,184.0,61;0;10;143;27,2;6;5;1;3,646.0,184.0,1.4067665881011635,guided,50.0,2.0
7072208.0,large,37.0,5.0,11.0,220.0,1.2,183.0,61;0;10;143;27,2;6;5;1;3,655.0,183.0,1.3794790569227189,guided,50.0,2.0
7072208.0,large,37.0,5.0,11.0,220.0,1.2,182.0,61;0;10;143;27,2;6;5;1;3,656.0,182.0,1.3410224528051913,guided,50.0,2.0
7072208.0,large,37.0,5.0,11.0,220.0,1.2,181.0,61;0;10;143;27,2;6;5;1;3,659.0,181.0,1.256561428308487,guided,50.0,2.0
7072208.0,large,37.0,5.0,11.0,220.0,1.2,180.0,61;0;10;143;27,2;6;5;1;3,658.0,180.0,1.3107371802907437,guided,50.0,2.0
7072208.0,large,37.0,5.0,11.0,220.0,1.2,179.0,61;0;10;143;27,2;6;5;1;3,656.0,179.0,1.3925049619283527,guided,50.0,2.0
7072208.0,large,37.0,5.0,11.0,220.0,1.2,178.0,61;0;10;143;27,2;6;5;1;3,652.0,178.0,1.2375707009341568,guided,50.0,2.0
7072208.0,large,37.0,5.0,11.0,220.0,1.2,177.0,61;0;10;143;27,2;6;5;1;3,656.0,177.0,1.202923682751134,guided,50.0,2.0
7072208.0,large,37.0,5.0,11.0,220.0,1.2,176.0,61;0;10;143;27,2;6;5;1;3,650.0,172.0,1.1449168743565679,guided,50.0,2.0
7072208.0,large,37.0,5.0,11.0,220.0,1.2,171.0,61;0;10;143;27,2;6;5;1;3,682.0,171.0,1.224711196962744,guided,50.0,2.0
7072208.0,large,37.0,5.0,11.0,220.0,1.2,170.0,61;0;10;143;27,2;6;5;1;3,678.0,170.0,1.161793856183067,guided,50.0,2.0
7072208.0,large,37.0,5.0,11.0,220.0,1.2,169.0,61;0;10;143;27,2;6;5;1;3,680.0,169.0,1.2135476311668754,guided,50.0,2.0
7072208.0,large,37.0,5.0,11.0,220.0,1.2,168.0,61;0;10;143;27,2;6;5;1;3,684.0,168.0,1.2272815401665866,guided,50.0,2.0
7072208.0,large,37.0,5.0,11.0,220.0,1.2,167.0,61;0;10;143;27,2;6;5;1;3,678.0,167.0,1.2060934922192246,guided,50.0,2.0
7072208.0,large,37.0,5.0,11.0,220.0,1.2,166.0,61;0;10;143;27,2;6;5;1;3,678.0,166.0,1.2138662748038769,guided,50.0,2.0
7072208.0,large,37.0,5.0,11.0,220.0,1.2,165.0,61;0;10;143;27,2;6;5;1;3,678.0,165.0,1.1758024841547012,guided,50.0,2.0
7072208.0,large,37.0,5.0,11.0,220.0,1.2,164.0,61;0;10;143;27,2;6;5;1;3,684.0,164.0,1.0914651167113334,guided,50.0,2.0
7072208.0,large,37.0,5.0,11.0,220.0,1.2,163.0,61;0;10;143;27,2;6;5;1;3,687.0,163.0,1.1032372161280364,guided,50.0,2.0
7072208.0,large,37.0,5.0,11.0,220.0,1.2,162.0,61;0;10;143;27,2;6;5;1;3,682.0,162.0,1.1575146168470383,guided,50.0,2.0
7072208.0,large,37.0,5.0,11.0,220.0,1.2,161.0,61;0;10;143;27,2;6;5;1;3,681.0,161.0,1.0781330768950284,guided,50.0,2.0
7072208.0,large,37.0,5.0,11.0,220.0,1.2,160.0,61;0;10;143;27,2;6;5;1;3,680.0,160.0,1.0904717240482569,guided,50.0,2.0
7072208.0,large,37.0,5.0,11.0,220.0,1.2,159.0,61;0;10;143;27,2;6;5;1;3,680.0,159.0,1.0252789699006826,guided,50.0,2.0
7072208.0,large,37.0,5.0,11.0,220.0,1.2,158.0,61;0;10;143;27,2;6;5;1;3,680.0,158.0,1.0359763950109482,guided,50.0,2.0
7072208.0,large,37.0,5.0,11.0,220.0,1.2,157.0,61;0;10;143;27,2;6;5;1;3,682.0,157.0,1.0300639711786062,guided,50.0,2.0
7072208.0,large,37.0,5.0,11.0,220.0,1.2,156.0,61;0;10;143;27,2;6;5;1;3,684.0,156.0,1.019356400705874,guided,50.0,2.0
7072208.0,large,37.0,5.0,11.0,220.0,1.2,155.0,61;0;10;143;27,2;6;5;1;3,686.0,155.0,0.9876048187725246,guided,50.0,2.0
7072208.0,large,37.0,5.0,11.0,220.0,1.2,154.0,61;0;10;143;27,2;6;5;1;3,688.0,154.0,0.9178526471368968,guided,50.0,2.0
7072208.0,large,37.0,5.0,11.0,220.0,1.2,153.0,61;0;10;143;27,2;6;5;1;3,686.0,153.0,1.0537137840874493,guided,50.0,2.0
7072208.0,large,37.0,5.0,11.0,220.0,1.2,152.0,61;0;10;143;27,2;6;5;1;3,692.0,152.0,1.085663503035903,guided,50.0,2.0
7072208.0,large,37.0,5.0,11.0,220.0,1.2,151.0,61;0;10;143;27,2;6;5;1;3,688.0,151.0,0.9146473223809153,guided,50.0,2.0
7072208.0,large,37.0,5.0,11.0,220.0,1.2,150.0,61;0;10;143;27,2;6;5;1;3,684.0,150.0,0.9745513282250613,guided,50.0,2.0
7072208.0,large,37.0,5.0,11.0,220.0,1.2,149.0,61;0;10;143;27,2;6;5;1;3,690.0,149.0,1.0034960934426636,guided,50.0,2.0
7072208.0,large,37.0,5.0,11.0,220.0,1.2,148.0,61;0;10;143;27,2;6;5;1;3,686.0,148.0,0.9419761346653104,guided,50.0,2.0
7072208.0,large,37.0,5.0,11.0,220.0,1.2,147.0,61;0;10;143;27,2;6;5;1;3,692.0,147.0,0.9750728609506041,guided,50.0,2.0
7072208.0,large,37.0,5.0,11.0,220.0,1.2,146.0,61;0;10;143;27,2;6;5;1;3,690.0,146.0,0.972210869891569,guided,50.0,2.0
7072208.0,large,37.0,5.0,11.0,220.0,1.2,145.0,61;0;10;143;27,2;6;5;1;3,698.0,145.0,0.948470015078783,guided,50.0,2.0
7072208.0,large,37.0,5.0,11.0,220.0,1.2,144.0,61;0;10;143;27,2;6;5;1;3,698.0,144.0,0.9231272379402071,guided,50.0,2.0
7072208.0,large,37.0,5.0,11.0,220.0,1.2,143.0,61;0;10;143;27,2;6;5;1;3,703.0,143.0,0.8663352117873728,guided,50.0,2.0
8064167.0,large,54.0,5.0,11.0,220.0,1.2,220.0,21;21;28;215;84,5;6;5;3;4,2490.0,220.0,1.637009388068691,guided,50.0,2.0
8064167.0,large,54.0,5.0,11.0,220.0,1.2,219.0,21;21;28;215;84,5;6;5;3;4,2482.0,219.0,1.631538380170241,guided,50.0,2.0
8064167.0,large,54.0,5.0,11.0,220.0,1.2,218.0,21;21;28;215;84,5;6;5;3;4,2496.0,218.0,1.6127316048368812,guided,50.0,2.0
8064167.0,large,54.0,5.0,11.0,220.0,1.2,217.0,21;21;28;215;84,5;6;5;3;4,2502.0,217.0,1.6131509360857308,guided,50.0,2.0
8064167.0,large,54.0,5.0,11.0,220.0,1.2,216.0,21;21;28;215;84,5;6;5;3;4,2508.0,216.0,1.563661547144875,guided,50.0,2.0
8064167.0,large,54.0,5.0,11.0,220.0,1.2,215.0,21;21;28;215;84,5;6;5;3;4,2508.0,215.0,1.53649038891308,guided,50.0,2.0
6681288.0,large,44.0,5.0,13.0,260.0,1.2,260.0,12;42;260;4;10,5;2;1;6;5,902.0,260.0,1.6569444027263671,guided,50.0,2.0
1383936.0,large,55.0,5.0,12.0,240.0,1.2,240.0,0;168;14;137;17,6;3;5;3;5,1772.0,231.0,3.0648275029379874,guided,50.0,2.0
1383936.0,large,55.0,5.0,12.0,240.0,1.2,230.0,0;168;14;137;17,6;3;5;3;5,1814.0,230.0,3.0963792169932276,guided,50.0,2.0
1383936.0,large,55.0,5.0,12.0,240.0,1.2,229.0,0;168;14;137;17,6;3;5;3;5,1820.0,229.0,3.149416559142992,guided,50.0,2.0
1383936.0,large,55.0,5.0,12.0,240.0,1.2,228.0,0;168;14;137;17,6;3;5;3;5,1826.0,228.0,3.1399922291748226,guided,50.0,2.0
1383936.0,large,55.0,5.0,12.0,240.0,1.2,227.0,0;168;14;137;17,6;3;5;3;5,1832.0,227.0,3.141642909264192,guided,50.0,2.0
1383936.0,large,55.0,5.0,12.0,240.0,1.2,226.0,0;168;14;137;17,6;3;5;3;5,1832.0,226.0,3.1322726311627775,guided,50.0,2.0
1383936.0,large,55.0,5.0,12.0,240.0,1.2,225.0,0;168;14;137;17,6;3;5;3;5,1832.0,225.0,3.1132850139401853,guided,50.0,2.0
1383936.0,large,55.0,5.0,12.0,240.0,1.2,224.0,0;168;14;137;17,6;3;5;3;5,1838.0,224.0,3.0799922100268304,guided,50.0,2.0
1383936.0,large,55.0,5.0,12.0,240.0,1.2,223.0,0;168;14;137;17,6;3;5;3;5,1832.0,223.0,2.932383057894185,guided,50.0,2.0
1383936.0,large,55.0,5.0,12.0,240.0,1.2,222.0,0;168;14;137;17,6;3;5;3;5,1832.0,222.0,2.9327612197957933,guided,50.0,2.0
1383936.0,large,55.0,5.0,12.0,240.0,1.2,221.0,0;168;14;137;17,6;3;5;3;5,1814.0,221.0,2.83953110082075,guided,50.0,2.0
1383936.0,large,55.0,5.0,12.0,240.0,1.2,220.0,0;168;14;137;17,6;3;5;3;5,1826.0,220.0,2.8670266720000654,guided,50.0,2.0
1383936.0,large,55.0,5.0,12.0,240.0,1.2,219.0,0;168;14;137;17,6;3;5;3;5,1832.0,219.0,2.8907747669145465,guided,50.0,2.0
1383936.0,large,55.0,5.0,12.0,240.0,1.2,218.0,0;168;14;137;17,6;3;5;3;5,1832.0,218.0,2.8861064822413027,guided,50.0,2.0
1383936.0,large,55.0,5.0,12.0,240.0,1.2,217.0,0;168;14;137;17,6;3;5;3;5,1838.0,217.0,2.849612736143172,guided,50.0,2.0
1383936.0,large,55.0,5.0,12.0,240.0,1.2,216.0,0;168;14;137;17,6;3;5;3;5,1838.0,216.0,2.7787902923300862,guided,50.0,2.0
1383936.0,large,55.0,5.0,12.0,240.0,1.2,215.0,0;168;14;137;17,6;3;5;3;5,1850.0,215.0,2.811392361065373,guided,50.0,2.0
1383936.0,large,55.0,5.0,12.0,240.0,1.2,214.0,0;168;14;137;17,6;3;5;3;5,1886.0,214.0,2.9068836711812764,guided,50.0,2.0
1383936.0,large,55.0,5.0,12.0,240.0,1.2,213.0,0;168;14;137;17,6;3;5;3;5,1916.0,213.0,2.9382035166490823,guided,50.0,2.0
1383936.0,large,55.0,5.0,12.0,240.0,1.2,212.0,0;168;14;137;17,6;3;5;3;5,1922.0,212.0,2.752690653083846,guided,50.0,2.0
1383936.0,large,55.0,5.0,12.0,240.0,1.2,211.0,0;168;14;137;17,6;3;5;3;5,1928.0,211.0,2.842420649016276,guided,50.0,2.0
1383936.0,large,55.0,5.0,12.0,240.0,1.2,210.0,0;168;14;137;17,6;3;5;3;5,1934.0,210.0,2.8060930490028113,guided,50.0,2.0
1383936.0,large,55.0,5.0,12.0,240.0,1.2,209.0,0;168;14;137;17,6;3;5;3;5,1934.0,209.0,2.840661016991362,guided,50.0,2.0
1383936.0,large,55.0,5.0,12.0,240.0,1.2,208.0,0;168;14;137;17,6;3;5;3;5,1940.0,208.0,2.7647492720279843,guided,50.0,2.0
1383936.0,large,55.0,5.0,12.0,240.0,1.2,207.0,0;168;14;137;17,6;3;5;3;5,1940.0,207.0,2.7093791821971536,guided,50.0,2.0
1383936.0,large,55.0,5.0,12.0,240.0,1.2,206.0,0;168;14;137;17,6;3;5;3;5,1928.0,206.0,2.648482947377488,guided,50.0,2.0
1383936.0,large,55.0,5.0,12.0,240.0,1.2,205.0,0;168;14;137;17,6;3;5;3;5,1928.0,205.0,2.6781118917278945,guided,50.0,2.0
1383936.0,large,55.0,5.0,12.0,240.0,1.2,204.0,0;168;14;137;17,6;3;5;3;5,1928.0,204.0,2.602632172172889,guided,50.0,2.0
1383936.0,large,55.0,5.0,12.0,240.0,1.2,203.0,0;168;14;137;17,6;3;5;3;5,1910.0,203.0,2.6423992270138115,guided,50.0,2.0
1383936.0,large,55.0,5.0,12.0,240.0,1.2,202.0,0;168;14;137;17,6;3;5;3;5,1922.0,202.0,2.617077408824116,guided,50.0,2.0
1383936.0,large,55.0,5.0,12.0,240.0,1.2,201.0,0;168;14;137;17,6;3;5;3;5,1928.0,201.0,2.6175873395986855,guided,50.0,2.0
1383936.0,large,55.0,5.0,12.0,240.0,1.2,200.0,0;168;14;137;17,6;3;5;3;5,1940.0,200.0,2.605433360906318,guided,50.0,2.0
1383936.0,large,55.0,5.0,12.0,240.0,1.2,199.0,0;168;14;137;17,6;3;5;3;5,1940.0,199.0,2.5266227647662163,guided,50.0,2.0
1383936.0,large,55.0,5.0,12.0,240.0,1.2,198.0,0;168;14;137;17,6;3;5;3;5,1946.0,198.0,2.4990027595777065,guided,50.0,2.0
1383936.0,large,55.0,5.0,12.0,240.0,1.2,197.0,0;168;14;137;17,6;3;5;3;5,1946.0,197.0,2.4415526571683586,guided,50.0,2.0
1383936.0,large,55.0,5.0,12.0,240.0,1.2,196.0,0;168;14;137;17,6;3;5;3;5,1952.0,196.0,2.4683172029908746,guided,50.0,2.0
1383936.0,large,55.0,5.0,12.0,240.0,1.2,195.0,0;168;14;137;17,6;3;5;3;5,1964.0,195.0,2.4792946020606905,guided,50.0,2.0
1383936.0,large,55.0,5.0,12.0,240.0,1.2,194.0,0;168;14;137;17,6;3;5;3;5,1970.0,194.0,2.3794663010630757,guided,50.0,2.0
1383936.0,large,55.0,5.0,12.0,240.0,1.2,193.0,0;168;14;137;17,6;3;5;3;5,1988.0,193.0,2.459555577253923,guided,50.0,2.0
1383936.0,large,55.0,5.0,12.0,240.0,1.2,192.0,0;168;14;137;17,6;3;5;3;5,2006.0,192.0,2.4672111617401242,guided,50.0,2.0
1383936.0,large,55.0,5.0,12.0,240.0,1.2,191.0,0;168;14;137;17,6;3;5;3;5,2006.0,191.0,2.4528632215224206,guided,50.0,2.0
1383936.0,large,55.0,5.0,12.0,240.0,1.2,190.0,0;168;14;137;17,6;3;5;3;5,2006.0,190.0,2.417251508217305,guided,50.0,2.0
1383936.0,large,55.0,5.0,12.0,240.0,1.2,189.0,0;168;14;137;17,6;3;5;3;5,2006.0,189.0,2.3569887531921268,guided,50.0,2.0
1383936.0,large,55.0,5.0,12.0,240.0,1.2,188.0,0;168;14;137;17,6;3;5;3;5,2012.0,188.0,2.358677447307855,guided,50.0,2.0
1383936.0,large,55.0,5.0,12.0,240.0,1.2,187.0,0;168;14;137;17,6;3;5;3;5,2000.0,187.0,2.2893305704928935,guided,50.0,2.0
1383936.0,large,55.0,5.0,12.0,240.0,1.2,186.0,0;168;14;137;17,6;3;5;3;5,1994.0,186.0,2.1403082800097764,guided,50.0,2.0
1383936.0,large,55.0,5.0,12.0,240.0,1.2,185.0,0;168;14;137;17,6;3;5;3;5,2006.0,185.0,2.204035078175366,guided,50.0,2.0
1383936.0,large,55.0,5.0,12.0,240.0,1.2,184.0,0;168;14;137;17,6;3;5;3;5,2012.0,184.0,2.202798239188269,guided,50.0,2.0
1383936.0,large,55.0,5.0,12.0,240.0,1.2,183.0,0;168;14;137;17,6;3;5;3;5,2018.0,183.0,2.1746035371907055,guided,50.0,2.0
1383936.0,large,55.0,5.0,12.0,240.0,1.2,182.0,0;168;14;137;17,6;3;5;3;5,2024.0,182.0,2.176986750913784,guided,50.0,2.0
1383936.0,large,55.0,5.0,12.0,240.0,1.2,181.0,0;168;14;137;17,6;3;5;3;5,2024.0,181.0,2.0658421518746763,guided,50.0,2.0
1383936.0,large,55.0,5.0,12.0,240.0,1.2,180.0,0;168;14;137;17,6;3;5;3;5,2036.0,180.0,2.1168016598094255,guided,50.0,2.0
1383936.0,large,55.0,5.0,12.0,240.0,1.2,179.0,0;168;14;137;17,6;3;5;3;5,2024.0,179.0,2.03215463925153,guided,50.0,2.0
1383936.0,large,55.0,5.0,12.0,240.0,1.2,178.0,0;168;14;137;17,6;3;5;3;5,2024.0,178.0,2.0898757157847285,guided,50.0,2.0
1383936.0,large,55.0,5.0,12.0,240.0,1.2,177.0,0;168;14;137;17,6;3;5;3;5,2006.0,177.0,1.9791316129267216,guided,50.0,2.0
1383936.0,large,55.0,5.0,12.0,240.0,1.2,176.0,0;168;14;137;17,6;3;5;3;5,2012.0,176.0,1.8955285879783332,guided,50.0,2.0
1383936.0,large,55.0,5.0,12.0,240.0,1.2,175.0,0;168;14;137;17,6;3;5;3;5,2048.0,175.0,2.015307345893234,guided,50.0,2.0
1383936.0,large,55.0,5.0,12.0,240.0,1.2,174.0,0;168;14;137;17,6;3;5;3;5,2066.0,174.0,1.98307132627815,guided,50.0,2.0
1383936.0,large,55.0,5.0,12.0,240.0,1.2,173.0,0;168;14;137;17,6;3;5;3;5,2078.0,173.0,1.9278823537752032,guided,50.0,2.0
1383936.0,large,55.0,5.0,12.0,240.0,1.2,172.0,0;168;14;137;17,6;3;5;3;5,2108.0,172.0,1.9206840416882187,guided,50.0,2.0
1383936.0,large,55.0,5.0,12.0,240.0,1.2,171.0,0;168;14;137;17,6;3;5;3;5,2120.0,171.0,1.9137002499774098,guided,50.0,2.0
1383936.0,large,55.0,5.0,12.0,240.0,1.2,170.0,0;168;14;137;17,6;3;5;3;5,2114.0,170.0,1.9034977636765689,guided,50.0,2.0
1383936.0,large,55.0,5.0,12.0,240.0,1.2,169.0,0;168;14;137;17,6;3;5;3;5,2114.0,169.0,1.7962007445748895,guided,50.0,2.0
1383936.0,large,55.0,5.0,12.0,240.0,1.2,168.0,0;168;14;137;17,6;3;5;3;5,2126.0,168.0,1.7895860529970378,guided,50.0,2.0
9311497.0,large,39.0,5.0,12.0,240.0,1.2,240.0,0;6;0;7;213,6;5;6;5;2,984.0,240.0,1.4352420936338603,guided,50.0,2.0
9311497.0,large,39.0,5.0,12.0,240.0,1.2,239.0,0;6;0;7;213,6;5;6;5;2,976.0,239.0,1.5763169010169804,guided,50.0,2.0
9311497.0,large,39.0,5.0,12.0,240.0,1.2,238.0,0;6;0;7;213,6;5;6;5;2,980.0,238.0,1.5336762119550258,guided,50.0,2.0
9311497.0,large,39.0,5.0,12.0,240.0,1.2,237.0,0;6;0;7;213,6;5;6;5;2,984.0,237.0,1.56490697292611,guided,50.0,2.0
9311497.0,large,39.0,5.0,12.0,240.0,1.2,236.0,0;6;0;7;213,6;5;6;5;2,984.0,236.0,1.538875223370269,guided,50.0,2.0
9311497.0,large,39.0,5.0,12.0,240.0,1.2,235.0,0;6;0;7;213,6;5;6;5;2,984.0,235.0,1.518048502271995,guided,50.0,2.0
9311497.0,large,39.0,5.0,12.0,240.0,1.2,234.0,0;6;0;7;213,6;5;6;5;2,984.0,234.0,1.4774949687998742,guided,50.0,2.0
9311497.0,large,39.0,5.0,12.0,240.0,1.2,233.0,0;6;0;7;213,6;5;6;5;2,984.0,233.0,1.4432241281028837,guided,50.0,2.0
9311497.0,large,39.0,5.0,12.0,240.0,1.2,232.0,0;6;0;7;213,6;5;6;5;2,984.0,232.0,1.4236289381515235,guided,50.0,2.0
9311497.0,large,39.0,5.0,12.0,240.0,1.2,231.0,0;6;0;7;213,6;5;6;5;2,984.0,231.0,1.3894519510213286,guided,50.0,2.0
9311497.0,large,39.0,5.0,12.0,240.0,1.2,230.0,0;6;0;7;213,6;5;6;5;2,984.0,230.0,1.3759726260323077,guided,50.0,2.0
9311497.0,large,39.0,5.0,12.0,240.0,1.2,229.0,0;6;0;7;213,6;5;6;5;2,988.0,229.0,1.364850171143189,guided,50.0,2.0
9311497.0,large,39.0,5.0,12.0,240.0,1.2,228.0,0;6;0;7;213,6;5;6;5;2,988.0,228.0,1.401483346009627,guided,50.0,2.0
9311497.0,large,39.0,5.0,12.0,240.0,1.2,227.0,0;6;0;7;213,6;5;6;5;2,988.0,227.0,1.3676443782169372,guided,50.0,2.0
9311497.0,large,39.0,5.0,12.0,240.0,1.2,226.0,0;6;0;7;213,6;5;6;5;2,988.0,226.0,1.4007386590819806,guided,50.0,2.0
9311497.0,large,39.0,5.0,12.0,240.0,1.2,225.0,0;6;0;7;213,6;5;6;5;2,988.0,225.0,1.3909846099559218,guided,50.0,2.0
9311497.0,large,39.0,5.0,12.0,240.0,1.2,224.0,0;6;0;7;213,6;5;6;5;2,988.0,224.0,1.316421422874555,guided,50.0,2.0
9311497.0,large,39.0,5.0,12.0,240.0,1.2,223.0,0;6;0;7;213,6;5;6;5;2,994.0,223.0,1.3878265006933361,guided,50.0,2.0
9311497.0,large,39.0,5.0,12.0,240.0,1.2,222.0,0;6;0;7;213,6;5;6;5;2,992.0,222.0,1.2114410097710788,guided,50.0,2.0
9311497.0,large,39.0,5.0,12.0,240.0,1.2,221.0,0;6;0;7;213,6;5;6;5;2,994.0,221.0,1.3340310980565846,guided,50.0,2.0
9311497.0,large,39.0,5.0,12.0,240.0,1.2,220.0,0;6;0;7;213,6;5;6;5;2,996.0,220.0,1.2757334299385548,guided,50.0,2.0
9311497.0,large,39.0,5.0,12.0,240.0,1.2,219.0,0;6;0;7;213,6;5;6;5;2,996.0,219.0,1.2863850519061089,guided,50.0,2.0
9311497.0,large,39.0,5.0,12.0,240.0,1.2,218.0,0;6;0;7;213,6;5;6;5;2,1000.0,218.0,1.3186129247769713,guided,50.0,2.0
9311497.0,large,39.0,5.0,12.0,240.0,1.2,217.0,0;6;0;7;213,6;5;6;5;2,1004.0,217.0,1.2884943292010576,guided,50.0,2.0
9311497.0,large,39.0,5.0,12.0,240.0,1.2,216.0,0;6;0;7;213,6;5;6;5;2,1008.0,216.0,1.2763014561496675,guided,50.0,2.0
9311497.0,large,39.0,5.0,12.0,240.0,1.2,215.0,0;6;0;7;213,6;5;6;5;2,1008.0,215.0,1.256221023388207,guided,50.0,2.0
9311497.0,large,39.0,5.0,12.0,240.0,1.2,214.0,0;6;0;7;213,6;5;6;5;2,1008.0,214.0,1.2210596438962966,guided,50.0,2.0
9311497.0,large,39.0,5.0,12.0,240.0,1.2,213.0,0;6;0;7;213,6;5;6;5;2,1008.0,213.0,1.203184891724959,guided,50.0,2.0
