{
  "variant_id": "ppo_family_q4_ctx13",
  "checkpoint": "best",
  "eval_seed": 12,
  "num_instances": 40,
  "scale": "large",
  "beta": 16,
  "gamma": 32,
  "means": {
    "greedy_energy": 25.775,
    "sgbs_energy": 23.1,
    "spt_dp_energy": 17.75,
    "lpt_dp_energy": 17.825
  },
  "times_sec": {
    "greedy": 0.6375231249985518,
    "sgbs": 56.05457520899654,
    "spt_dp": 0.018726708003669046,
    "lpt_dp": 0.018068291996314656
  }
}