{
  "variant_id": "ppo_family_q4_ctx13_beststart",
  "checkpoint": "best",
  "eval_seed": 1337,
  "num_instances": 16,
  "scale": "small",
  "beta": 4,
  "gamma": 4,
  "means": {
    "greedy_energy": 65.5625,
    "sgbs_energy": 65.125,
    "spt_dp_energy": 62.1875,
    "lpt_dp_energy": 61.75
  },
  "times_sec": {
    "greedy": 0.31345149999833666,
    "sgbs": 6.226645125003415,
    "spt_dp": 0.0022201669999049045,
    "lpt_dp": 0.0017772499995771796
  }
}