{
  "variant_id": "ppo_family_q4_ctx13_beststart",
  "checkpoint": "best",
  "eval_seed": 12,
  "num_instances": 40,
  "scale": "large",
  "beta": 16,
  "gamma": 32,
  "means": {
    "greedy_energy": 18.55,
    "sgbs_energy": 17.75,
    "spt_dp_energy": 17.75,
    "lpt_dp_energy": 17.825
  },
  "times_sec": {
    "greedy": 0.682418582997343,
    "sgbs": 56.544159874996694,
    "spt_dp": 0.019195624998246785,
    "lpt_dp": 0.018509249995986465
  }
}