{
  "variant_id": "ppo_family_q4_ctx13",
  "checkpoint": "latest",
  "eval_seed": 12,
  "num_instances": 40,
  "scale": "large",
  "beta": 32,
  "gamma": 48,
  "means": {
    "greedy_energy": 24.775,
    "sgbs_energy": 23.075,
    "spt_dp_energy": 17.75,
    "lpt_dp_energy": 17.825
  },
  "times_sec": {
    "greedy": 0.653354500000205,
    "sgbs": 97.97536262500034,
    "spt_dp": 0.019468040999981895,
    "lpt_dp": 0.01940970899977401
  }
}