{
  "variant_id": "ppo_family_q4_ctx13",
  "checkpoint": "best",
  "eval_seed": 1337,
  "num_instances": 64,
  "beta": 4,
  "gamma": 4,
  "means": {
    "greedy_energy": 28.875,
    "sgbs_energy": 27.734375,
    "spt_dp_energy": 25.625,
    "lpt_dp_energy": 25.578125
  },
  "times_sec": {
    "greedy": 1.2775310419999641,
    "sgbs": 18.906577125000013,
    "spt_dp": 0.019910291999849505,
    "lpt_dp": 0.01959245800003373
  },
  "outputs": {
    "csv": "PaST/runs_p100/ppo_family_q4_ctx13/seed_0/eval_family_best_seed1337_b4_g4.csv",
    "json": "PaST/runs_p100/ppo_family_q4_ctx13/seed_0/eval_family_best_seed1337_b4_g4.json"
  }
}