{
  "variant_id": "ppo_family_q4_ctx13",
  "checkpoint": "best",
  "eval_seed": 12,
  "num_instances": 40,
  "scale": "large",
  "beta": 32,
  "gamma": 64,
  "means": {
    "greedy_energy": 25.15,
    "sgbs_energy": 23.075,
    "spt_dp_energy": 17.75,
    "lpt_dp_energy": 17.825
  },
  "times_sec": {
    "greedy": 0.7541608329993323,
    "sgbs": 90.56744174999949,
    "spt_dp": 0.018984083999384893,
    "lpt_dp": 0.018490500000552856
  }
}