{
  "variant_id": "ppo_family_q4_ctx13",
  "checkpoint": "best",
  "eval_seed": 12,
  "num_instances": 40,
  "scale": "large",
  "beta": 64,
  "gamma": 64,
  "means": {
    "greedy_energy": 25.15,
    "sgbs_energy": 23.075,
    "spt_dp_energy": 17.75,
    "lpt_dp_energy": 17.825
  },
  "times_sec": {
    "greedy": 0.6276717500004452,
    "sgbs": 144.42392833300073,
    "spt_dp": 0.01826387500113924,
    "lpt_dp": 0.017761832999894978
  }
}