batch_id,bucket,split,instance_uid,instance_id,seed,M,N,K,sum_p,p_max,epsilon_lb,epsilon_used,epsilon_stress,status,attempts_total,retries_used,solver_return_code,solver_feasible,solver_runtime_sec_reported,solver_variant_reported,wall_runtime_sec,max_rss_bytes,exact_labeled_moves,exact_positive_improving,exact_negative_non_improving,positive_rate_instance,stderr_tail,exact_file,broad_file
m25_n250_k350,m25_n250_k350,train,syn_vls_m25_n250_k350_s20261420,100001,20261420,25,250,350,1560,12,63,71,0.20285714,ok,1,0,0,1,1.034994,stageO_synthetic_dense_logging,1.048304,11960320,1792,1690,102,0.94308036,                1633  involuntary context switches\n          6944405608  instructions retired\n          2221961646  cycles elapsed\n            11223424  peak memory footprint,/Users/mac/Documents/Study/PFE/PaST/temp/phaseP_full_synthetic_freeze/per_instance/moves_exact_labeled_instance_100001_eps_71.csv,/Users/mac/Documents/Study/PFE/PaST/temp/phaseP_full_synthetic_freeze/per_instance/moves_broad_instance_100001_eps_71.csv
m25_n250_k350,m25_n250_k350,train,syn_vls_m25_n250_k350_s20261421,100002,20261421,25,250,350,1623,12,65,73,0.20857143,ok,1,0,0,1,0.675560,stageO_synthetic_dense_logging,0.686923,6504448,1792,1140,652,0.63616071,                 736  involuntary context switches\n          5789185528  instructions retired\n          1427183864  cycles elapsed\n             5767552  peak memory footprint,/Users/mac/Documents/Study/PFE/PaST/temp/phaseP_full_synthetic_freeze/per_instance/moves_exact_labeled_instance_100002_eps_73.csv,/Users/mac/Documents/Study/PFE/PaST/temp/phaseP_full_synthetic_freeze/per_instance/moves_broad_instance_100002_eps_73.csv
m25_n250_k350,m25_n250_k350,train,syn_vls_m25_n250_k350_s20261423,100004,20261423,25,250,350,1585,12,64,72,0.20571429,ok,1,0,0,1,0.661695,stageO_synthetic_dense_logging,0.671971,7553024,1792,1034,758,0.57700893,                 735  involuntary context switches\n          5843288755  instructions retired\n          1542380989  cycles elapsed\n             6816128  peak memory footprint,/Users/mac/Documents/Study/PFE/PaST/temp/phaseP_full_synthetic_freeze/per_instance/moves_exact_labeled_instance_100004_eps_72.csv,/Users/mac/Documents/Study/PFE/PaST/temp/phaseP_full_synthetic_freeze/per_instance/moves_broad_instance_100004_eps_72.csv
m25_n250_k350,m25_n250_k350,train,syn_vls_m25_n250_k350_s20261424,100005,20261424,25,250,350,1678,12,68,76,0.21714286,ok,1,0,0,1,1.081362,stageO_synthetic_dense_logging,1.09201,9224192,1784,1319,465,0.73934978,                1878  involuntary context switches\n          7256489793  instructions retired\n          2358695957  cycles elapsed\n             8487296  peak memory footprint,/Users/mac/Documents/Study/PFE/PaST/temp/phaseP_full_synthetic_freeze/per_instance/moves_exact_labeled_instance_100005_eps_76.csv,/Users/mac/Documents/Study/PFE/PaST/temp/phaseP_full_synthetic_freeze/per_instance/moves_broad_instance_100005_eps_76.csv
m25_n250_k350,m25_n250_k350,train,syn_vls_m25_n250_k350_s20261425,100006,20261425,25,250,350,1720,12,69,77,0.22,ok,1,0,0,1,0.643813,stageO_synthetic_dense_logging,0.655136,6488064,1792,1038,754,0.57924107,                 591  involuntary context switches\n          6037671729  instructions retired\n          1536897843  cycles elapsed\n             5751168  peak memory footprint,/Users/mac/Documents/Study/PFE/PaST/temp/phaseP_full_synthetic_freeze/per_instance/moves_exact_labeled_instance_100006_eps_77.csv,/Users/mac/Documents/Study/PFE/PaST/temp/phaseP_full_synthetic_freeze/per_instance/moves_broad_instance_100006_eps_77.csv
m25_n250_k350,m25_n250_k350,val,syn_vls_m25_n250_k350_s20261422,100003,20261422,25,250,350,1626,12,66,74,0.21142857,ok,1,0,0,1,0.745584,stageO_synthetic_dense_logging,0.75659,8994816,1792,1305,487,0.72823661,                1117  involuntary context switches\n          6610046788  instructions retired\n          1757667288  cycles elapsed\n             8257920  peak memory footprint,/Users/mac/Documents/Study/PFE/PaST/temp/phaseP_full_synthetic_freeze/per_instance/moves_exact_labeled_instance_100003_eps_74.csv,/Users/mac/Documents/Study/PFE/PaST/temp/phaseP_full_synthetic_freeze/per_instance/moves_broad_instance_100003_eps_74.csv
m25_n250_k500,m25_n250_k500,train,syn_vls_m25_n250_k500_s20262420,100007,20262420,25,250,500,1554,12,63,71,0.142,ok,1,0,0,1,0.595253,stageO_synthetic_dense_logging,0.607993,6488064,1758,1265,493,0.71956769,                 372  involuntary context switches\n          5773905863  instructions retired\n          1433200456  cycles elapsed\n             5734760  peak memory footprint,/Users/mac/Documents/Study/PFE/PaST/temp/phaseP_full_synthetic_freeze/per_instance/moves_exact_labeled_instance_100007_eps_71.csv,/Users/mac/Documents/Study/PFE/PaST/temp/phaseP_full_synthetic_freeze/per_instance/moves_broad_instance_100007_eps_71.csv
m25_n250_k500,m25_n250_k500,train,syn_vls_m25_n250_k500_s20262421,100008,20262421,25,250,500,1610,12,65,73,0.146,ok,1,0,0,1,0.827655,stageO_synthetic_dense_logging,0.838888,8634368,1792,1232,560,0.6875,                1155  involuntary context switches\n          6782925066  instructions retired\n          1981280942  cycles elapsed\n             7848320  peak memory footprint,/Users/mac/Documents/Study/PFE/PaST/temp/phaseP_full_synthetic_freeze/per_instance/moves_exact_labeled_instance_100008_eps_73.csv,/Users/mac/Documents/Study/PFE/PaST/temp/phaseP_full_synthetic_freeze/per_instance/moves_broad_instance_100008_eps_73.csv
m25_n250_k500,m25_n250_k500,train,syn_vls_m25_n250_k500_s20262422,100009,20262422,25,250,500,1645,12,66,74,0.148,ok,1,0,0,1,0.620055,stageO_synthetic_dense_logging,0.632045,5947392,1792,1427,365,0.79631696,                 638  involuntary context switches\n          6020314014  instructions retired\n          1493883827  cycles elapsed\n             5194088  peak memory footprint,/Users/mac/Documents/Study/PFE/PaST/temp/phaseP_full_synthetic_freeze/per_instance/moves_exact_labeled_instance_100009_eps_74.csv,/Users/mac/Documents/Study/PFE/PaST/temp/phaseP_full_synthetic_freeze/per_instance/moves_broad_instance_100009_eps_74.csv
m25_n250_k500,m25_n250_k500,train,syn_vls_m25_n250_k500_s20262424,100011,20262424,25,250,500,1658,12,67,75,0.15,ok,1,0,0,1,0.823309,stageO_synthetic_dense_logging,0.833722,8060928,1792,1382,410,0.77120536,                 904  involuntary context switches\n          6196633554  instructions retired\n          1780087127  cycles elapsed\n             7307624  peak memory footprint,/Users/mac/Documents/Study/PFE/PaST/temp/phaseP_full_synthetic_freeze/per_instance/moves_exact_labeled_instance_100011_eps_75.csv,/Users/mac/Documents/Study/PFE/PaST/temp/phaseP_full_synthetic_freeze/per_instance/moves_broad_instance_100011_eps_75.csv
m25_n250_k500,m25_n250_k500,train,syn_vls_m25_n250_k500_s20262425,100012,20262425,25,250,500,1610,12,65,73,0.146,ok,1,0,0,1,0.739098,stageO_synthetic_dense_logging,0.751732,7471104,1792,1273,519,0.71037946,                1108  involuntary context switches\n          6455299984  instructions retired\n          1772377977  cycles elapsed\n             6717800  peak memory footprint,/Users/mac/Documents/Study/PFE/PaST/temp/phaseP_full_synthetic_freeze/per_instance/moves_exact_labeled_instance_100012_eps_73.csv,/Users/mac/Documents/Study/PFE/PaST/temp/phaseP_full_synthetic_freeze/per_instance/moves_broad_instance_100012_eps_73.csv
m25_n250_k500,m25_n250_k500,val,syn_vls_m25_n250_k500_s20262423,100010,20262423,25,250,500,1670,12,67,75,0.15,ok,1,0,0,1,1.001438,stageO_synthetic_dense_logging,1.016432,10321920,1789,1297,492,0.72498603,                1721  involuntary context switches\n          7160949242  instructions retired\n          2257151943  cycles elapsed\n             9585024  peak memory footprint,/Users/mac/Documents/Study/PFE/PaST/temp/phaseP_full_synthetic_freeze/per_instance/moves_exact_labeled_instance_100010_eps_75.csv,/Users/mac/Documents/Study/PFE/PaST/temp/phaseP_full_synthetic_freeze/per_instance/moves_broad_instance_100010_eps_75.csv
m25_n300_k350,m25_n300_k350,train,syn_vls_m25_n300_k350_s20263420,100013,20263420,25,300,350,1872,12,75,83,0.23714286,ok,1,0,0,1,1.025348,stageO_synthetic_dense_logging,1.039599,12091392,1792,1032,760,0.57589286,                2170  involuntary context switches\n          7995731314  instructions retired\n          2156277521  cycles elapsed\n            11354496  peak memory footprint,/Users/mac/Documents/Study/PFE/PaST/temp/phaseP_full_synthetic_freeze/per_instance/moves_exact_labeled_instance_100013_eps_83.csv,/Users/mac/Documents/Study/PFE/PaST/temp/phaseP_full_synthetic_freeze/per_instance/moves_broad_instance_100013_eps_83.csv
m25_n300_k350,m25_n300_k350,train,syn_vls_m25_n300_k350_s20263421,100014,20263421,25,300,350,1915,12,77,85,0.24285714,ok,1,0,0,1,0.937103,stageO_synthetic_dense_logging,0.952355,11927552,1792,1650,142,0.92075893,                1186  involuntary context switches\n          7966068225  instructions retired\n          2211153424  cycles elapsed\n            11190656  peak memory footprint,/Users/mac/Documents/Study/PFE/PaST/temp/phaseP_full_synthetic_freeze/per_instance/moves_exact_labeled_instance_100014_eps_85.csv,/Users/mac/Documents/Study/PFE/PaST/temp/phaseP_full_synthetic_freeze/per_instance/moves_broad_instance_100014_eps_85.csv
m25_n300_k350,m25_n300_k350,train,syn_vls_m25_n300_k350_s20263422,100015,20263422,25,300,350,1947,12,78,86,0.24571429,ok,1,0,0,1,1.217870,stageO_synthetic_dense_logging,1.230517,12582912,1792,1221,571,0.68136161,                1649  involuntary context switches\n          9071407834  instructions retired\n          2883025555  cycles elapsed\n            11846016  peak memory footprint,/Users/mac/Documents/Study/PFE/PaST/temp/phaseP_full_synthetic_freeze/per_instance/moves_exact_labeled_instance_100015_eps_86.csv,/Users/mac/Documents/Study/PFE/PaST/temp/phaseP_full_synthetic_freeze/per_instance/moves_broad_instance_100015_eps_86.csv
m25_n300_k350,m25_n300_k350,train,syn_vls_m25_n300_k350_s20263424,100017,20263424,25,300,350,1914,12,77,85,0.24285714,ok,1,0,0,1,1.717584,stageO_synthetic_dense_logging,1.730233,17580032,1792,1186,606,0.66183036,                2047  involuntary context switches\n         10795687347  instructions retired\n          3690392253  cycles elapsed\n            17039744  peak memory footprint,/Users/mac/Documents/Study/PFE/PaST/temp/phaseP_full_synthetic_freeze/per_instance/moves_exact_labeled_instance_100017_eps_85.csv,/Users/mac/Documents/Study/PFE/PaST/temp/phaseP_full_synthetic_freeze/per_instance/moves_broad_instance_100017_eps_85.csv
m25_n300_k350,m25_n300_k350,train,syn_vls_m25_n300_k350_s20263425,100018,20263425,25,300,350,1963,12,79,87,0.24857143,ok,1,0,0,1,1.332533,stageO_synthetic_dense_logging,1.345101,14303232,1792,1706,86,0.95200893,                1386  involuntary context switches\n         10120617668  instructions retired\n          3119271653  cycles elapsed\n            13566336  peak memory footprint,/Users/mac/Documents/Study/PFE/PaST/temp/phaseP_full_synthetic_freeze/per_instance/moves_exact_labeled_instance_100018_eps_87.csv,/Users/mac/Documents/Study/PFE/PaST/temp/phaseP_full_synthetic_freeze/per_instance/moves_broad_instance_100018_eps_87.csv
m25_n300_k350,m25_n300_k350,val,syn_vls_m25_n300_k350_s20263423,100016,20263423,25,300,350,2013,12,81,89,0.25428571,ok,1,0,0,1,1.668448,stageO_synthetic_dense_logging,1.681476,17154048,1792,1298,494,0.72433036,                2216  involuntary context switches\n         11590825640  instructions retired\n          3797359686  cycles elapsed\n            16155008  peak memory footprint,/Users/mac/Documents/Study/PFE/PaST/temp/phaseP_full_synthetic_freeze/per_instance/moves_exact_labeled_instance_100016_eps_89.csv,/Users/mac/Documents/Study/PFE/PaST/temp/phaseP_full_synthetic_freeze/per_instance/moves_broad_instance_100016_eps_89.csv
m25_n300_k500,m25_n300_k500,train,syn_vls_m25_n300_k500_s20264420,100019,20264420,25,300,500,1956,12,79,87,0.174,ok,1,0,0,1,2.583125,stageO_synthetic_dense_logging,2.611086,27951104,1792,1166,626,0.65066964,                4188  involuntary context switches\n         13474095586  instructions retired\n          5478784771  cycles elapsed\n            27476352  peak memory footprint,/Users/mac/Documents/Study/PFE/PaST/temp/phaseP_full_synthetic_freeze/per_instance/moves_exact_labeled_instance_100019_eps_87.csv,/Users/mac/Documents/Study/PFE/PaST/temp/phaseP_full_synthetic_freeze/per_instance/moves_broad_instance_100019_eps_87.csv
m25_n300_k500,m25_n300_k500,train,syn_vls_m25_n300_k500_s20264421,100020,20264421,25,300,500,2041,12,82,90,0.18,ok,1,0,0,1,2.152267,stageO_synthetic_dense_logging,2.166778,18939904,1792,1645,147,0.91796875,                1795  involuntary context switches\n         13326649204  instructions retired\n          5183194962  cycles elapsed\n            18219392  peak memory footprint,/Users/mac/Documents/Study/PFE/PaST/temp/phaseP_full_synthetic_freeze/per_instance/moves_exact_labeled_instance_100020_eps_90.csv,/Users/mac/Documents/Study/PFE/PaST/temp/phaseP_full_synthetic_freeze/per_instance/moves_broad_instance_100020_eps_90.csv
m25_n300_k500,m25_n300_k500,train,syn_vls_m25_n300_k500_s20264422,100021,20264422,25,300,500,1989,12,80,88,0.176,ok,1,0,0,1,1.367436,stageO_synthetic_dense_logging,1.378254,14598144,1792,1266,526,0.70647321,                 763  involuntary context switches\n         10351627587  instructions retired\n          3312389525  cycles elapsed\n            13861248  peak memory footprint,/Users/mac/Documents/Study/PFE/PaST/temp/phaseP_full_synthetic_freeze/per_instance/moves_exact_labeled_instance_100021_eps_88.csv,/Users/mac/Documents/Study/PFE/PaST/temp/phaseP_full_synthetic_freeze/per_instance/moves_broad_instance_100021_eps_88.csv
m25_n300_k500,m25_n300_k500,train,syn_vls_m25_n300_k500_s20264424,100023,20264424,25,300,500,2058,12,83,91,0.182,ok,1,0,0,1,1.253234,stageO_synthetic_dense_logging,1.266428,9256960,1792,1290,502,0.71986607,                 541  involuntary context switches\n         10260749731  instructions retired\n          3032294032  cycles elapsed\n             8470912  peak memory footprint,/Users/mac/Documents/Study/PFE/PaST/temp/phaseP_full_synthetic_freeze/per_instance/moves_exact_labeled_instance_100023_eps_91.csv,/Users/mac/Documents/Study/PFE/PaST/temp/phaseP_full_synthetic_freeze/per_instance/moves_broad_instance_100023_eps_91.csv
m25_n300_k500,m25_n300_k500,train,syn_vls_m25_n300_k500_s20264425,100024,20264425,25,300,500,1940,12,78,86,0.172,ok,1,0,0,1,0.942207,stageO_synthetic_dense_logging,0.953596,14270464,1792,1204,588,0.671875,                 324  involuntary context switches\n          8671802501  instructions retired\n          2303984570  cycles elapsed\n            13517160  peak memory footprint,/Users/mac/Documents/Study/PFE/PaST/temp/phaseP_full_synthetic_freeze/per_instance/moves_exact_labeled_instance_100024_eps_86.csv,/Users/mac/Documents/Study/PFE/PaST/temp/phaseP_full_synthetic_freeze/per_instance/moves_broad_instance_100024_eps_86.csv
m25_n300_k500,m25_n300_k500,val,syn_vls_m25_n300_k500_s20264423,100022,20264423,25,300,500,2006,12,81,89,0.178,ok,1,0,0,1,1.723350,stageO_synthetic_dense_logging,1.735904,10911744,1792,1151,641,0.64229911,                2616  involuntary context switches\n         11148134817  instructions retired\n          3901863551  cycles elapsed\n            10191232  peak memory footprint,/Users/mac/Documents/Study/PFE/PaST/temp/phaseP_full_synthetic_freeze/per_instance/moves_exact_labeled_instance_100022_eps_89.csv,/Users/mac/Documents/Study/PFE/PaST/temp/phaseP_full_synthetic_freeze/per_instance/moves_broad_instance_100022_eps_89.csv
m25_n350_k350,m25_n350_k350,train,syn_vls_m25_n350_k350_s20265420,100025,20265420,25,350,350,2170,12,87,95,0.27142857,ok,1,0,0,1,1.259688,stageO_synthetic_dense_logging,1.300773,7061504,1792,1289,503,0.71930804,                3113  involuntary context switches\n         10379116051  instructions retired\n          2947075380  cycles elapsed\n             6570368  peak memory footprint,/Users/mac/Documents/Study/PFE/PaST/temp/phaseP_full_synthetic_freeze/per_instance/moves_exact_labeled_instance_100025_eps_95.csv,/Users/mac/Documents/Study/PFE/PaST/temp/phaseP_full_synthetic_freeze/per_instance/moves_broad_instance_100025_eps_95.csv
m25_n350_k350,m25_n350_k350,train,syn_vls_m25_n350_k350_s20265421,100026,20265421,25,350,350,2272,12,91,99,0.28285714,ok,1,0,0,1,2.010054,stageO_synthetic_dense_logging,2.023121,23199744,1792,1346,446,0.75111607,                2693  involuntary context switches\n         14105111439  instructions retired\n          4609076585  cycles elapsed\n            22135168  peak memory footprint,/Users/mac/Documents/Study/PFE/PaST/temp/phaseP_full_synthetic_freeze/per_instance/moves_exact_labeled_instance_100026_eps_99.csv,/Users/mac/Documents/Study/PFE/PaST/temp/phaseP_full_synthetic_freeze/per_instance/moves_broad_instance_100026_eps_99.csv
m25_n350_k350,m25_n350_k350,train,syn_vls_m25_n350_k350_s20265422,100027,20265422,25,350,350,2244,12,90,98,0.28,ok,1,0,0,1,1.087999,stageO_synthetic_dense_logging,1.099607,7798784,1792,1055,737,0.58872768,                 567  involuntary context switches\n         10448189952  instructions retired\n          2652254938  cycles elapsed\n             7045480  peak memory footprint,/Users/mac/Documents/Study/PFE/PaST/temp/phaseP_full_synthetic_freeze/per_instance/moves_exact_labeled_instance_100027_eps_98.csv,/Users/mac/Documents/Study/PFE/PaST/temp/phaseP_full_synthetic_freeze/per_instance/moves_broad_instance_100027_eps_98.csv
m25_n350_k350,m25_n350_k350,train,syn_vls_m25_n350_k350_s20265423,100028,20265423,25,350,350,2339,12,94,102,0.29142857,ok,1,0,0,1,8.051108,stageO_synthetic_dense_logging,8.062502,65110016,1792,1178,614,0.65736607,                8485  involuntary context switches\n         33014034750  instructions retired\n         17919648818  cycles elapsed\n            53969304  peak memory footprint,/Users/mac/Documents/Study/PFE/PaST/temp/phaseP_full_synthetic_freeze/per_instance/moves_exact_labeled_instance_100028_eps_102.csv,/Users/mac/Documents/Study/PFE/PaST/temp/phaseP_full_synthetic_freeze/per_instance/moves_broad_instance_100028_eps_102.csv
m25_n350_k350,m25_n350_k350,train,syn_vls_m25_n350_k350_s20265424,100029,20265424,25,350,350,2279,12,92,100,0.28571429,ok,1,0,0,1,2.042066,stageO_synthetic_dense_logging,2.054537,15499264,1792,1307,485,0.72935268,                1688  involuntary context switches\n         13801673141  instructions retired\n          4483836039  cycles elapsed\n            14762368  peak memory footprint,/Users/mac/Documents/Study/PFE/PaST/temp/phaseP_full_synthetic_freeze/per_instance/moves_exact_labeled_instance_100029_eps_100.csv,/Users/mac/Documents/Study/PFE/PaST/temp/phaseP_full_synthetic_freeze/per_instance/moves_broad_instance_100029_eps_100.csv
m25_n350_k350,m25_n350_k350,val,syn_vls_m25_n350_k350_s20265425,100030,20265425,25,350,350,2273,12,91,99,0.28285714,ok,1,0,0,1,2.618643,stageO_synthetic_dense_logging,2.631674,27869184,1792,1334,458,0.74441964,                1979  involuntary context switches\n         15460090625  instructions retired\n          5414764852  cycles elapsed\n            27181440  peak memory footprint,/Users/mac/Documents/Study/PFE/PaST/temp/phaseP_full_synthetic_freeze/per_instance/moves_exact_labeled_instance_100030_eps_99.csv,/Users/mac/Documents/Study/PFE/PaST/temp/phaseP_full_synthetic_freeze/per_instance/moves_broad_instance_100030_eps_99.csv
m25_n350_k500,m25_n350_k500,train,syn_vls_m25_n350_k500_s20266421,100032,20266421,25,350,500,2414,12,97,105,0.21,ok,1,0,0,1,6.165506,stageO_synthetic_dense_logging,6.176205,36814848,1792,1282,510,0.71540179,                6734  involuntary context switches\n         27278698326  instructions retired\n         13349055802  cycles elapsed\n            35635584  peak memory footprint,/Users/mac/Documents/Study/PFE/PaST/temp/phaseP_full_synthetic_freeze/per_instance/moves_exact_labeled_instance_100032_eps_105.csv,/Users/mac/Documents/Study/PFE/PaST/temp/phaseP_full_synthetic_freeze/per_instance/moves_broad_instance_100032_eps_105.csv
m25_n350_k500,m25_n350_k500,train,syn_vls_m25_n350_k500_s20266422,100033,20266422,25,350,500,2289,12,92,100,0.2,ok,1,0,0,1,4.566376,stageO_synthetic_dense_logging,4.580357,33112064,1792,1261,531,0.70368304,                4065  involuntary context switches\n         21702794866  instructions retired\n          9709519962  cycles elapsed\n            32080256  peak memory footprint,/Users/mac/Documents/Study/PFE/PaST/temp/phaseP_full_synthetic_freeze/per_instance/moves_exact_labeled_instance_100033_eps_100.csv,/Users/mac/Documents/Study/PFE/PaST/temp/phaseP_full_synthetic_freeze/per_instance/moves_broad_instance_100033_eps_100.csv
m25_n350_k500,m25_n350_k500,train,syn_vls_m25_n350_k500_s20266423,100034,20266423,25,350,500,2257,12,91,99,0.198,ok,1,0,0,1,2.507833,stageO_synthetic_dense_logging,2.520306,32636928,1792,1276,516,0.71205357,                3042  involuntary context switches\n         14929799784  instructions retired\n          5208089079  cycles elapsed\n            31539584  peak memory footprint,/Users/mac/Documents/Study/PFE/PaST/temp/phaseP_full_synthetic_freeze/per_instance/moves_exact_labeled_instance_100034_eps_99.csv,/Users/mac/Documents/Study/PFE/PaST/temp/phaseP_full_synthetic_freeze/per_instance/moves_broad_instance_100034_eps_99.csv
m25_n350_k500,m25_n350_k500,train,syn_vls_m25_n350_k500_s20266424,100035,20266424,25,350,500,2155,12,87,95,0.19,ok,1,0,0,1,1.884517,stageO_synthetic_dense_logging,1.896597,12419072,1792,1638,154,0.9140625,                2864  involuntary context switches\n         11167368329  instructions retired\n          3423556400  cycles elapsed\n            12026240  peak memory footprint,/Users/mac/Documents/Study/PFE/PaST/temp/phaseP_full_synthetic_freeze/per_instance/moves_exact_labeled_instance_100035_eps_95.csv,/Users/mac/Documents/Study/PFE/PaST/temp/phaseP_full_synthetic_freeze/per_instance/moves_broad_instance_100035_eps_95.csv
m25_n350_k500,m25_n350_k500,train,syn_vls_m25_n350_k500_s20266425,100036,20266425,25,350,500,2330,12,94,102,0.204,ok,1,0,0,1,1.487212,stageO_synthetic_dense_logging,1.500293,23314432,1792,1494,298,0.83370536,                1395  involuntary context switches\n         11345716856  instructions retired\n          3135515254  cycles elapsed\n            22577536  peak memory footprint,/Users/mac/Documents/Study/PFE/PaST/temp/phaseP_full_synthetic_freeze/per_instance/moves_exact_labeled_instance_100036_eps_102.csv,/Users/mac/Documents/Study/PFE/PaST/temp/phaseP_full_synthetic_freeze/per_instance/moves_broad_instance_100036_eps_102.csv
m25_n350_k500,m25_n350_k500,val,syn_vls_m25_n350_k500_s20266420,100031,20266420,25,350,500,2335,12,94,102,0.204,ok,1,0,0,1,5.104677,stageO_synthetic_dense_logging,5.117337,40304640,1792,1470,322,0.8203125,                6441  involuntary context switches\n         25151083988  instructions retired\n         11552824788  cycles elapsed\n            36585856  peak memory footprint,/Users/mac/Documents/Study/PFE/PaST/temp/phaseP_full_synthetic_freeze/per_instance/moves_exact_labeled_instance_100031_eps_102.csv,/Users/mac/Documents/Study/PFE/PaST/temp/phaseP_full_synthetic_freeze/per_instance/moves_broad_instance_100031_eps_102.csv
m25_n400_k350,m25_n400_k350,train,syn_vls_m25_n400_k350_s20267420,100037,20267420,25,400,350,2618,12,105,113,0.32285714,ok,1,0,0,1,2.254331,stageO_synthetic_dense_logging,2.2655,19202048,1792,1235,557,0.68917411,                3179  involuntary context switches\n         16309169021  instructions retired\n          4866234141  cycles elapsed\n            18481536  peak memory footprint,/Users/mac/Documents/Study/PFE/PaST/temp/phaseP_full_synthetic_freeze/per_instance/moves_exact_labeled_instance_100037_eps_113.csv,/Users/mac/Documents/Study/PFE/PaST/temp/phaseP_full_synthetic_freeze/per_instance/moves_broad_instance_100037_eps_113.csv
m25_n400_k350,m25_n400_k350,train,syn_vls_m25_n400_k350_s20267421,100038,20267421,25,400,350,2621,12,105,113,0.32285714,ok,1,0,0,1,4.519062,stageO_synthetic_dense_logging,4.530656,24166400,1792,1262,530,0.70424107,                2006  involuntary context switches\n         25529695108  instructions retired\n         10990812689  cycles elapsed\n            21922176  peak memory footprint,/Users/mac/Documents/Study/PFE/PaST/temp/phaseP_full_synthetic_freeze/per_instance/moves_exact_labeled_instance_100038_eps_113.csv,/Users/mac/Documents/Study/PFE/PaST/temp/phaseP_full_synthetic_freeze/per_instance/moves_broad_instance_100038_eps_113.csv
m25_n400_k350,m25_n400_k350,train,syn_vls_m25_n400_k350_s20267422,100039,20267422,25,400,350,2508,12,101,109,0.31142857,ok,1,0,0,1,3.943680,stageO_synthetic_dense_logging,3.955627,32391168,1792,1440,352,0.80357143,                2761  involuntary context switches\n         22892211808  instructions retired\n          9048887801  cycles elapsed\n            31670656  peak memory footprint,/Users/mac/Documents/Study/PFE/PaST/temp/phaseP_full_synthetic_freeze/per_instance/moves_exact_labeled_instance_100039_eps_109.csv,/Users/mac/Documents/Study/PFE/PaST/temp/phaseP_full_synthetic_freeze/per_instance/moves_broad_instance_100039_eps_109.csv
m25_n400_k350,m25_n400_k350,train,syn_vls_m25_n400_k350_s20267423,100040,20267423,25,400,350,2651,12,107,115,0.32857143,ok,1,0,0,1,10.142596,stageO_synthetic_dense_logging,10.153892,45203456,1792,1029,763,0.57421875,                9427  involuntary context switches\n         41898030123  instructions retired\n         23424829357  cycles elapsed\n            27214208  peak memory footprint,/Users/mac/Documents/Study/PFE/PaST/temp/phaseP_full_synthetic_freeze/per_instance/moves_exact_labeled_instance_100040_eps_115.csv,/Users/mac/Documents/Study/PFE/PaST/temp/phaseP_full_synthetic_freeze/per_instance/moves_broad_instance_100040_eps_115.csv
m25_n400_k350,m25_n400_k350,train,syn_vls_m25_n400_k350_s20267425,100042,20267425,25,400,350,2682,12,108,116,0.33142857,ok,1,0,0,1,3.203252,stageO_synthetic_dense_logging,3.21595,29458432,1792,1348,444,0.75223214,                1651  involuntary context switches\n         21886935294  instructions retired\n          7621279175  cycles elapsed\n            25166208  peak memory footprint,/Users/mac/Documents/Study/PFE/PaST/temp/phaseP_full_synthetic_freeze/per_instance/moves_exact_labeled_instance_100042_eps_116.csv,/Users/mac/Documents/Study/PFE/PaST/temp/phaseP_full_synthetic_freeze/per_instance/moves_broad_instance_100042_eps_116.csv
m25_n400_k350,m25_n400_k350,val,syn_vls_m25_n400_k350_s20267424,100041,20267424,25,400,350,2632,12,106,114,0.32571429,ok,1,0,0,1,5.799396,stageO_synthetic_dense_logging,5.812223,31391744,1792,1311,481,0.73158482,                4299  involuntary context switches\n         29098083639  instructions retired\n         13551347100  cycles elapsed\n            29884800  peak memory footprint,/Users/mac/Documents/Study/PFE/PaST/temp/phaseP_full_synthetic_freeze/per_instance/moves_exact_labeled_instance_100041_eps_114.csv,/Users/mac/Documents/Study/PFE/PaST/temp/phaseP_full_synthetic_freeze/per_instance/moves_broad_instance_100041_eps_114.csv
m25_n400_k500,m25_n400_k500,train,syn_vls_m25_n400_k500_s20268420,100043,20268420,25,400,500,2665,12,107,115,0.23,ok,1,0,0,1,5.389410,stageO_synthetic_dense_logging,5.402026,57229312,1792,1113,679,0.62109375,                6560  involuntary context switches\n         28884832116  instructions retired\n         12500521981  cycles elapsed\n            56869272  peak memory footprint,/Users/mac/Documents/Study/PFE/PaST/temp/phaseP_full_synthetic_freeze/per_instance/moves_exact_labeled_instance_100043_eps_115.csv,/Users/mac/Documents/Study/PFE/PaST/temp/phaseP_full_synthetic_freeze/per_instance/moves_broad_instance_100043_eps_115.csv
m25_n400_k500,m25_n400_k500,train,syn_vls_m25_n400_k500_s20268422,100045,20268422,25,400,500,2663,12,107,115,0.23,ok,1,0,0,1,3.175781,stageO_synthetic_dense_logging,3.187057,27197440,1792,1262,530,0.70424107,                2617  involuntary context switches\n         21446617158  instructions retired\n          7309830889  cycles elapsed\n            25264512  peak memory footprint,/Users/mac/Documents/Study/PFE/PaST/temp/phaseP_full_synthetic_freeze/per_instance/moves_exact_labeled_instance_100045_eps_115.csv,/Users/mac/Documents/Study/PFE/PaST/temp/phaseP_full_synthetic_freeze/per_instance/moves_broad_instance_100045_eps_115.csv
m25_n400_k500,m25_n400_k500,train,syn_vls_m25_n400_k500_s20268423,100046,20268423,25,400,500,2624,12,105,113,0.226,ok,1,0,0,1,3.119243,stageO_synthetic_dense_logging,3.133759,26099712,1792,996,796,0.55580357,                2761  involuntary context switches\n         20258056205  instructions retired\n          7194034975  cycles elapsed\n            15942016  peak memory footprint,/Users/mac/Documents/Study/PFE/PaST/temp/phaseP_full_synthetic_freeze/per_instance/moves_exact_labeled_instance_100046_eps_113.csv,/Users/mac/Documents/Study/PFE/PaST/temp/phaseP_full_synthetic_freeze/per_instance/moves_broad_instance_100046_eps_113.csv
m25_n400_k500,m25_n400_k500,train,syn_vls_m25_n400_k500_s20268424,100047,20268424,25,400,500,2596,12,104,112,0.224,ok,1,0,0,1,3.806700,stageO_synthetic_dense_logging,3.818589,35553280,1792,1200,592,0.66964286,                2894  involuntary context switches\n         22826505366  instructions retired\n          8721374211  cycles elapsed\n            30753152  peak memory footprint,/Users/mac/Documents/Study/PFE/PaST/temp/phaseP_full_synthetic_freeze/per_instance/moves_exact_labeled_instance_100047_eps_112.csv,/Users/mac/Documents/Study/PFE/PaST/temp/phaseP_full_synthetic_freeze/per_instance/moves_broad_instance_100047_eps_112.csv
m25_n400_k500,m25_n400_k500,train,syn_vls_m25_n400_k500_s20268425,100048,20268425,25,400,500,2562,12,103,111,0.222,ok,1,0,0,1,2.885887,stageO_synthetic_dense_logging,2.896602,27836416,1792,1327,465,0.74051339,                2744  involuntary context switches\n         19397981982  instructions retired\n          6467343100  cycles elapsed\n            24822144  peak memory footprint,/Users/mac/Documents/Study/PFE/PaST/temp/phaseP_full_synthetic_freeze/per_instance/moves_exact_labeled_instance_100048_eps_111.csv,/Users/mac/Documents/Study/PFE/PaST/temp/phaseP_full_synthetic_freeze/per_instance/moves_broad_instance_100048_eps_111.csv
m25_n400_k500,m25_n400_k500,val,syn_vls_m25_n400_k500_s20268421,100044,20268421,25,400,500,2600,12,104,112,0.224,ok,1,0,0,1,8.542090,stageO_synthetic_dense_logging,8.554474,50987008,1792,1569,223,0.87555804,               10918  involuntary context switches\n         38292187125  instructions retired\n         19774123113  cycles elapsed\n            49627544  peak memory footprint,/Users/mac/Documents/Study/PFE/PaST/temp/phaseP_full_synthetic_freeze/per_instance/moves_exact_labeled_instance_100044_eps_112.csv,/Users/mac/Documents/Study/PFE/PaST/temp/phaseP_full_synthetic_freeze/per_instance/moves_broad_instance_100044_eps_112.csv
m25_n500_k350,m25_n500_k350,train,syn_vls_m25_n500_k350_s20269420,100049,20269420,25,500,350,3271,12,131,139,0.39714286,ok,1,0,0,1,23.828759,stageO_synthetic_dense_logging,23.842131,128073728,1487,1025,462,0.68930733,               26842  involuntary context switches\n         87588819604  instructions retired\n         54222577444  cycles elapsed\n           112820728  peak memory footprint,/Users/mac/Documents/Study/PFE/PaST/temp/phaseP_full_synthetic_freeze/per_instance/moves_exact_labeled_instance_100049_eps_139.csv,/Users/mac/Documents/Study/PFE/PaST/temp/phaseP_full_synthetic_freeze/per_instance/moves_broad_instance_100049_eps_139.csv
m25_n500_k350,m25_n500_k350,train,syn_vls_m25_n500_k350_s20269421,100050,20269421,25,500,350,3255,12,131,139,0.39714286,ok,1,0,0,1,29.698755,stageO_synthetic_dense_logging,29.71303,172752896,446,280,166,0.62780269,               26344  involuntary context switches\n         98734517545  instructions retired\n         70304160282  cycles elapsed\n           144638480  peak memory footprint,/Users/mac/Documents/Study/PFE/PaST/temp/phaseP_full_synthetic_freeze/per_instance/moves_exact_labeled_instance_100050_eps_139.csv,/Users/mac/Documents/Study/PFE/PaST/temp/phaseP_full_synthetic_freeze/per_instance/moves_broad_instance_100050_eps_139.csv
m25_n500_k350,m25_n500_k350,train,syn_vls_m25_n500_k350_s20269422,100051,20269422,25,500,350,3316,12,133,141,0.40285714,ok,1,0,0,1,7.684290,stageO_synthetic_dense_logging,7.697258,39026688,1792,1277,515,0.71261161,                6416  involuntary context switches\n         41915059398  instructions retired\n         18226748218  cycles elapsed\n            38306176  peak memory footprint,/Users/mac/Documents/Study/PFE/PaST/temp/phaseP_full_synthetic_freeze/per_instance/moves_exact_labeled_instance_100051_eps_141.csv,/Users/mac/Documents/Study/PFE/PaST/temp/phaseP_full_synthetic_freeze/per_instance/moves_broad_instance_100051_eps_141.csv
m25_n500_k350,m25_n500_k350,train,syn_vls_m25_n500_k350_s20269424,100053,20269424,25,500,350,3344,12,134,142,0.40571429,ok,1,0,0,1,7.650153,stageO_synthetic_dense_logging,7.682601,78102528,1792,1519,273,0.84765625,               11825  involuntary context switches\n         42750283644  instructions retired\n         17310593842  cycles elapsed\n            64913840  peak memory footprint,/Users/mac/Documents/Study/PFE/PaST/temp/phaseP_full_synthetic_freeze/per_instance/moves_exact_labeled_instance_100053_eps_142.csv,/Users/mac/Documents/Study/PFE/PaST/temp/phaseP_full_synthetic_freeze/per_instance/moves_broad_instance_100053_eps_142.csv
m25_n500_k350,m25_n500_k350,train,syn_vls_m25_n500_k350_s20269425,100054,20269425,25,500,350,3320,12,133,141,0.40285714,ok,1,0,0,1,33.602978,stageO_synthetic_dense_logging,33.61751,256868352,311,245,66,0.78778135,               19239  involuntary context switches\n        108455791591  instructions retired\n         79008222357  cycles elapsed\n           215614040  peak memory footprint,/Users/mac/Documents/Study/PFE/PaST/temp/phaseP_full_synthetic_freeze/per_instance/moves_exact_labeled_instance_100054_eps_141.csv,/Users/mac/Documents/Study/PFE/PaST/temp/phaseP_full_synthetic_freeze/per_instance/moves_broad_instance_100054_eps_141.csv
m25_n500_k350,m25_n500_k350,val,syn_vls_m25_n500_k350_s20269423,100052,20269423,25,500,350,3234,12,130,138,0.39428571,ok,1,0,0,1,15.244551,stageO_synthetic_dense_logging,15.257383,78364672,1792,1421,371,0.79296875,               14762  involuntary context switches\n         65134393468  instructions retired\n         34564928715  cycles elapsed\n            60359064  peak memory footprint,/Users/mac/Documents/Study/PFE/PaST/temp/phaseP_full_synthetic_freeze/per_instance/moves_exact_labeled_instance_100052_eps_138.csv,/Users/mac/Documents/Study/PFE/PaST/temp/phaseP_full_synthetic_freeze/per_instance/moves_broad_instance_100052_eps_138.csv
m25_n500_k500,m25_n500_k500,train,syn_vls_m25_n500_k500_s20270420,100055,20270420,25,500,500,3340,12,134,142,0.284,ok,1,0,0,1,19.210294,stageO_synthetic_dense_logging,19.222678,214597632,677,521,156,0.76957164,               13725  involuntary context switches\n         68575370963  instructions retired\n         45504893111  cycles elapsed\n           192479784  peak memory footprint,/Users/mac/Documents/Study/PFE/PaST/temp/phaseP_full_synthetic_freeze/per_instance/moves_exact_labeled_instance_100055_eps_142.csv,/Users/mac/Documents/Study/PFE/PaST/temp/phaseP_full_synthetic_freeze/per_instance/moves_broad_instance_100055_eps_142.csv
m25_n500_k500,m25_n500_k500,train,syn_vls_m25_n500_k500_s20270421,100056,20270421,25,500,500,3289,12,132,140,0.28,ok,1,0,0,1,20.016571,stageO_synthetic_dense_logging,20.029389,198246400,1344,1247,97,0.92782738,               13754  involuntary context switches\n         73896318820  instructions retired\n         47914957960  cycles elapsed\n           197640744  peak memory footprint,/Users/mac/Documents/Study/PFE/PaST/temp/phaseP_full_synthetic_freeze/per_instance/moves_exact_labeled_instance_100056_eps_140.csv,/Users/mac/Documents/Study/PFE/PaST/temp/phaseP_full_synthetic_freeze/per_instance/moves_broad_instance_100056_eps_140.csv
m25_n500_k500,m25_n500_k500,train,syn_vls_m25_n500_k500_s20270422,100057,20270422,25,500,500,3191,12,128,136,0.272,ok,1,0,0,1,23.129547,stageO_synthetic_dense_logging,23.142507,74104832,1792,978,814,0.54575893,               18436  involuntary context switches\n         88675385294  instructions retired\n         54507525468  cycles elapsed\n            74121624  peak memory footprint,/Users/mac/Documents/Study/PFE/PaST/temp/phaseP_full_synthetic_freeze/per_instance/moves_exact_labeled_instance_100057_eps_136.csv,/Users/mac/Documents/Study/PFE/PaST/temp/phaseP_full_synthetic_freeze/per_instance/moves_broad_instance_100057_eps_136.csv
m25_n500_k500,m25_n500_k500,train,syn_vls_m25_n500_k500_s20270423,100058,20270423,25,500,500,3387,12,136,144,0.288,ok,1,0,0,1,32.944357,stageO_synthetic_dense_logging,32.960366,234455040,1085,1023,62,0.94285714,               16430  involuntary context switches\n        118800636832  instructions retired\n         79752598811  cycles elapsed\n           202736216  peak memory footprint,/Users/mac/Documents/Study/PFE/PaST/temp/phaseP_full_synthetic_freeze/per_instance/moves_exact_labeled_instance_100058_eps_144.csv,/Users/mac/Documents/Study/PFE/PaST/temp/phaseP_full_synthetic_freeze/per_instance/moves_broad_instance_100058_eps_144.csv
m25_n500_k500,m25_n500_k500,train,syn_vls_m25_n500_k500_s20270424,100059,20270424,25,500,500,3273,12,131,139,0.278,ok,1,0,0,1,18.376225,stageO_synthetic_dense_logging,18.390166,78200832,1792,876,916,0.48883929,               12814  involuntary context switches\n         75570832968  instructions retired\n         43769163044  cycles elapsed\n            68288920  peak memory footprint,/Users/mac/Documents/Study/PFE/PaST/temp/phaseP_full_synthetic_freeze/per_instance/moves_exact_labeled_instance_100059_eps_139.csv,/Users/mac/Documents/Study/PFE/PaST/temp/phaseP_full_synthetic_freeze/per_instance/moves_broad_instance_100059_eps_139.csv
m25_n500_k500,m25_n500_k500,val,syn_vls_m25_n500_k500_s20270425,100060,20270425,25,500,500,3106,12,125,133,0.266,ok,1,0,0,1,3.144181,stageO_synthetic_dense_logging,3.165312,29638656,1792,1366,426,0.76227679,                4594  involuntary context switches\n         24936713035  instructions retired\n          6742784805  cycles elapsed\n            29229440  peak memory footprint,/Users/mac/Documents/Study/PFE/PaST/temp/phaseP_full_synthetic_freeze/per_instance/moves_exact_labeled_instance_100060_eps_133.csv,/Users/mac/Documents/Study/PFE/PaST/temp/phaseP_full_synthetic_freeze/per_instance/moves_broad_instance_100060_eps_133.csv
m30_n250_k350,m30_n250_k350,train,syn_vls_m30_n250_k350_s20271420,100061,20271420,30,250,350,1556,12,52,60,0.17142857,ok,1,0,0,1,0.473097,stageO_synthetic_dense_logging,0.483554,4472832,1792,1291,501,0.72042411,                 433  involuntary context switches\n          4669346851  instructions retired\n          1101359625  cycles elapsed\n             3719528  peak memory footprint,/Users/mac/Documents/Study/PFE/PaST/temp/phaseP_full_synthetic_freeze/per_instance/moves_exact_labeled_instance_100061_eps_60.csv,/Users/mac/Documents/Study/PFE/PaST/temp/phaseP_full_synthetic_freeze/per_instance/moves_broad_instance_100061_eps_60.csv
m30_n250_k350,m30_n250_k350,train,syn_vls_m30_n250_k350_s20271421,100062,20271421,30,250,350,1694,12,57,65,0.18571429,ok,1,0,0,1,0.512777,stageO_synthetic_dense_logging,0.525093,5914624,1792,1393,399,0.77734375,                 277  involuntary context switches\n          5190888814  instructions retired\n          1252047088  cycles elapsed\n             5161320  peak memory footprint,/Users/mac/Documents/Study/PFE/PaST/temp/phaseP_full_synthetic_freeze/per_instance/moves_exact_labeled_instance_100062_eps_65.csv,/Users/mac/Documents/Study/PFE/PaST/temp/phaseP_full_synthetic_freeze/per_instance/moves_broad_instance_100062_eps_65.csv
m30_n250_k350,m30_n250_k350,train,syn_vls_m30_n250_k350_s20271422,100063,20271422,30,250,350,1545,12,52,60,0.17142857,ok,1,0,0,1,0.542853,stageO_synthetic_dense_logging,0.554704,6488064,1792,1188,604,0.66294643,                 601  involuntary context switches\n          5152906416  instructions retired\n          1271002607  cycles elapsed\n             5734760  peak memory footprint,/Users/mac/Documents/Study/PFE/PaST/temp/phaseP_full_synthetic_freeze/per_instance/moves_exact_labeled_instance_100063_eps_60.csv,/Users/mac/Documents/Study/PFE/PaST/temp/phaseP_full_synthetic_freeze/per_instance/moves_broad_instance_100063_eps_60.csv
m30_n250_k350,m30_n250_k350,train,syn_vls_m30_n250_k350_s20271423,100064,20271423,30,250,350,1656,12,56,64,0.18285714,ok,1,0,0,1,0.459142,stageO_synthetic_dense_logging,0.469391,4898816,1792,1650,142,0.92075893,                 264  involuntary context switches\n          4762939012  instructions retired\n          1114085300  cycles elapsed\n             3948904  peak memory footprint,/Users/mac/Documents/Study/PFE/PaST/temp/phaseP_full_synthetic_freeze/per_instance/moves_exact_labeled_instance_100064_eps_64.csv,/Users/mac/Documents/Study/PFE/PaST/temp/phaseP_full_synthetic_freeze/per_instance/moves_broad_instance_100064_eps_64.csv
m30_n250_k350,m30_n250_k350,train,syn_vls_m30_n250_k350_s20271425,100066,20271425,30,250,350,1715,12,58,66,0.18857143,ok,1,0,0,1,0.439827,stageO_synthetic_dense_logging,0.450138,5390336,1792,1668,124,0.93080357,                 205  involuntary context switches\n          4808513548  instructions retired\n          1055491948  cycles elapsed\n             4637032  peak memory footprint,/Users/mac/Documents/Study/PFE/PaST/temp/phaseP_full_synthetic_freeze/per_instance/moves_exact_labeled_instance_100066_eps_66.csv,/Users/mac/Documents/Study/PFE/PaST/temp/phaseP_full_synthetic_freeze/per_instance/moves_broad_instance_100066_eps_66.csv
m30_n250_k350,m30_n250_k350,val,syn_vls_m30_n250_k350_s20271424,100065,20271424,30,250,350,1499,12,50,58,0.16571429,ok,1,0,0,1,0.414966,stageO_synthetic_dense_logging,0.426902,3817472,1792,1106,686,0.6171875,                 198  involuntary context switches\n          4590504526  instructions retired\n          1016699587  cycles elapsed\n             3064168  peak memory footprint,/Users/mac/Documents/Study/PFE/PaST/temp/phaseP_full_synthetic_freeze/per_instance/moves_exact_labeled_instance_100065_eps_58.csv,/Users/mac/Documents/Study/PFE/PaST/temp/phaseP_full_synthetic_freeze/per_instance/moves_broad_instance_100065_eps_58.csv
m30_n250_k500,m30_n250_k500,train,syn_vls_m30_n250_k500_s20272420,100067,20272420,30,250,500,1641,12,55,63,0.126,ok,1,0,0,1,0.447569,stageO_synthetic_dense_logging,0.463188,5472256,1792,1410,382,0.78683036,                 643  involuntary context switches\n          4714416941  instructions retired\n          1065829616  cycles elapsed\n             4637056  peak memory footprint,/Users/mac/Documents/Study/PFE/PaST/temp/phaseP_full_synthetic_freeze/per_instance/moves_exact_labeled_instance_100067_eps_63.csv,/Users/mac/Documents/Study/PFE/PaST/temp/phaseP_full_synthetic_freeze/per_instance/moves_broad_instance_100067_eps_63.csv
m30_n250_k500,m30_n250_k500,train,syn_vls_m30_n250_k500_s20272422,100069,20272422,30,250,500,1651,12,56,64,0.128,ok,1,0,0,1,0.557077,stageO_synthetic_dense_logging,0.56892,6422528,1792,1495,297,0.83426339,                 148  involuntary context switches\n          5493843105  instructions retired\n          1367354428  cycles elapsed\n             5669224  peak memory footprint,/Users/mac/Documents/Study/PFE/PaST/temp/phaseP_full_synthetic_freeze/per_instance/moves_exact_labeled_instance_100069_eps_64.csv,/Users/mac/Documents/Study/PFE/PaST/temp/phaseP_full_synthetic_freeze/per_instance/moves_broad_instance_100069_eps_64.csv
m30_n250_k500,m30_n250_k500,train,syn_vls_m30_n250_k500_s20272423,100070,20272423,30,250,500,1760,12,59,67,0.134,ok,1,0,0,1,0.457496,stageO_synthetic_dense_logging,0.468623,3964928,1792,1566,226,0.87388393,                 227  involuntary context switches\n          5019934451  instructions retired\n          1116596034  cycles elapsed\n             3015016  peak memory footprint,/Users/mac/Documents/Study/PFE/PaST/temp/phaseP_full_synthetic_freeze/per_instance/moves_exact_labeled_instance_100070_eps_67.csv,/Users/mac/Documents/Study/PFE/PaST/temp/phaseP_full_synthetic_freeze/per_instance/moves_broad_instance_100070_eps_67.csv
m30_n250_k500,m30_n250_k500,train,syn_vls_m30_n250_k500_s20272424,100071,20272424,30,250,500,1585,12,53,61,0.122,ok,1,0,0,1,0.478465,stageO_synthetic_dense_logging,0.488854,5980160,1792,1493,299,0.83314732,                 139  involuntary context switches\n          4845838456  instructions retired\n          1174507588  cycles elapsed\n             5226856  peak memory footprint,/Users/mac/Documents/Study/PFE/PaST/temp/phaseP_full_synthetic_freeze/per_instance/moves_exact_labeled_instance_100071_eps_61.csv,/Users/mac/Documents/Study/PFE/PaST/temp/phaseP_full_synthetic_freeze/per_instance/moves_broad_instance_100071_eps_61.csv
m30_n250_k500,m30_n250_k500,train,syn_vls_m30_n250_k500_s20272425,100072,20272425,30,250,500,1631,12,55,63,0.126,ok,1,0,0,1,0.588335,stageO_synthetic_dense_logging,0.59859,6078464,1792,1375,417,0.76729911,                1093  involuntary context switches\n          5145786578  instructions retired\n          1396652827  cycles elapsed\n             5325160  peak memory footprint,/Users/mac/Documents/Study/PFE/PaST/temp/phaseP_full_synthetic_freeze/per_instance/moves_exact_labeled_instance_100072_eps_63.csv,/Users/mac/Documents/Study/PFE/PaST/temp/phaseP_full_synthetic_freeze/per_instance/moves_broad_instance_100072_eps_63.csv
m30_n250_k500,m30_n250_k500,val,syn_vls_m30_n250_k500_s20272421,100068,20272421,30,250,500,1630,12,55,63,0.126,ok,1,0,0,1,0.430380,stageO_synthetic_dense_logging,0.440838,5636096,1792,911,881,0.50837054,                 145  involuntary context switches\n          4898029054  instructions retired\n          1055171520  cycles elapsed\n             4882792  peak memory footprint,/Users/mac/Documents/Study/PFE/PaST/temp/phaseP_full_synthetic_freeze/per_instance/moves_exact_labeled_instance_100068_eps_63.csv,/Users/mac/Documents/Study/PFE/PaST/temp/phaseP_full_synthetic_freeze/per_instance/moves_broad_instance_100068_eps_63.csv
m30_n300_k350,m30_n300_k350,train,syn_vls_m30_n300_k350_s20273420,100073,20273420,30,300,350,1912,12,64,72,0.20571429,ok,1,0,0,1,0.973193,stageO_synthetic_dense_logging,0.983654,7880704,1792,1452,340,0.81026786,                 403  involuntary context switches\n          8263833564  instructions retired\n          2380458163  cycles elapsed\n             7127400  peak memory footprint,/Users/mac/Documents/Study/PFE/PaST/temp/phaseP_full_synthetic_freeze/per_instance/moves_exact_labeled_instance_100073_eps_72.csv,/Users/mac/Documents/Study/PFE/PaST/temp/phaseP_full_synthetic_freeze/per_instance/moves_broad_instance_100073_eps_72.csv
m30_n300_k350,m30_n300_k350,train,syn_vls_m30_n300_k350_s20273421,100074,20273421,30,300,350,1926,12,65,73,0.20857143,ok,1,0,0,1,0.744115,stageO_synthetic_dense_logging,0.75934,7421952,1792,955,837,0.53292411,                1848  involuntary context switches\n          6628441059  instructions retired\n          1589938702  cycles elapsed\n             6685056  peak memory footprint,/Users/mac/Documents/Study/PFE/PaST/temp/phaseP_full_synthetic_freeze/per_instance/moves_exact_labeled_instance_100074_eps_73.csv,/Users/mac/Documents/Study/PFE/PaST/temp/phaseP_full_synthetic_freeze/per_instance/moves_broad_instance_100074_eps_73.csv
m30_n300_k350,m30_n300_k350,train,syn_vls_m30_n300_k350_s20273422,100075,20273422,30,300,350,1954,12,66,74,0.21142857,ok,1,0,0,1,0.590142,stageO_synthetic_dense_logging,0.600462,7651328,1792,1346,446,0.75111607,                 228  involuntary context switches\n          6385547558  instructions retired\n          1441401355  cycles elapsed\n             5816680  peak memory footprint,/Users/mac/Documents/Study/PFE/PaST/temp/phaseP_full_synthetic_freeze/per_instance/moves_exact_labeled_instance_100075_eps_74.csv,/Users/mac/Documents/Study/PFE/PaST/temp/phaseP_full_synthetic_freeze/per_instance/moves_broad_instance_100075_eps_74.csv
m30_n300_k350,m30_n300_k350,train,syn_vls_m30_n300_k350_s20273423,100076,20273423,30,300,350,1980,12,66,74,0.21142857,ok,1,0,0,1,0.651255,stageO_synthetic_dense_logging,0.662543,7553024,1792,1781,11,0.99386161,                 500  involuntary context switches\n          6761597998  instructions retired\n          1585565419  cycles elapsed\n             6799720  peak memory footprint,/Users/mac/Documents/Study/PFE/PaST/temp/phaseP_full_synthetic_freeze/per_instance/moves_exact_labeled_instance_100076_eps_74.csv,/Users/mac/Documents/Study/PFE/PaST/temp/phaseP_full_synthetic_freeze/per_instance/moves_broad_instance_100076_eps_74.csv
m30_n300_k350,m30_n300_k350,train,syn_vls_m30_n300_k350_s20273425,100078,20273425,30,300,350,2098,12,70,78,0.22285714,ok,1,0,0,1,1.216832,stageO_synthetic_dense_logging,1.22666,10731520,1792,1484,308,0.828125,                 664  involuntary context switches\n          9317634740  instructions retired\n          2965757976  cycles elapsed\n             9978216  peak memory footprint,/Users/mac/Documents/Study/PFE/PaST/temp/phaseP_full_synthetic_freeze/per_instance/moves_exact_labeled_instance_100078_eps_78.csv,/Users/mac/Documents/Study/PFE/PaST/temp/phaseP_full_synthetic_freeze/per_instance/moves_broad_instance_100078_eps_78.csv
m30_n300_k350,m30_n300_k350,val,syn_vls_m30_n300_k350_s20273424,100077,20273424,30,300,350,1858,12,62,70,0.2,ok,1,0,0,1,0.934543,stageO_synthetic_dense_logging,0.948321,8421376,1792,1701,91,0.94921875,                1016  involuntary context switches\n          6777576818  instructions retired\n          1836511772  cycles elapsed\n             7684480  peak memory footprint,/Users/mac/Documents/Study/PFE/PaST/temp/phaseP_full_synthetic_freeze/per_instance/moves_exact_labeled_instance_100077_eps_70.csv,/Users/mac/Documents/Study/PFE/PaST/temp/phaseP_full_synthetic_freeze/per_instance/moves_broad_instance_100077_eps_70.csv
m30_n300_k500,m30_n300_k500,train,syn_vls_m30_n300_k500_s20274421,100080,20274421,30,300,500,1994,12,67,75,0.15,ok,1,0,0,1,0.716189,stageO_synthetic_dense_logging,0.729383,7192576,1792,1762,30,0.98325893,                 730  involuntary context switches\n          6939618528  instructions retired\n          1708136837  cycles elapsed\n             6439272  peak memory footprint,/Users/mac/Documents/Study/PFE/PaST/temp/phaseP_full_synthetic_freeze/per_instance/moves_exact_labeled_instance_100080_eps_75.csv,/Users/mac/Documents/Study/PFE/PaST/temp/phaseP_full_synthetic_freeze/per_instance/moves_broad_instance_100080_eps_75.csv
m30_n300_k500,m30_n300_k500,train,syn_vls_m30_n300_k500_s20274422,100081,20274422,30,300,500,1922,12,65,73,0.146,ok,1,0,0,1,0.552427,stageO_synthetic_dense_logging,0.564979,3850240,1792,983,809,0.54854911,                 217  involuntary context switches\n          6324037463  instructions retired\n          1353083750  cycles elapsed\n             3096936  peak memory footprint,/Users/mac/Documents/Study/PFE/PaST/temp/phaseP_full_synthetic_freeze/per_instance/moves_exact_labeled_instance_100081_eps_73.csv,/Users/mac/Documents/Study/PFE/PaST/temp/phaseP_full_synthetic_freeze/per_instance/moves_broad_instance_100081_eps_73.csv
m30_n300_k500,m30_n300_k500,train,syn_vls_m30_n300_k500_s20274423,100082,20274423,30,300,500,1880,12,63,71,0.142,ok,1,0,0,1,0.927218,stageO_synthetic_dense_logging,0.939769,13254656,1792,1459,333,0.81417411,                 420  involuntary context switches\n          7803282765  instructions retired\n          2243155264  cycles elapsed\n            12517760  peak memory footprint,/Users/mac/Documents/Study/PFE/PaST/temp/phaseP_full_synthetic_freeze/per_instance/moves_exact_labeled_instance_100082_eps_71.csv,/Users/mac/Documents/Study/PFE/PaST/temp/phaseP_full_synthetic_freeze/per_instance/moves_broad_instance_100082_eps_71.csv
m30_n300_k500,m30_n300_k500,train,syn_vls_m30_n300_k500_s20274424,100083,20274424,30,300,500,1982,12,67,75,0.15,ok,1,0,0,1,0.734370,stageO_synthetic_dense_logging,0.747092,9682944,1792,1166,626,0.65066964,                 182  involuntary context switches\n          7197809623  instructions retired\n          1801916597  cycles elapsed\n             8929640  peak memory footprint,/Users/mac/Documents/Study/PFE/PaST/temp/phaseP_full_synthetic_freeze/per_instance/moves_exact_labeled_instance_100083_eps_75.csv,/Users/mac/Documents/Study/PFE/PaST/temp/phaseP_full_synthetic_freeze/per_instance/moves_broad_instance_100083_eps_75.csv
m30_n300_k500,m30_n300_k500,train,syn_vls_m30_n300_k500_s20274425,100084,20274425,30,300,500,1966,12,66,74,0.148,ok,1,0,0,1,0.630827,stageO_synthetic_dense_logging,0.651636,6930432,1792,1261,531,0.70368304,                1685  involuntary context switches\n          6172991691  instructions retired\n          1461546149  cycles elapsed\n             6193536  peak memory footprint,/Users/mac/Documents/Study/PFE/PaST/temp/phaseP_full_synthetic_freeze/per_instance/moves_exact_labeled_instance_100084_eps_74.csv,/Users/mac/Documents/Study/PFE/PaST/temp/phaseP_full_synthetic_freeze/per_instance/moves_broad_instance_100084_eps_74.csv
m30_n300_k500,m30_n300_k500,val,syn_vls_m30_n300_k500_s20274420,100079,20274420,30,300,500,1959,12,66,74,0.148,ok,1,0,0,1,0.617890,stageO_synthetic_dense_logging,0.62807,6258688,1792,1464,328,0.81696429,                 561  involuntary context switches\n          6202871642  instructions retired\n          1463600498  cycles elapsed\n             5521792  peak memory footprint,/Users/mac/Documents/Study/PFE/PaST/temp/phaseP_full_synthetic_freeze/per_instance/moves_exact_labeled_instance_100079_eps_74.csv,/Users/mac/Documents/Study/PFE/PaST/temp/phaseP_full_synthetic_freeze/per_instance/moves_broad_instance_100079_eps_74.csv
m30_n350_k350,m30_n350_k350,train,syn_vls_m30_n350_k350_s20275420,100085,20275420,30,350,350,2296,12,77,85,0.24285714,ok,1,0,0,1,1.910379,stageO_synthetic_dense_logging,1.924772,14942208,1792,1194,598,0.66629464,                1876  involuntary context switches\n         13022329218  instructions retired\n          4293747402  cycles elapsed\n            14221696  peak memory footprint,/Users/mac/Documents/Study/PFE/PaST/temp/phaseP_full_synthetic_freeze/per_instance/moves_exact_labeled_instance_100085_eps_85.csv,/Users/mac/Documents/Study/PFE/PaST/temp/phaseP_full_synthetic_freeze/per_instance/moves_broad_instance_100085_eps_85.csv
m30_n350_k350,m30_n350_k350,train,syn_vls_m30_n350_k350_s20275421,100086,20275421,30,350,350,2240,12,75,83,0.23714286,ok,1,0,0,1,1.348511,stageO_synthetic_dense_logging,1.359665,9142272,1792,1711,81,0.95479911,                1160  involuntary context switches\n         10877786442  instructions retired\n          3075843401  cycles elapsed\n             8192384  peak memory footprint,/Users/mac/Documents/Study/PFE/PaST/temp/phaseP_full_synthetic_freeze/per_instance/moves_exact_labeled_instance_100086_eps_83.csv,/Users/mac/Documents/Study/PFE/PaST/temp/phaseP_full_synthetic_freeze/per_instance/moves_broad_instance_100086_eps_83.csv
m30_n350_k350,m30_n350_k350,train,syn_vls_m30_n350_k350_s20275423,100088,20275423,30,350,350,2254,12,76,84,0.24,ok,1,0,0,1,1.249174,stageO_synthetic_dense_logging,1.263564,13320192,1792,1364,428,0.76116071,                 326  involuntary context switches\n         10242640471  instructions retired\n          3054880999  cycles elapsed\n            12566888  peak memory footprint,/Users/mac/Documents/Study/PFE/PaST/temp/phaseP_full_synthetic_freeze/per_instance/moves_exact_labeled_instance_100088_eps_84.csv,/Users/mac/Documents/Study/PFE/PaST/temp/phaseP_full_synthetic_freeze/per_instance/moves_broad_instance_100088_eps_84.csv
m30_n350_k350,m30_n350_k350,train,syn_vls_m30_n350_k350_s20275424,100089,20275424,30,350,350,2250,12,75,83,0.23714286,ok,1,0,0,1,1.046430,stageO_synthetic_dense_logging,1.058152,11337728,1792,1162,630,0.6484375,                 228  involuntary context switches\n          9856968285  instructions retired\n          2565733480  cycles elapsed\n            10584424  peak memory footprint,/Users/mac/Documents/Study/PFE/PaST/temp/phaseP_full_synthetic_freeze/per_instance/moves_exact_labeled_instance_100089_eps_83.csv,/Users/mac/Documents/Study/PFE/PaST/temp/phaseP_full_synthetic_freeze/per_instance/moves_broad_instance_100089_eps_83.csv
m30_n350_k350,m30_n350_k350,train,syn_vls_m30_n350_k350_s20275425,100090,20275425,30,350,350,2390,12,80,88,0.25142857,ok,1,0,0,1,1.502613,stageO_synthetic_dense_logging,1.513305,16793600,1792,1370,422,0.76450893,                 453  involuntary context switches\n         11945236258  instructions retired\n          3374469062  cycles elapsed\n            16056704  peak memory footprint,/Users/mac/Documents/Study/PFE/PaST/temp/phaseP_full_synthetic_freeze/per_instance/moves_exact_labeled_instance_100090_eps_88.csv,/Users/mac/Documents/Study/PFE/PaST/temp/phaseP_full_synthetic_freeze/per_instance/moves_broad_instance_100090_eps_88.csv
m30_n350_k350,m30_n350_k350,val,syn_vls_m30_n350_k350_s20275422,100087,20275422,30,350,350,2243,12,75,83,0.23714286,ok,1,0,0,1,2.051212,stageO_synthetic_dense_logging,2.0651,22478848,1792,1436,356,0.80133929,                 437  involuntary context switches\n         14136265766  instructions retired\n          5006878700  cycles elapsed\n            21709184  peak memory footprint,/Users/mac/Documents/Study/PFE/PaST/temp/phaseP_full_synthetic_freeze/per_instance/moves_exact_labeled_instance_100087_eps_83.csv,/Users/mac/Documents/Study/PFE/PaST/temp/phaseP_full_synthetic_freeze/per_instance/moves_broad_instance_100087_eps_83.csv
m30_n350_k500,m30_n350_k500,train,syn_vls_m30_n350_k500_s20276420,100091,20276420,30,350,500,2222,12,75,83,0.166,ok,1,0,0,1,0.850624,stageO_synthetic_dense_logging,0.861411,7798784,1792,1333,459,0.74386161,                 164  involuntary context switches\n          8757095693  instructions retired\n          2084103989  cycles elapsed\n             7045480  peak memory footprint,/Users/mac/Documents/Study/PFE/PaST/temp/phaseP_full_synthetic_freeze/per_instance/moves_exact_labeled_instance_100091_eps_83.csv,/Users/mac/Documents/Study/PFE/PaST/temp/phaseP_full_synthetic_freeze/per_instance/moves_broad_instance_100091_eps_83.csv
m30_n350_k500,m30_n350_k500,train,syn_vls_m30_n350_k500_s20276421,100092,20276421,30,350,500,2264,12,76,84,0.168,ok,1,0,0,1,1.128521,stageO_synthetic_dense_logging,1.139692,14860288,1792,1792,0,1.0,                 277  involuntary context switches\n         10414605824  instructions retired\n          2749897867  cycles elapsed\n            14123392  peak memory footprint,/Users/mac/Documents/Study/PFE/PaST/temp/phaseP_full_synthetic_freeze/per_instance/moves_exact_labeled_instance_100092_eps_84.csv,/Users/mac/Documents/Study/PFE/PaST/temp/phaseP_full_synthetic_freeze/per_instance/moves_broad_instance_100092_eps_84.csv
m30_n350_k500,m30_n350_k500,train,syn_vls_m30_n350_k500_s20276422,100093,20276422,30,350,500,2225,12,75,83,0.166,ok,1,0,0,1,0.967848,stageO_synthetic_dense_logging,0.98086,11534336,1792,1627,165,0.90792411,                 264  involuntary context switches\n          8858775325  instructions retired\n          2189118691  cycles elapsed\n            10797440  peak memory footprint,/Users/mac/Documents/Study/PFE/PaST/temp/phaseP_full_synthetic_freeze/per_instance/moves_exact_labeled_instance_100093_eps_83.csv,/Users/mac/Documents/Study/PFE/PaST/temp/phaseP_full_synthetic_freeze/per_instance/moves_broad_instance_100093_eps_83.csv
m30_n350_k500,m30_n350_k500,train,syn_vls_m30_n350_k500_s20276423,100094,20276423,30,350,500,2160,12,72,80,0.16,ok,1,0,0,1,0.854994,stageO_synthetic_dense_logging,0.864476,7094272,1792,1680,112,0.9375,                 268  involuntary context switches\n          8533704124  instructions retired\n          2074341712  cycles elapsed\n             6340968  peak memory footprint,/Users/mac/Documents/Study/PFE/PaST/temp/phaseP_full_synthetic_freeze/per_instance/moves_exact_labeled_instance_100094_eps_80.csv,/Users/mac/Documents/Study/PFE/PaST/temp/phaseP_full_synthetic_freeze/per_instance/moves_broad_instance_100094_eps_80.csv
m30_n350_k500,m30_n350_k500,train,syn_vls_m30_n350_k500_s20276425,100096,20276425,30,350,500,2267,12,76,84,0.168,ok,1,0,0,1,1.000290,stageO_synthetic_dense_logging,1.011418,6701056,1792,1492,300,0.83258929,                 277  involuntary context switches\n         10303773383  instructions retired\n          2438944735  cycles elapsed\n             5964160  peak memory footprint,/Users/mac/Documents/Study/PFE/PaST/temp/phaseP_full_synthetic_freeze/per_instance/moves_exact_labeled_instance_100096_eps_84.csv,/Users/mac/Documents/Study/PFE/PaST/temp/phaseP_full_synthetic_freeze/per_instance/moves_broad_instance_100096_eps_84.csv
m30_n350_k500,m30_n350_k500,val,syn_vls_m30_n350_k500_s20276424,100095,20276424,30,350,500,2320,12,78,86,0.172,ok,1,0,0,1,1.227889,stageO_synthetic_dense_logging,1.2381,14630912,1792,1691,101,0.94363839,                 764  involuntary context switches\n         10892351582  instructions retired\n          2992872419  cycles elapsed\n            13894016  peak memory footprint,/Users/mac/Documents/Study/PFE/PaST/temp/phaseP_full_synthetic_freeze/per_instance/moves_exact_labeled_instance_100095_eps_86.csv,/Users/mac/Documents/Study/PFE/PaST/temp/phaseP_full_synthetic_freeze/per_instance/moves_broad_instance_100095_eps_86.csv
m30_n400_k350,m30_n400_k350,train,syn_vls_m30_n400_k350_s20277420,100097,20277420,30,400,350,2612,12,88,96,0.27428571,ok,1,0,0,1,2.916875,stageO_synthetic_dense_logging,2.930186,14712832,1792,1181,611,0.65904018,                3303  involuntary context switches\n         17119364982  instructions retired\n          6580506942  cycles elapsed\n            14270848  peak memory footprint,/Users/mac/Documents/Study/PFE/PaST/temp/phaseP_full_synthetic_freeze/per_instance/moves_exact_labeled_instance_100097_eps_96.csv,/Users/mac/Documents/Study/PFE/PaST/temp/phaseP_full_synthetic_freeze/per_instance/moves_broad_instance_100097_eps_96.csv
m30_n400_k350,m30_n400_k350,train,syn_vls_m30_n400_k350_s20277422,100099,20277422,30,400,350,2733,12,92,100,0.28571429,ok,1,0,0,1,3.875544,stageO_synthetic_dense_logging,3.887076,45973504,1792,1671,121,0.93247768,                1724  involuntary context switches\n         22525229302  instructions retired\n          9109816896  cycles elapsed\n            41681280  peak memory footprint,/Users/mac/Documents/Study/PFE/PaST/temp/phaseP_full_synthetic_freeze/per_instance/moves_exact_labeled_instance_100099_eps_100.csv,/Users/mac/Documents/Study/PFE/PaST/temp/phaseP_full_synthetic_freeze/per_instance/moves_broad_instance_100099_eps_100.csv
m30_n400_k350,m30_n400_k350,train,syn_vls_m30_n400_k350_s20277423,100100,20277423,30,400,350,2702,12,91,99,0.28285714,ok,1,0,0,1,2.030232,stageO_synthetic_dense_logging,2.041038,23379968,1792,1501,291,0.83761161,                 907  involuntary context switches\n         15753689796  instructions retired\n          4945034722  cycles elapsed\n            22643072  peak memory footprint,/Users/mac/Documents/Study/PFE/PaST/temp/phaseP_full_synthetic_freeze/per_instance/moves_exact_labeled_instance_100100_eps_99.csv,/Users/mac/Documents/Study/PFE/PaST/temp/phaseP_full_synthetic_freeze/per_instance/moves_broad_instance_100100_eps_99.csv
m30_n400_k350,m30_n400_k350,train,syn_vls_m30_n400_k350_s20277424,100101,20277424,30,400,350,2620,12,88,96,0.27428571,ok,1,0,0,1,1.660693,stageO_synthetic_dense_logging,1.671292,10584064,1792,1038,754,0.57924107,                 711  involuntary context switches\n         13532109695  instructions retired\n          4048253857  cycles elapsed\n             9191808  peak memory footprint,/Users/mac/Documents/Study/PFE/PaST/temp/phaseP_full_synthetic_freeze/per_instance/moves_exact_labeled_instance_100101_eps_96.csv,/Users/mac/Documents/Study/PFE/PaST/temp/phaseP_full_synthetic_freeze/per_instance/moves_broad_instance_100101_eps_96.csv
m30_n400_k350,m30_n400_k350,train,syn_vls_m30_n400_k350_s20277425,100102,20277425,30,400,350,2675,12,90,98,0.28,ok,1,0,0,1,2.814194,stageO_synthetic_dense_logging,2.826589,35373056,1792,1310,482,0.73102679,                1175  involuntary context switches\n         18017492919  instructions retired\n          6377794383  cycles elapsed\n            32129408  peak memory footprint,/Users/mac/Documents/Study/PFE/PaST/temp/phaseP_full_synthetic_freeze/per_instance/moves_exact_labeled_instance_100102_eps_98.csv,/Users/mac/Documents/Study/PFE/PaST/temp/phaseP_full_synthetic_freeze/per_instance/moves_broad_instance_100102_eps_98.csv
m30_n400_k350,m30_n400_k350,val,syn_vls_m30_n400_k350_s20277421,100098,20277421,30,400,350,2590,12,87,95,0.27142857,ok,1,0,0,1,3.185709,stageO_synthetic_dense_logging,3.197277,35274752,1792,1048,744,0.58482143,                1263  involuntary context switches\n         19890990881  instructions retired\n          7607175266  cycles elapsed\n            19939712  peak memory footprint,/Users/mac/Documents/Study/PFE/PaST/temp/phaseP_full_synthetic_freeze/per_instance/moves_exact_labeled_instance_100098_eps_95.csv,/Users/mac/Documents/Study/PFE/PaST/temp/phaseP_full_synthetic_freeze/per_instance/moves_broad_instance_100098_eps_95.csv
m30_n400_k500,m30_n400_k500,train,syn_vls_m30_n400_k500_s20278420,100103,20278420,30,400,500,2625,12,88,96,0.192,ok,1,0,0,1,1.116056,stageO_synthetic_dense_logging,1.127908,7602176,1792,1294,498,0.72209821,                 368  involuntary context switches\n         11407855921  instructions retired\n          2727861206  cycles elapsed\n             6848872  peak memory footprint,/Users/mac/Documents/Study/PFE/PaST/temp/phaseP_full_synthetic_freeze/per_instance/moves_exact_labeled_instance_100103_eps_96.csv,/Users/mac/Documents/Study/PFE/PaST/temp/phaseP_full_synthetic_freeze/per_instance/moves_broad_instance_100103_eps_96.csv
m30_n400_k500,m30_n400_k500,train,syn_vls_m30_n400_k500_s20278421,100104,20278421,30,400,500,2655,12,89,97,0.194,ok,1,0,0,1,4.001577,stageO_synthetic_dense_logging,4.012777,32751616,1792,1449,343,0.80859375,                1693  involuntary context switches\n         22434579721  instructions retired\n          9452884305  cycles elapsed\n            30753152  peak memory footprint,/Users/mac/Documents/Study/PFE/PaST/temp/phaseP_full_synthetic_freeze/per_instance/moves_exact_labeled_instance_100104_eps_97.csv,/Users/mac/Documents/Study/PFE/PaST/temp/phaseP_full_synthetic_freeze/per_instance/moves_broad_instance_100104_eps_97.csv
m30_n400_k500,m30_n400_k500,train,syn_vls_m30_n400_k500_s20278423,100106,20278423,30,400,500,2720,12,91,99,0.198,ok,1,0,0,1,2.219254,stageO_synthetic_dense_logging,2.230017,19628032,1792,881,911,0.49162946,                 774  involuntary context switches\n         15602613789  instructions retired\n          5417175439  cycles elapsed\n            18694528  peak memory footprint,/Users/mac/Documents/Study/PFE/PaST/temp/phaseP_full_synthetic_freeze/per_instance/moves_exact_labeled_instance_100106_eps_99.csv,/Users/mac/Documents/Study/PFE/PaST/temp/phaseP_full_synthetic_freeze/per_instance/moves_broad_instance_100106_eps_99.csv
m30_n400_k500,m30_n400_k500,train,syn_vls_m30_n400_k500_s20278424,100107,20278424,30,400,500,2505,12,84,92,0.184,ok,1,0,0,1,1.452629,stageO_synthetic_dense_logging,1.463443,8896512,1792,993,799,0.55412946,                1156  involuntary context switches\n         12953607406  instructions retired\n          3439558118  cycles elapsed\n             7258496  peak memory footprint,/Users/mac/Documents/Study/PFE/PaST/temp/phaseP_full_synthetic_freeze/per_instance/moves_exact_labeled_instance_100107_eps_92.csv,/Users/mac/Documents/Study/PFE/PaST/temp/phaseP_full_synthetic_freeze/per_instance/moves_broad_instance_100107_eps_92.csv
m30_n400_k500,m30_n400_k500,train,syn_vls_m30_n400_k500_s20278425,100108,20278425,30,400,500,2522,12,85,93,0.186,ok,1,0,0,1,1.038690,stageO_synthetic_dense_logging,1.049399,7127040,1792,1520,272,0.84821429,                 703  involuntary context switches\n         10820560459  instructions retired\n          2334343964  cycles elapsed\n             6373736  peak memory footprint,/Users/mac/Documents/Study/PFE/PaST/temp/phaseP_full_synthetic_freeze/per_instance/moves_exact_labeled_instance_100108_eps_93.csv,/Users/mac/Documents/Study/PFE/PaST/temp/phaseP_full_synthetic_freeze/per_instance/moves_broad_instance_100108_eps_93.csv
m30_n400_k500,m30_n400_k500,val,syn_vls_m30_n400_k500_s20278422,100105,20278422,30,400,500,2497,12,84,92,0.184,ok,1,0,0,1,1.334226,stageO_synthetic_dense_logging,1.344068,18104320,1792,1307,485,0.72935268,                 818  involuntary context switches\n         12148608310  instructions retired\n          3225350728  cycles elapsed\n            17367424  peak memory footprint,/Users/mac/Documents/Study/PFE/PaST/temp/phaseP_full_synthetic_freeze/per_instance/moves_exact_labeled_instance_100105_eps_92.csv,/Users/mac/Documents/Study/PFE/PaST/temp/phaseP_full_synthetic_freeze/per_instance/moves_broad_instance_100105_eps_92.csv
m30_n500_k350,m30_n500_k350,train,syn_vls_m30_n500_k350_s20279420,100109,20279420,30,500,350,3233,12,108,116,0.33142857,ok,1,0,0,1,4.605271,stageO_synthetic_dense_logging,4.622681,42942464,1792,1335,457,0.74497768,                1983  involuntary context switches\n         30259594797  instructions retired\n         11152774449  cycles elapsed\n            40534400  peak memory footprint,/Users/mac/Documents/Study/PFE/PaST/temp/phaseP_full_synthetic_freeze/per_instance/moves_exact_labeled_instance_100109_eps_116.csv,/Users/mac/Documents/Study/PFE/PaST/temp/phaseP_full_synthetic_freeze/per_instance/moves_broad_instance_100109_eps_116.csv
m30_n500_k350,m30_n500_k350,train,syn_vls_m30_n500_k350_s20279421,100110,20279421,30,500,350,3216,12,108,116,0.33142857,ok,1,0,0,1,6.229117,stageO_synthetic_dense_logging,6.240003,43581440,1792,1377,415,0.76841518,                9243  involuntary context switches\n         35236931978  instructions retired\n         13796718775  cycles elapsed\n            26952064  peak memory footprint,/Users/mac/Documents/Study/PFE/PaST/temp/phaseP_full_synthetic_freeze/per_instance/moves_exact_labeled_instance_100110_eps_116.csv,/Users/mac/Documents/Study/PFE/PaST/temp/phaseP_full_synthetic_freeze/per_instance/moves_broad_instance_100110_eps_116.csv
m30_n500_k350,m30_n500_k350,train,syn_vls_m30_n500_k350_s20279422,100111,20279422,30,500,350,3231,12,108,116,0.33142857,ok,1,0,0,1,5.371752,stageO_synthetic_dense_logging,5.383417,41074688,1792,1361,431,0.75948661,                6766  involuntary context switches\n         30434632790  instructions retired\n         12610181558  cycles elapsed\n            36356480  peak memory footprint,/Users/mac/Documents/Study/PFE/PaST/temp/phaseP_full_synthetic_freeze/per_instance/moves_exact_labeled_instance_100111_eps_116.csv,/Users/mac/Documents/Study/PFE/PaST/temp/phaseP_full_synthetic_freeze/per_instance/moves_broad_instance_100111_eps_116.csv
m30_n500_k350,m30_n500_k350,train,syn_vls_m30_n500_k350_s20279424,100113,20279424,30,500,350,3131,12,105,113,0.32285714,ok,1,0,0,1,3.452878,stageO_synthetic_dense_logging,3.469055,36683776,1792,1578,214,0.88058036,                2280  involuntary context switches\n         22520352931  instructions retired\n          8060806085  cycles elapsed\n            34832768  peak memory footprint,/Users/mac/Documents/Study/PFE/PaST/temp/phaseP_full_synthetic_freeze/per_instance/moves_exact_labeled_instance_100113_eps_113.csv,/Users/mac/Documents/Study/PFE/PaST/temp/phaseP_full_synthetic_freeze/per_instance/moves_broad_instance_100113_eps_113.csv
m30_n500_k350,m30_n500_k350,train,syn_vls_m30_n500_k350_s20279425,100114,20279425,30,500,350,3275,12,110,118,0.33714286,ok,1,0,0,1,13.907319,stageO_synthetic_dense_logging,13.918473,77316096,1792,1101,691,0.61439732,                6417  involuntary context switches\n         60026564844  instructions retired\n         33681268742  cycles elapsed\n            60998040  peak memory footprint,/Users/mac/Documents/Study/PFE/PaST/temp/phaseP_full_synthetic_freeze/per_instance/moves_exact_labeled_instance_100114_eps_118.csv,/Users/mac/Documents/Study/PFE/PaST/temp/phaseP_full_synthetic_freeze/per_instance/moves_broad_instance_100114_eps_118.csv
m30_n500_k350,m30_n500_k350,val,syn_vls_m30_n500_k350_s20279423,100112,20279423,30,500,350,3384,12,113,121,0.34571429,ok,1,0,0,1,7.480840,stageO_synthetic_dense_logging,7.498185,45318144,1792,1624,168,0.90625,                4147  involuntary context switches\n         41579904831  instructions retired\n         17732478066  cycles elapsed\n            36077976  peak memory footprint,/Users/mac/Documents/Study/PFE/PaST/temp/phaseP_full_synthetic_freeze/per_instance/moves_exact_labeled_instance_100112_eps_121.csv,/Users/mac/Documents/Study/PFE/PaST/temp/phaseP_full_synthetic_freeze/per_instance/moves_broad_instance_100112_eps_121.csv
m30_n500_k500,m30_n500_k500,train,syn_vls_m30_n500_k500_s20280420,100115,20280420,30,500,500,3280,12,110,118,0.236,ok,1,0,0,1,6.225181,stageO_synthetic_dense_logging,6.239005,73236480,1792,1383,409,0.77176339,                3052  involuntary context switches\n         36003816632  instructions retired\n         14950347855  cycles elapsed\n            65044888  peak memory footprint,/Users/mac/Documents/Study/PFE/PaST/temp/phaseP_full_synthetic_freeze/per_instance/moves_exact_labeled_instance_100115_eps_118.csv,/Users/mac/Documents/Study/PFE/PaST/temp/phaseP_full_synthetic_freeze/per_instance/moves_broad_instance_100115_eps_118.csv
m30_n500_k500,m30_n500_k500,train,syn_vls_m30_n500_k500_s20280421,100116,20280421,30,500,500,3193,12,107,115,0.23,ok,1,0,0,1,6.005582,stageO_synthetic_dense_logging,6.019198,50692096,1792,1680,112,0.9375,                7091  involuntary context switches\n         33931478207  instructions retired\n         13842981063  cycles elapsed\n            43794840  peak memory footprint,/Users/mac/Documents/Study/PFE/PaST/temp/phaseP_full_synthetic_freeze/per_instance/moves_exact_labeled_instance_100116_eps_115.csv,/Users/mac/Documents/Study/PFE/PaST/temp/phaseP_full_synthetic_freeze/per_instance/moves_broad_instance_100116_eps_115.csv
m30_n500_k500,m30_n500_k500,train,syn_vls_m30_n500_k500_s20280423,100118,20280423,30,500,500,3451,12,116,124,0.248,ok,1,0,0,1,7.793468,stageO_synthetic_dense_logging,7.806009,87949312,1792,1464,328,0.81696429,               13528  involuntary context switches\n         38940573348  instructions retired\n         17370662338  cycles elapsed\n            60604848  peak memory footprint,/Users/mac/Documents/Study/PFE/PaST/temp/phaseP_full_synthetic_freeze/per_instance/moves_exact_labeled_instance_100118_eps_124.csv,/Users/mac/Documents/Study/PFE/PaST/temp/phaseP_full_synthetic_freeze/per_instance/moves_broad_instance_100118_eps_124.csv
m30_n500_k500,m30_n500_k500,train,syn_vls_m30_n500_k500_s20280424,100119,20280424,30,500,500,3274,12,110,118,0.236,ok,1,0,0,1,8.006448,stageO_synthetic_dense_logging,8.020589,30146560,1792,1264,528,0.70535714,               16153  involuntary context switches\n         34501214279  instructions retired\n         15567444803  cycles elapsed\n            22380928  peak memory footprint,/Users/mac/Documents/Study/PFE/PaST/temp/phaseP_full_synthetic_freeze/per_instance/moves_exact_labeled_instance_100119_eps_118.csv,/Users/mac/Documents/Study/PFE/PaST/temp/phaseP_full_synthetic_freeze/per_instance/moves_broad_instance_100119_eps_118.csv
m30_n500_k500,m30_n500_k500,train,syn_vls_m30_n500_k500_s20280425,100120,20280425,30,500,500,3085,12,103,111,0.222,ok,1,0,0,1,4.080568,stageO_synthetic_dense_logging,4.0922,24395776,1792,1684,108,0.93973214,                9407  involuntary context switches\n         24538964673  instructions retired\n          7962172389  cycles elapsed\n            24527232  peak memory footprint,/Users/mac/Documents/Study/PFE/PaST/temp/phaseP_full_synthetic_freeze/per_instance/moves_exact_labeled_instance_100120_eps_111.csv,/Users/mac/Documents/Study/PFE/PaST/temp/phaseP_full_synthetic_freeze/per_instance/moves_broad_instance_100120_eps_111.csv
m30_n500_k500,m30_n500_k500,val,syn_vls_m30_n500_k500_s20280422,100117,20280422,30,500,500,3297,12,110,118,0.236,ok,1,0,0,1,4.851286,stageO_synthetic_dense_logging,4.866612,37683200,1792,1214,578,0.67745536,                6636  involuntary context switches\n         27976219384  instructions retired\n         11023174096  cycles elapsed\n            38355328  peak memory footprint,/Users/mac/Documents/Study/PFE/PaST/temp/phaseP_full_synthetic_freeze/per_instance/moves_exact_labeled_instance_100117_eps_118.csv,/Users/mac/Documents/Study/PFE/PaST/temp/phaseP_full_synthetic_freeze/per_instance/moves_broad_instance_100117_eps_118.csv
m40_n250_k350,m40_n250_k350,train,syn_vls_m40_n250_k350_s20281420,100121,20281420,40,250,350,1672,12,42,50,0.14285714,ok,1,0,0,1,0.411134,stageO_synthetic_dense_logging,0.422686,4112384,1792,1394,398,0.77790179,                 296  involuntary context switches\n          4599909616  instructions retired\n           998702021  cycles elapsed\n             3359080  peak memory footprint,/Users/mac/Documents/Study/PFE/PaST/temp/phaseP_full_synthetic_freeze/per_instance/moves_exact_labeled_instance_100121_eps_50.csv,/Users/mac/Documents/Study/PFE/PaST/temp/phaseP_full_synthetic_freeze/per_instance/moves_broad_instance_100121_eps_50.csv
m40_n250_k350,m40_n250_k350,train,syn_vls_m40_n250_k350_s20281421,100122,20281421,40,250,350,1583,12,40,48,0.13714286,ok,1,0,0,1,0.425338,stageO_synthetic_dense_logging,0.43977,3686400,1792,1405,387,0.78404018,                 682  involuntary context switches\n          4595845023  instructions retired\n           991051809  cycles elapsed\n             2933096  peak memory footprint,/Users/mac/Documents/Study/PFE/PaST/temp/phaseP_full_synthetic_freeze/per_instance/moves_exact_labeled_instance_100122_eps_48.csv,/Users/mac/Documents/Study/PFE/PaST/temp/phaseP_full_synthetic_freeze/per_instance/moves_broad_instance_100122_eps_48.csv
m40_n250_k350,m40_n250_k350,train,syn_vls_m40_n250_k350_s20281422,100123,20281422,40,250,350,1586,12,40,48,0.13714286,ok,1,0,0,1,0.398444,stageO_synthetic_dense_logging,0.408206,3555328,1792,1105,687,0.61662946,                 466  involuntary context switches\n          4350280375  instructions retired\n           940052330  cycles elapsed\n             2802024  peak memory footprint,/Users/mac/Documents/Study/PFE/PaST/temp/phaseP_full_synthetic_freeze/per_instance/moves_exact_labeled_instance_100123_eps_48.csv,/Users/mac/Documents/Study/PFE/PaST/temp/phaseP_full_synthetic_freeze/per_instance/moves_broad_instance_100123_eps_48.csv
m40_n250_k350,m40_n250_k350,train,syn_vls_m40_n250_k350_s20281423,100124,20281423,40,250,350,1647,12,42,50,0.14285714,ok,1,0,0,1,0.408776,stageO_synthetic_dense_logging,0.420138,4341760,1792,803,989,0.44810268,                 466  involuntary context switches\n          4408170678  instructions retired\n           952385012  cycles elapsed\n             3588456  peak memory footprint,/Users/mac/Documents/Study/PFE/PaST/temp/phaseP_full_synthetic_freeze/per_instance/moves_exact_labeled_instance_100124_eps_50.csv,/Users/mac/Documents/Study/PFE/PaST/temp/phaseP_full_synthetic_freeze/per_instance/moves_broad_instance_100124_eps_50.csv
m40_n250_k350,m40_n250_k350,train,syn_vls_m40_n250_k350_s20281425,100126,20281425,40,250,350,1567,12,40,48,0.13714286,ok,1,0,0,1,0.406549,stageO_synthetic_dense_logging,0.417547,3768320,1792,1792,0,1.0,                 444  involuntary context switches\n          4463058897  instructions retired\n           946080953  cycles elapsed\n             3015016  peak memory footprint,/Users/mac/Documents/Study/PFE/PaST/temp/phaseP_full_synthetic_freeze/per_instance/moves_exact_labeled_instance_100126_eps_48.csv,/Users/mac/Documents/Study/PFE/PaST/temp/phaseP_full_synthetic_freeze/per_instance/moves_broad_instance_100126_eps_48.csv
m40_n250_k350,m40_n250_k350,val,syn_vls_m40_n250_k350_s20281424,100125,20281424,40,250,350,1611,12,41,49,0.14,ok,1,0,0,1,0.424256,stageO_synthetic_dense_logging,0.434255,3719168,1792,1792,0,1.0,                 307  involuntary context switches\n          4665117434  instructions retired\n          1024819400  cycles elapsed\n             2965864  peak memory footprint,/Users/mac/Documents/Study/PFE/PaST/temp/phaseP_full_synthetic_freeze/per_instance/moves_exact_labeled_instance_100125_eps_49.csv,/Users/mac/Documents/Study/PFE/PaST/temp/phaseP_full_synthetic_freeze/per_instance/moves_broad_instance_100125_eps_49.csv
m40_n250_k500,m40_n250_k500,train,syn_vls_m40_n250_k500_s20282420,100127,20282420,40,250,500,1637,12,41,49,0.098,ok,1,0,0,1,0.366352,stageO_synthetic_dense_logging,0.377662,3899392,1792,1047,745,0.58426339,                 244  involuntary context switches\n          4125741036  instructions retired\n           894508768  cycles elapsed\n             3146088  peak memory footprint,/Users/mac/Documents/Study/PFE/PaST/temp/phaseP_full_synthetic_freeze/per_instance/moves_exact_labeled_instance_100127_eps_49.csv,/Users/mac/Documents/Study/PFE/PaST/temp/phaseP_full_synthetic_freeze/per_instance/moves_broad_instance_100127_eps_49.csv
m40_n250_k500,m40_n250_k500,train,syn_vls_m40_n250_k500_s20282421,100128,20282421,40,250,500,1650,12,42,50,0.1,ok,1,0,0,1,0.411715,stageO_synthetic_dense_logging,0.422132,3538944,1792,1372,420,0.765625,                 379  involuntary context switches\n          4285743345  instructions retired\n           927805063  cycles elapsed\n             2785640  peak memory footprint,/Users/mac/Documents/Study/PFE/PaST/temp/phaseP_full_synthetic_freeze/per_instance/moves_exact_labeled_instance_100128_eps_50.csv,/Users/mac/Documents/Study/PFE/PaST/temp/phaseP_full_synthetic_freeze/per_instance/moves_broad_instance_100128_eps_50.csv
m40_n250_k500,m40_n250_k500,train,syn_vls_m40_n250_k500_s20282423,100130,20282423,40,250,500,1659,12,42,50,0.1,ok,1,0,0,1,0.433873,stageO_synthetic_dense_logging,0.447043,4096000,1792,1140,652,0.63616071,                 811  involuntary context switches\n          4170917712  instructions retired\n           949581585  cycles elapsed\n             3359104  peak memory footprint,/Users/mac/Documents/Study/PFE/PaST/temp/phaseP_full_synthetic_freeze/per_instance/moves_exact_labeled_instance_100130_eps_50.csv,/Users/mac/Documents/Study/PFE/PaST/temp/phaseP_full_synthetic_freeze/per_instance/moves_broad_instance_100130_eps_50.csv
m40_n250_k500,m40_n250_k500,train,syn_vls_m40_n250_k500_s20282424,100131,20282424,40,250,500,1599,12,40,48,0.096,ok,1,0,0,1,0.449785,stageO_synthetic_dense_logging,0.470064,3997696,1792,1210,582,0.67522321,                 599  involuntary context switches\n          4532894300  instructions retired\n          1030617589  cycles elapsed\n             3260800  peak memory footprint,/Users/mac/Documents/Study/PFE/PaST/temp/phaseP_full_synthetic_freeze/per_instance/moves_exact_labeled_instance_100131_eps_48.csv,/Users/mac/Documents/Study/PFE/PaST/temp/phaseP_full_synthetic_freeze/per_instance/moves_broad_instance_100131_eps_48.csv
m40_n250_k500,m40_n250_k500,train,syn_vls_m40_n250_k500_s20282425,100132,20282425,40,250,500,1661,12,42,50,0.1,ok,1,0,0,1,0.348856,stageO_synthetic_dense_logging,0.366892,4063232,1792,900,892,0.50223214,                 332  involuntary context switches\n          3751655721  instructions retired\n           818271649  cycles elapsed\n             3309928  peak memory footprint,/Users/mac/Documents/Study/PFE/PaST/temp/phaseP_full_synthetic_freeze/per_instance/moves_exact_labeled_instance_100132_eps_50.csv,/Users/mac/Documents/Study/PFE/PaST/temp/phaseP_full_synthetic_freeze/per_instance/moves_broad_instance_100132_eps_50.csv
m40_n250_k500,m40_n250_k500,val,syn_vls_m40_n250_k500_s20282422,100129,20282422,40,250,500,1562,12,40,48,0.096,ok,1,0,0,1,0.406896,stageO_synthetic_dense_logging,0.418593,4243456,1792,1728,64,0.96428571,                 597  involuntary context switches\n          4103978146  instructions retired\n           901088205  cycles elapsed\n             3490152  peak memory footprint,/Users/mac/Documents/Study/PFE/PaST/temp/phaseP_full_synthetic_freeze/per_instance/moves_exact_labeled_instance_100129_eps_48.csv,/Users/mac/Documents/Study/PFE/PaST/temp/phaseP_full_synthetic_freeze/per_instance/moves_broad_instance_100129_eps_48.csv
m40_n300_k350,m40_n300_k350,train,syn_vls_m40_n300_k350_s20283420,100133,20283420,40,300,350,1966,12,50,58,0.16571429,ok,1,0,0,1,0.629344,stageO_synthetic_dense_logging,0.639905,5521408,1792,1610,182,0.8984375,                1269  involuntary context switches\n          5808586934  instructions retired\n          1393966431  cycles elapsed\n             4784512  peak memory footprint,/Users/mac/Documents/Study/PFE/PaST/temp/phaseP_full_synthetic_freeze/per_instance/moves_exact_labeled_instance_100133_eps_58.csv,/Users/mac/Documents/Study/PFE/PaST/temp/phaseP_full_synthetic_freeze/per_instance/moves_broad_instance_100133_eps_58.csv
m40_n300_k350,m40_n300_k350,train,syn_vls_m40_n300_k350_s20283421,100134,20283421,40,300,350,1985,12,50,58,0.16571429,ok,1,0,0,1,0.698916,stageO_synthetic_dense_logging,0.715582,6062080,1792,1244,548,0.69419643,                 807  involuntary context switches\n          6243960616  instructions retired\n          1573131906  cycles elapsed\n             5325184  peak memory footprint,/Users/mac/Documents/Study/PFE/PaST/temp/phaseP_full_synthetic_freeze/per_instance/moves_exact_labeled_instance_100134_eps_58.csv,/Users/mac/Documents/Study/PFE/PaST/temp/phaseP_full_synthetic_freeze/per_instance/moves_broad_instance_100134_eps_58.csv
m40_n300_k350,m40_n300_k350,train,syn_vls_m40_n300_k350_s20283423,100136,20283423,40,300,350,1999,12,50,58,0.16571429,ok,1,0,0,1,0.560428,stageO_synthetic_dense_logging,0.5731,4620288,1792,1771,21,0.98828125,                 978  involuntary context switches\n          5452154988  instructions retired\n          1267435458  cycles elapsed\n             3866984  peak memory footprint,/Users/mac/Documents/Study/PFE/PaST/temp/phaseP_full_synthetic_freeze/per_instance/moves_exact_labeled_instance_100136_eps_58.csv,/Users/mac/Documents/Study/PFE/PaST/temp/phaseP_full_synthetic_freeze/per_instance/moves_broad_instance_100136_eps_58.csv
m40_n300_k350,m40_n300_k350,train,syn_vls_m40_n300_k350_s20283424,100137,20283424,40,300,350,1916,12,48,56,0.16,ok,1,0,0,1,0.602291,stageO_synthetic_dense_logging,0.618061,5095424,1792,1792,0,1.0,                1025  involuntary context switches\n          6142458148  instructions retired\n          1379376656  cycles elapsed\n             4342120  peak memory footprint,/Users/mac/Documents/Study/PFE/PaST/temp/phaseP_full_synthetic_freeze/per_instance/moves_exact_labeled_instance_100137_eps_56.csv,/Users/mac/Documents/Study/PFE/PaST/temp/phaseP_full_synthetic_freeze/per_instance/moves_broad_instance_100137_eps_56.csv
m40_n300_k350,m40_n300_k350,train,syn_vls_m40_n300_k350_s20283425,100138,20283425,40,300,350,2001,12,51,59,0.16857143,ok,1,0,0,1,0.605609,stageO_synthetic_dense_logging,0.622212,5455872,1792,1494,298,0.83370536,                1439  involuntary context switches\n          5921946308  instructions retired\n          1323672915  cycles elapsed\n             4702568  peak memory footprint,/Users/mac/Documents/Study/PFE/PaST/temp/phaseP_full_synthetic_freeze/per_instance/moves_exact_labeled_instance_100138_eps_59.csv,/Users/mac/Documents/Study/PFE/PaST/temp/phaseP_full_synthetic_freeze/per_instance/moves_broad_instance_100138_eps_59.csv
m40_n300_k350,m40_n300_k350,val,syn_vls_m40_n300_k350_s20283422,100135,20283422,40,300,350,1874,12,47,55,0.15714286,ok,1,0,0,1,0.490543,stageO_synthetic_dense_logging,0.500754,3964928,1792,1660,132,0.92633929,                 600  involuntary context switches\n          5443406850  instructions retired\n          1170665171  cycles elapsed\n             3211624  peak memory footprint,/Users/mac/Documents/Study/PFE/PaST/temp/phaseP_full_synthetic_freeze/per_instance/moves_exact_labeled_instance_100135_eps_55.csv,/Users/mac/Documents/Study/PFE/PaST/temp/phaseP_full_synthetic_freeze/per_instance/moves_broad_instance_100135_eps_55.csv
m40_n300_k500,m40_n300_k500,train,syn_vls_m40_n300_k500_s20284420,100139,20284420,40,300,500,1864,12,47,55,0.11,ok,1,0,0,1,0.510853,stageO_synthetic_dense_logging,0.520083,4194304,1792,1503,289,0.83872768,                 486  involuntary context switches\n          5633515251  instructions retired\n          1232849494  cycles elapsed\n             3457408  peak memory footprint,/Users/mac/Documents/Study/PFE/PaST/temp/phaseP_full_synthetic_freeze/per_instance/moves_exact_labeled_instance_100139_eps_55.csv,/Users/mac/Documents/Study/PFE/PaST/temp/phaseP_full_synthetic_freeze/per_instance/moves_broad_instance_100139_eps_55.csv
m40_n300_k500,m40_n300_k500,train,syn_vls_m40_n300_k500_s20284421,100140,20284421,40,300,500,1858,12,47,55,0.11,ok,1,0,0,1,0.486589,stageO_synthetic_dense_logging,0.499174,3915776,1792,1427,365,0.79631696,                 995  involuntary context switches\n          5222550460  instructions retired\n          1148038665  cycles elapsed\n             3162472  peak memory footprint,/Users/mac/Documents/Study/PFE/PaST/temp/phaseP_full_synthetic_freeze/per_instance/moves_exact_labeled_instance_100140_eps_55.csv,/Users/mac/Documents/Study/PFE/PaST/temp/phaseP_full_synthetic_freeze/per_instance/moves_broad_instance_100140_eps_55.csv
m40_n300_k500,m40_n300_k500,train,syn_vls_m40_n300_k500_s20284422,100141,20284422,40,300,500,2001,12,51,59,0.118,ok,1,0,0,1,0.604309,stageO_synthetic_dense_logging,0.629883,5947392,1792,1792,0,1.0,                1145  involuntary context switches\n          6187600181  instructions retired\n          1398773242  cycles elapsed\n             5144936  peak memory footprint,/Users/mac/Documents/Study/PFE/PaST/temp/phaseP_full_synthetic_freeze/per_instance/moves_exact_labeled_instance_100141_eps_59.csv,/Users/mac/Documents/Study/PFE/PaST/temp/phaseP_full_synthetic_freeze/per_instance/moves_broad_instance_100141_eps_59.csv
m40_n300_k500,m40_n300_k500,train,syn_vls_m40_n300_k500_s20284423,100142,20284423,40,300,500,1972,12,50,58,0.116,ok,1,0,0,1,0.801030,stageO_synthetic_dense_logging,0.81069,4636672,1792,1575,217,0.87890625,                1513  involuntary context switches\n          6098792763  instructions retired\n          1429046523  cycles elapsed\n             3899776  peak memory footprint,/Users/mac/Documents/Study/PFE/PaST/temp/phaseP_full_synthetic_freeze/per_instance/moves_exact_labeled_instance_100142_eps_58.csv,/Users/mac/Documents/Study/PFE/PaST/temp/phaseP_full_synthetic_freeze/per_instance/moves_broad_instance_100142_eps_58.csv
m40_n300_k500,m40_n300_k500,train,syn_vls_m40_n300_k500_s20284425,100144,20284425,40,300,500,1909,12,48,56,0.112,ok,1,0,0,1,0.661789,stageO_synthetic_dense_logging,0.678417,5718016,1792,1469,323,0.81975446,                1098  involuntary context switches\n          5630993979  instructions retired\n          1347953732  cycles elapsed\n             4981120  peak memory footprint,/Users/mac/Documents/Study/PFE/PaST/temp/phaseP_full_synthetic_freeze/per_instance/moves_exact_labeled_instance_100144_eps_56.csv,/Users/mac/Documents/Study/PFE/PaST/temp/phaseP_full_synthetic_freeze/per_instance/moves_broad_instance_100144_eps_56.csv
m40_n300_k500,m40_n300_k500,val,syn_vls_m40_n300_k500_s20284424,100143,20284424,40,300,500,1819,12,46,54,0.108,ok,1,0,0,1,0.540810,stageO_synthetic_dense_logging,0.586729,4587520,1792,1630,162,0.90959821,                1365  involuntary context switches\n          5325810592  instructions retired\n          1210395806  cycles elapsed\n             3850624  peak memory footprint,/Users/mac/Documents/Study/PFE/PaST/temp/phaseP_full_synthetic_freeze/per_instance/moves_exact_labeled_instance_100143_eps_54.csv,/Users/mac/Documents/Study/PFE/PaST/temp/phaseP_full_synthetic_freeze/per_instance/moves_broad_instance_100143_eps_54.csv
m40_n350_k350,m40_n350_k350,train,syn_vls_m40_n350_k350_s20285421,100146,20285421,40,350,350,2211,12,56,64,0.18285714,ok,1,0,0,1,0.879932,stageO_synthetic_dense_logging,0.892409,5095424,1792,1716,76,0.95758929,                1152  involuntary context switches\n          6748059605  instructions retired\n          1526235037  cycles elapsed\n             4587880  peak memory footprint,/Users/mac/Documents/Study/PFE/PaST/temp/phaseP_full_synthetic_freeze/per_instance/moves_exact_labeled_instance_100146_eps_64.csv,/Users/mac/Documents/Study/PFE/PaST/temp/phaseP_full_synthetic_freeze/per_instance/moves_broad_instance_100146_eps_64.csv
m40_n350_k350,m40_n350_k350,train,syn_vls_m40_n350_k350_s20285422,100147,20285422,40,350,350,2230,12,56,64,0.18285714,ok,1,0,0,1,0.704918,stageO_synthetic_dense_logging,0.714434,5586944,1792,1740,52,0.97098214,                 701  involuntary context switches\n          6760602446  instructions retired\n          1499189919  cycles elapsed\n             4850048  peak memory footprint,/Users/mac/Documents/Study/PFE/PaST/temp/phaseP_full_synthetic_freeze/per_instance/moves_exact_labeled_instance_100147_eps_64.csv,/Users/mac/Documents/Study/PFE/PaST/temp/phaseP_full_synthetic_freeze/per_instance/moves_broad_instance_100147_eps_64.csv
m40_n350_k350,m40_n350_k350,train,syn_vls_m40_n350_k350_s20285423,100148,20285423,40,350,350,2286,12,58,66,0.18857143,ok,1,0,0,1,0.743485,stageO_synthetic_dense_logging,0.753089,6144000,1792,1792,0,1.0,                 333  involuntary context switches\n          7643478087  instructions retired\n          1718285762  cycles elapsed\n             5390696  peak memory footprint,/Users/mac/Documents/Study/PFE/PaST/temp/phaseP_full_synthetic_freeze/per_instance/moves_exact_labeled_instance_100148_eps_66.csv,/Users/mac/Documents/Study/PFE/PaST/temp/phaseP_full_synthetic_freeze/per_instance/moves_broad_instance_100148_eps_66.csv
m40_n350_k350,m40_n350_k350,train,syn_vls_m40_n350_k350_s20285424,100149,20285424,40,350,350,2289,12,58,66,0.18857143,ok,1,0,0,1,0.601425,stageO_synthetic_dense_logging,0.612647,4734976,1792,1411,381,0.78738839,                 233  involuntary context switches\n          6493542480  instructions retired\n          1417090553  cycles elapsed\n             3981672  peak memory footprint,/Users/mac/Documents/Study/PFE/PaST/temp/phaseP_full_synthetic_freeze/per_instance/moves_exact_labeled_instance_100149_eps_66.csv,/Users/mac/Documents/Study/PFE/PaST/temp/phaseP_full_synthetic_freeze/per_instance/moves_broad_instance_100149_eps_66.csv
m40_n350_k350,m40_n350_k350,train,syn_vls_m40_n350_k350_s20285425,100150,20285425,40,350,350,2260,12,57,65,0.18571429,ok,1,0,0,1,0.699496,stageO_synthetic_dense_logging,0.709496,6062080,1792,1627,165,0.90792411,                 401  involuntary context switches\n          7245757369  instructions retired\n          1617415686  cycles elapsed\n             5325184  peak memory footprint,/Users/mac/Documents/Study/PFE/PaST/temp/phaseP_full_synthetic_freeze/per_instance/moves_exact_labeled_instance_100150_eps_65.csv,/Users/mac/Documents/Study/PFE/PaST/temp/phaseP_full_synthetic_freeze/per_instance/moves_broad_instance_100150_eps_65.csv
m40_n350_k350,m40_n350_k350,val,syn_vls_m40_n350_k350_s20285420,100145,20285420,40,350,350,2264,12,57,65,0.18571429,ok,1,0,0,1,0.692680,stageO_synthetic_dense_logging,0.706789,4800512,1792,1652,140,0.921875,                 744  involuntary context switches\n          7353931759  instructions retired\n          1644388361  cycles elapsed\n             4063616  peak memory footprint,/Users/mac/Documents/Study/PFE/PaST/temp/phaseP_full_synthetic_freeze/per_instance/moves_exact_labeled_instance_100145_eps_65.csv,/Users/mac/Documents/Study/PFE/PaST/temp/phaseP_full_synthetic_freeze/per_instance/moves_broad_instance_100145_eps_65.csv
m40_n350_k500,m40_n350_k500,train,syn_vls_m40_n350_k500_s20286420,100151,20286420,40,350,500,2257,12,57,65,0.13,ok,1,0,0,1,0.622526,stageO_synthetic_dense_logging,0.63267,4489216,1792,1792,0,1.0,                 799  involuntary context switches\n          6628001084  instructions retired\n          1416661448  cycles elapsed\n             3735912  peak memory footprint,/Users/mac/Documents/Study/PFE/PaST/temp/phaseP_full_synthetic_freeze/per_instance/moves_exact_labeled_instance_100151_eps_65.csv,/Users/mac/Documents/Study/PFE/PaST/temp/phaseP_full_synthetic_freeze/per_instance/moves_broad_instance_100151_eps_65.csv
m40_n350_k500,m40_n350_k500,train,syn_vls_m40_n350_k500_s20286421,100152,20286421,40,350,500,2132,12,54,62,0.124,ok,1,0,0,1,0.720300,stageO_synthetic_dense_logging,0.731308,5521408,1792,1792,0,1.0,                 427  involuntary context switches\n          7362207473  instructions retired\n          1658800619  cycles elapsed\n             4768104  peak memory footprint,/Users/mac/Documents/Study/PFE/PaST/temp/phaseP_full_synthetic_freeze/per_instance/moves_exact_labeled_instance_100152_eps_62.csv,/Users/mac/Documents/Study/PFE/PaST/temp/phaseP_full_synthetic_freeze/per_instance/moves_broad_instance_100152_eps_62.csv
m40_n350_k500,m40_n350_k500,train,syn_vls_m40_n350_k500_s20286422,100153,20286422,40,350,500,2283,12,58,66,0.132,ok,1,0,0,1,0.718739,stageO_synthetic_dense_logging,0.72829,6209536,1792,1187,605,0.66238839,                 330  involuntary context switches\n          7544972153  instructions retired\n          1675217652  cycles elapsed\n             5472640  peak memory footprint,/Users/mac/Documents/Study/PFE/PaST/temp/phaseP_full_synthetic_freeze/per_instance/moves_exact_labeled_instance_100153_eps_66.csv,/Users/mac/Documents/Study/PFE/PaST/temp/phaseP_full_synthetic_freeze/per_instance/moves_broad_instance_100153_eps_66.csv
m40_n350_k500,m40_n350_k500,train,syn_vls_m40_n350_k500_s20286423,100154,20286423,40,350,500,2245,12,57,65,0.13,ok,1,0,0,1,0.802106,stageO_synthetic_dense_logging,0.813586,5734400,1792,1445,347,0.80636161,                 741  involuntary context switches\n          7196050011  instructions retired\n          1607890780  cycles elapsed\n             4997504  peak memory footprint,/Users/mac/Documents/Study/PFE/PaST/temp/phaseP_full_synthetic_freeze/per_instance/moves_exact_labeled_instance_100154_eps_65.csv,/Users/mac/Documents/Study/PFE/PaST/temp/phaseP_full_synthetic_freeze/per_instance/moves_broad_instance_100154_eps_65.csv
m40_n350_k500,m40_n350_k500,train,syn_vls_m40_n350_k500_s20286424,100155,20286424,40,350,500,2264,12,57,65,0.13,ok,1,0,0,1,0.799263,stageO_synthetic_dense_logging,0.812677,7749632,1792,1720,72,0.95982143,                 733  involuntary context switches\n          7559691256  instructions retired\n          1729512752  cycles elapsed\n             7012736  peak memory footprint,/Users/mac/Documents/Study/PFE/PaST/temp/phaseP_full_synthetic_freeze/per_instance/moves_exact_labeled_instance_100155_eps_65.csv,/Users/mac/Documents/Study/PFE/PaST/temp/phaseP_full_synthetic_freeze/per_instance/moves_broad_instance_100155_eps_65.csv
m40_n350_k500,m40_n350_k500,val,syn_vls_m40_n350_k500_s20286425,100156,20286425,40,350,500,2320,12,58,66,0.132,ok,1,0,0,1,0.809734,stageO_synthetic_dense_logging,0.822315,6012928,1792,1766,26,0.98549107,                1106  involuntary context switches\n          7258396584  instructions retired\n          1725857071  cycles elapsed\n             5276032  peak memory footprint,/Users/mac/Documents/Study/PFE/PaST/temp/phaseP_full_synthetic_freeze/per_instance/moves_exact_labeled_instance_100156_eps_66.csv,/Users/mac/Documents/Study/PFE/PaST/temp/phaseP_full_synthetic_freeze/per_instance/moves_broad_instance_100156_eps_66.csv
m40_n400_k350,m40_n400_k350,train,syn_vls_m40_n400_k350_s20287420,100157,20287420,40,400,350,2544,12,64,72,0.20571429,ok,1,0,0,1,1.027121,stageO_synthetic_dense_logging,1.036875,9289728,1792,1713,79,0.95591518,                 837  involuntary context switches\n          9144973276  instructions retired\n          2225660069  cycles elapsed\n             8552832  peak memory footprint,/Users/mac/Documents/Study/PFE/PaST/temp/phaseP_full_synthetic_freeze/per_instance/moves_exact_labeled_instance_100157_eps_72.csv,/Users/mac/Documents/Study/PFE/PaST/temp/phaseP_full_synthetic_freeze/per_instance/moves_broad_instance_100157_eps_72.csv
m40_n400_k350,m40_n400_k350,train,syn_vls_m40_n400_k350_s20287421,100158,20287421,40,400,350,2667,12,67,75,0.21428571,ok,1,0,0,1,0.899334,stageO_synthetic_dense_logging,0.910558,5259264,1792,1708,84,0.953125,                1126  involuntary context switches\n          8733814235  instructions retired\n          1937588781  cycles elapsed\n             4522368  peak memory footprint,/Users/mac/Documents/Study/PFE/PaST/temp/phaseP_full_synthetic_freeze/per_instance/moves_exact_labeled_instance_100158_eps_75.csv,/Users/mac/Documents/Study/PFE/PaST/temp/phaseP_full_synthetic_freeze/per_instance/moves_broad_instance_100158_eps_75.csv
m40_n400_k350,m40_n400_k350,train,syn_vls_m40_n400_k350_s20287422,100159,20287422,40,400,350,2595,12,65,73,0.20857143,ok,1,0,0,1,0.789826,stageO_synthetic_dense_logging,0.800853,4440064,1792,1541,251,0.85993304,                1292  involuntary context switches\n          7960804403  instructions retired\n          1702954311  cycles elapsed\n             3703168  peak memory footprint,/Users/mac/Documents/Study/PFE/PaST/temp/phaseP_full_synthetic_freeze/per_instance/moves_exact_labeled_instance_100159_eps_73.csv,/Users/mac/Documents/Study/PFE/PaST/temp/phaseP_full_synthetic_freeze/per_instance/moves_broad_instance_100159_eps_73.csv
m40_n400_k350,m40_n400_k350,train,syn_vls_m40_n400_k350_s20287424,100161,20287424,40,400,350,2569,12,65,73,0.20857143,ok,1,0,0,1,0.872988,stageO_synthetic_dense_logging,0.88376,5128192,1792,1792,0,1.0,                1450  involuntary context switches\n          8493348894  instructions retired\n          1875726961  cycles elapsed\n             4391296  peak memory footprint,/Users/mac/Documents/Study/PFE/PaST/temp/phaseP_full_synthetic_freeze/per_instance/moves_exact_labeled_instance_100161_eps_73.csv,/Users/mac/Documents/Study/PFE/PaST/temp/phaseP_full_synthetic_freeze/per_instance/moves_broad_instance_100161_eps_73.csv
m40_n400_k350,m40_n400_k350,train,syn_vls_m40_n400_k350_s20287425,100162,20287425,40,400,350,2575,12,65,73,0.20857143,ok,1,0,0,1,1.249790,stageO_synthetic_dense_logging,1.274006,14188544,1792,1327,465,0.74051339,                 857  involuntary context switches\n         10168179624  instructions retired\n          2764168994  cycles elapsed\n            13451648  peak memory footprint,/Users/mac/Documents/Study/PFE/PaST/temp/phaseP_full_synthetic_freeze/per_instance/moves_exact_labeled_instance_100162_eps_73.csv,/Users/mac/Documents/Study/PFE/PaST/temp/phaseP_full_synthetic_freeze/per_instance/moves_broad_instance_100162_eps_73.csv
m40_n400_k350,m40_n400_k350,val,syn_vls_m40_n400_k350_s20287423,100160,20287423,40,400,350,2676,12,67,75,0.21428571,ok,1,0,0,1,1.228172,stageO_synthetic_dense_logging,1.239436,8355840,1792,1650,142,0.92075893,                2498  involuntary context switches\n          9719842160  instructions retired\n          2391715469  cycles elapsed\n             7618944  peak memory footprint,/Users/mac/Documents/Study/PFE/PaST/temp/phaseP_full_synthetic_freeze/per_instance/moves_exact_labeled_instance_100160_eps_75.csv,/Users/mac/Documents/Study/PFE/PaST/temp/phaseP_full_synthetic_freeze/per_instance/moves_broad_instance_100160_eps_75.csv
m40_n400_k500,m40_n400_k500,train,syn_vls_m40_n400_k500_s20288420,100163,20288420,40,400,500,2597,12,65,73,0.146,ok,1,0,0,1,1.091250,stageO_synthetic_dense_logging,1.10734,9256960,1792,1792,0,1.0,                1650  involuntary context switches\n          9995250404  instructions retired\n          2367139131  cycles elapsed\n             8520064  peak memory footprint,/Users/mac/Documents/Study/PFE/PaST/temp/phaseP_full_synthetic_freeze/per_instance/moves_exact_labeled_instance_100163_eps_73.csv,/Users/mac/Documents/Study/PFE/PaST/temp/phaseP_full_synthetic_freeze/per_instance/moves_broad_instance_100163_eps_73.csv
m40_n400_k500,m40_n400_k500,train,syn_vls_m40_n400_k500_s20288421,100164,20288421,40,400,500,2571,12,65,73,0.146,ok,1,0,0,1,0.961442,stageO_synthetic_dense_logging,0.973714,7585792,1792,1792,0,1.0,                 853  involuntary context switches\n          9380398581  instructions retired\n          2078857679  cycles elapsed\n             6848896  peak memory footprint,/Users/mac/Documents/Study/PFE/PaST/temp/phaseP_full_synthetic_freeze/per_instance/moves_exact_labeled_instance_100164_eps_73.csv,/Users/mac/Documents/Study/PFE/PaST/temp/phaseP_full_synthetic_freeze/per_instance/moves_broad_instance_100164_eps_73.csv
m40_n400_k500,m40_n400_k500,train,syn_vls_m40_n400_k500_s20288422,100165,20288422,40,400,500,2544,12,64,72,0.144,ok,1,0,0,1,0.849615,stageO_synthetic_dense_logging,0.860594,5668864,1792,1665,127,0.92912946,                 878  involuntary context switches\n          8204178271  instructions retired\n          1894467822  cycles elapsed\n             4931968  peak memory footprint,/Users/mac/Documents/Study/PFE/PaST/temp/phaseP_full_synthetic_freeze/per_instance/moves_exact_labeled_instance_100165_eps_72.csv,/Users/mac/Documents/Study/PFE/PaST/temp/phaseP_full_synthetic_freeze/per_instance/moves_broad_instance_100165_eps_72.csv
m40_n400_k500,m40_n400_k500,train,syn_vls_m40_n400_k500_s20288423,100166,20288423,40,400,500,2607,12,66,74,0.148,ok,1,0,0,1,1.050293,stageO_synthetic_dense_logging,1.064598,8093696,1792,1792,0,1.0,                1342  involuntary context switches\n          9635782250  instructions retired\n          2299874046  cycles elapsed\n             7356800  peak memory footprint,/Users/mac/Documents/Study/PFE/PaST/temp/phaseP_full_synthetic_freeze/per_instance/moves_exact_labeled_instance_100166_eps_74.csv,/Users/mac/Documents/Study/PFE/PaST/temp/phaseP_full_synthetic_freeze/per_instance/moves_broad_instance_100166_eps_74.csv
m40_n400_k500,m40_n400_k500,train,syn_vls_m40_n400_k500_s20288424,100167,20288424,40,400,500,2672,12,67,75,0.15,ok,1,0,0,1,1.123516,stageO_synthetic_dense_logging,1.141132,6832128,1792,1682,110,0.93861607,                1055  involuntary context switches\n          9063633782  instructions retired\n          2057587348  cycles elapsed\n             6095232  peak memory footprint,/Users/mac/Documents/Study/PFE/PaST/temp/phaseP_full_synthetic_freeze/per_instance/moves_exact_labeled_instance_100167_eps_75.csv,/Users/mac/Documents/Study/PFE/PaST/temp/phaseP_full_synthetic_freeze/per_instance/moves_broad_instance_100167_eps_75.csv
m40_n400_k500,m40_n400_k500,val,syn_vls_m40_n400_k500_s20288425,100168,20288425,40,400,500,2733,12,69,77,0.154,ok,1,0,0,1,0.972738,stageO_synthetic_dense_logging,0.987813,5931008,1792,1792,0,1.0,                 314  involuntary context switches\n          9956648559  instructions retired\n          2377359446  cycles elapsed\n             5177704  peak memory footprint,/Users/mac/Documents/Study/PFE/PaST/temp/phaseP_full_synthetic_freeze/per_instance/moves_exact_labeled_instance_100168_eps_77.csv,/Users/mac/Documents/Study/PFE/PaST/temp/phaseP_full_synthetic_freeze/per_instance/moves_broad_instance_100168_eps_77.csv
m40_n500_k350,m40_n500_k350,train,syn_vls_m40_n500_k350_s20289420,100169,20289420,40,500,350,3312,12,83,91,0.26,ok,1,0,0,1,1.455962,stageO_synthetic_dense_logging,1.467379,9207808,1792,1713,79,0.95591518,                 508  involuntary context switches\n         14824443346  instructions retired\n          3463777184  cycles elapsed\n             8454504  peak memory footprint,/Users/mac/Documents/Study/PFE/PaST/temp/phaseP_full_synthetic_freeze/per_instance/moves_exact_labeled_instance_100169_eps_91.csv,/Users/mac/Documents/Study/PFE/PaST/temp/phaseP_full_synthetic_freeze/per_instance/moves_broad_instance_100169_eps_91.csv
m40_n500_k350,m40_n500_k350,train,syn_vls_m40_n500_k350_s20289421,100170,20289421,40,500,350,3158,12,79,87,0.24857143,ok,1,0,0,1,1.691294,stageO_synthetic_dense_logging,1.702908,17219584,1792,1620,172,0.90401786,                2205  involuntary context switches\n         14510515885  instructions retired\n          3895985217  cycles elapsed\n            12943744  peak memory footprint,/Users/mac/Documents/Study/PFE/PaST/temp/phaseP_full_synthetic_freeze/per_instance/moves_exact_labeled_instance_100170_eps_87.csv,/Users/mac/Documents/Study/PFE/PaST/temp/phaseP_full_synthetic_freeze/per_instance/moves_broad_instance_100170_eps_87.csv
m40_n500_k350,m40_n500_k350,train,syn_vls_m40_n500_k350_s20289422,100171,20289422,40,500,350,3247,12,82,90,0.25714286,ok,1,0,0,1,1.836013,stageO_synthetic_dense_logging,1.846907,14336000,1792,1792,0,1.0,                1526  involuntary context switches\n         15469585232  instructions retired\n          4461767322  cycles elapsed\n            12943744  peak memory footprint,/Users/mac/Documents/Study/PFE/PaST/temp/phaseP_full_synthetic_freeze/per_instance/moves_exact_labeled_instance_100171_eps_90.csv,/Users/mac/Documents/Study/PFE/PaST/temp/phaseP_full_synthetic_freeze/per_instance/moves_broad_instance_100171_eps_90.csv
m40_n500_k350,m40_n500_k350,train,syn_vls_m40_n500_k350_s20289424,100173,20289424,40,500,350,3359,12,84,92,0.26285714,ok,1,0,0,1,1.816630,stageO_synthetic_dense_logging,1.832908,26787840,1792,1792,0,1.0,                1861  involuntary context switches\n         16139480481  instructions retired\n          4186474729  cycles elapsed\n            11927936  peak memory footprint,/Users/mac/Documents/Study/PFE/PaST/temp/phaseP_full_synthetic_freeze/per_instance/moves_exact_labeled_instance_100173_eps_92.csv,/Users/mac/Documents/Study/PFE/PaST/temp/phaseP_full_synthetic_freeze/per_instance/moves_broad_instance_100173_eps_92.csv
m40_n500_k350,m40_n500_k350,train,syn_vls_m40_n500_k350_s20289425,100174,20289425,40,500,350,3343,12,84,92,0.26285714,ok,1,0,0,1,1.677129,stageO_synthetic_dense_logging,1.68862,12582912,1792,1764,28,0.984375,                1925  involuntary context switches\n         14814606283  instructions retired\n          3744684756  cycles elapsed\n            11321704  peak memory footprint,/Users/mac/Documents/Study/PFE/PaST/temp/phaseP_full_synthetic_freeze/per_instance/moves_exact_labeled_instance_100174_eps_92.csv,/Users/mac/Documents/Study/PFE/PaST/temp/phaseP_full_synthetic_freeze/per_instance/moves_broad_instance_100174_eps_92.csv
m40_n500_k350,m40_n500_k350,val,syn_vls_m40_n500_k350_s20289423,100172,20289423,40,500,350,3357,12,84,92,0.26285714,ok,1,0,0,1,1.782095,stageO_synthetic_dense_logging,1.792678,27295744,1792,1782,10,0.99441964,                2023  involuntary context switches\n         15691235155  instructions retired\n          4309656864  cycles elapsed\n            18809216  peak memory footprint,/Users/mac/Documents/Study/PFE/PaST/temp/phaseP_full_synthetic_freeze/per_instance/moves_exact_labeled_instance_100172_eps_92.csv,/Users/mac/Documents/Study/PFE/PaST/temp/phaseP_full_synthetic_freeze/per_instance/moves_broad_instance_100172_eps_92.csv
m40_n500_k500,m40_n500_k500,train,syn_vls_m40_n500_k500_s20290420,100175,20290420,40,500,500,3319,12,83,91,0.182,ok,1,0,0,1,1.286011,stageO_synthetic_dense_logging,1.299215,9633792,1792,1792,0,1.0,                 696  involuntary context switches\n         13664262647  instructions retired\n          3121373729  cycles elapsed\n             8847720  peak memory footprint,/Users/mac/Documents/Study/PFE/PaST/temp/phaseP_full_synthetic_freeze/per_instance/moves_exact_labeled_instance_100175_eps_91.csv,/Users/mac/Documents/Study/PFE/PaST/temp/phaseP_full_synthetic_freeze/per_instance/moves_broad_instance_100175_eps_91.csv
m40_n500_k500,m40_n500_k500,train,syn_vls_m40_n500_k500_s20290421,100176,20290421,40,500,500,3325,12,84,92,0.184,ok,1,0,0,1,2.459848,stageO_synthetic_dense_logging,2.470383,12992512,1792,1684,108,0.93973214,                1566  involuntary context switches\n         17509618257  instructions retired\n          5476709337  cycles elapsed\n            12255616  peak memory footprint,/Users/mac/Documents/Study/PFE/PaST/temp/phaseP_full_synthetic_freeze/per_instance/moves_exact_labeled_instance_100176_eps_92.csv,/Users/mac/Documents/Study/PFE/PaST/temp/phaseP_full_synthetic_freeze/per_instance/moves_broad_instance_100176_eps_92.csv
m40_n500_k500,m40_n500_k500,train,syn_vls_m40_n500_k500_s20290423,100178,20290423,40,500,500,3152,12,79,87,0.174,ok,1,0,0,1,1.300410,stageO_synthetic_dense_logging,1.311211,8404992,1792,1739,53,0.97042411,                 441  involuntary context switches\n         13825446182  instructions retired\n          3161705932  cycles elapsed\n             7651688  peak memory footprint,/Users/mac/Documents/Study/PFE/PaST/temp/phaseP_full_synthetic_freeze/per_instance/moves_exact_labeled_instance_100178_eps_87.csv,/Users/mac/Documents/Study/PFE/PaST/temp/phaseP_full_synthetic_freeze/per_instance/moves_broad_instance_100178_eps_87.csv
m40_n500_k500,m40_n500_k500,train,syn_vls_m40_n500_k500_s20290424,100179,20290424,40,500,500,3213,12,81,89,0.178,ok,1,0,0,1,1.283586,stageO_synthetic_dense_logging,1.300173,10207232,1792,1113,679,0.62109375,                 480  involuntary context switches\n         12794440656  instructions retired\n          3130702826  cycles elapsed\n             9453928  peak memory footprint,/Users/mac/Documents/Study/PFE/PaST/temp/phaseP_full_synthetic_freeze/per_instance/moves_exact_labeled_instance_100179_eps_89.csv,/Users/mac/Documents/Study/PFE/PaST/temp/phaseP_full_synthetic_freeze/per_instance/moves_broad_instance_100179_eps_89.csv
m40_n500_k500,m40_n500_k500,train,syn_vls_m40_n500_k500_s20290425,100180,20290425,40,500,500,3245,12,82,90,0.18,ok,1,0,0,1,1.060547,stageO_synthetic_dense_logging,1.088179,7307264,1792,1792,0,1.0,                 521  involuntary context switches\n         11996453509  instructions retired\n          2570210525  cycles elapsed\n             6570368  peak memory footprint,/Users/mac/Documents/Study/PFE/PaST/temp/phaseP_full_synthetic_freeze/per_instance/moves_exact_labeled_instance_100180_eps_90.csv,/Users/mac/Documents/Study/PFE/PaST/temp/phaseP_full_synthetic_freeze/per_instance/moves_broad_instance_100180_eps_90.csv
m40_n500_k500,m40_n500_k500,val,syn_vls_m40_n500_k500_s20290422,100177,20290422,40,500,500,3071,12,77,85,0.17,ok,1,0,0,1,1.090559,stageO_synthetic_dense_logging,1.105272,10256384,1792,1110,682,0.61941964,                 523  involuntary context switches\n         11291094604  instructions retired\n          2481638881  cycles elapsed\n             9519488  peak memory footprint,/Users/mac/Documents/Study/PFE/PaST/temp/phaseP_full_synthetic_freeze/per_instance/moves_exact_labeled_instance_100177_eps_85.csv,/Users/mac/Documents/Study/PFE/PaST/temp/phaseP_full_synthetic_freeze/per_instance/moves_broad_instance_100177_eps_85.csv
